"key";"source_en";"source_slot";"target";"note"
"GR_CH_Chr000#1";"Hyde";"Hyde";"";""
"GR_CH_Chr001#1";"Linne";"Linne";"";""
"GR_CH_Chr002#1";"Waldstein";"Waldstein";"";""
"GR_CH_Chr003#1";"Carmine";"Carmine";"";""
"GR_CH_Chr004#1";"Orie";"Orie";"";""
"GR_CH_Chr005#1";"Gordeau";"Gordeau";"";""
"GR_CH_Chr006#1";"Merkava";"Merkava";"";""
"GR_CH_Chr007#1";"Vatista";"Vatista";"";""
"GR_CH_Chr008#1";"Seth";"Seth";"";""
"GR_CH_Chr009#1";"Yuzuriha";"Yuzuriha";"";""
"GR_CH_Chr010#1";"Hilda";"Hilda";"";""
"GR_CH_Chr011#1";"Eltnum";"Eltnum";"";""
"GR_CH_Chr012#1";"Nanase";"Nanase";"";""
"GR_CH_Chr013#1";"Byakuya";"Byakuya";"";""
"GR_CH_Chr014#1";"Akatsuki";"Akatsuki";"";""
"GR_CH_Chr015#1";"Chaos";"Chaos";"";""
"GR_CH_Chr016#1";"Wagner";"Wagner";"";""
"GR_CH_Chr017#1";"Enkidu";"Enkidu";"";""
"GR_CH_Chr018#1";"Londrekia";"Londrekia";"";""
"GR_CH_Chr019#1";"Tsurugi";"Tsurugi";"";""
"GR_CH_Chr020#1";"Uzuki";"Uzuki";"";""
"GR_CH_Chr021#1";"Mika";"Mika";"";""
"GR_CH_Chr022#1";"Kaguya";"Kaguya";"";""
"GR_CH_Chr023#1";"Kuon";"Kuon";"";""
"GR_CH_Chr024#1";"Phonon";"Phonon";"";""
"GR_CH_Chr025#1";"Ogre";"Ogre";"";""
"GR_CH_Chr026#1";"Izumi";"Izumi";"";""
"GR_CH_Chr027#1";"Zohar";"Zohar";"";""
"GR_CH_Extra_LichtKreis#1";"Licht Kreis";"Licht Kreis";"Licht Kreis";""
"GR_CH_Extra_NotLichtKreis#1";"Anti-Licht Kreis";"Ostile al Licht Kreis";"Anti-Licht Kreis";""
"GR_CH_Extra_Young#1";"Young One";"Giovane";"Jovem";""
"GR_CH_Extra_NeatAndClean#1";"Tidy";"Perfezionista";"Caprichoso";""
"GR_CH_Extra_Earnest#1";"Serious";"Responsabile";"Sério";""
"GR_CH_Extra_Villain#1";"Evil";"Indole malvagia";"Vilão";""
"GR_CH_Extra_Emptyfist#1";"Empty-Handed";"Senza armi";"Mãos Livres";""
"GR_CH_Extra_Newbie#1";"Newcomer";"Principiante";"Novato";""
"GR_CH_Extra_Ruffian#1";"Ruffian";"Furfante";"Brigão";""
"GR_CH_Extra_Hydegroup#1";"Hyde Affiliated";"Complice di Hyde";"Aliado do Hyde";""
"GR_CH_Extra_NotHydegroup#1";"Anti-Hyde";"Ostile a Hyde";"Anti-Hyde";""
"GR_CH_Extra_Adultwoman#1";"Adult Woman";"Donna adulta";"Mulher Adulta";""
"GR_CH_Extra_Youngwoman#1";"Young Woman";"Giovane donna";"Moça";""
"GR_CH_Extra_Man#1";"Man";"Uomo";"Homem";""
"GR_CH_Extra_Woman#1";"Woman";"Donna";"Mulher";""
"GR_CH_Extra_Weaponpossession#1";"Armed";"Con armi";"Armado";""
"GR_CH_Extra_Grayhair#1";"White-Haired";"Capelli bianchi";"Cabelo Branco";""
"GR_CH_Extra_TAG#1";"Tag Battle Expert";"Specialista dei combattimenti di squadra";"Especialista em Dupla";""
"GR_CH_Extra_Polite#1";"Well-Mannered";"Buone maniere";"Educado";""
"GR_CH_Extra_Speed#1";"Speedy";"Veloce";"Veloz";""
"GR_CH_Extra_Power#1";"Powerful";"Potente";"Forte";""
"GR_CH_Extra_Justice#1";"Justice";"Indole buona";"Justiça";""
"GR_CH_Extra_Rare#1";"Rare";"Non comune";"Raro";""
"GR_NM_NPCName_Kuu#1";"Kuu";"Kuu";"";""
"GR_NM_NPCName_Hiroha#1";"Hiroha";"Hiroha";"";""
"GR_NM_NPCName_Tsukuyomi#1";"Tsukuyomi";"Tsukuyomi";"";""
"GR_NM_NPCName_Komatsu#1";"Komatsu";"Komatsu";"";""
"GR_NM_NPCName_Silvaria#1";"Silvaria";"Silvaria";"";""
"GR_NM_NPCName_Izumi#1";"Izumi";"Izumi";"";""
"GR_NM_NPCName_Lex#1";"Lex";"Lex";"";""
"GR_NM_NPCName_JJ#1";"J.J";"J.J";"";""
"GR_NM_NPCName_Tempest#1";"Tempest";"Tempest";"";""
"GR_NM_NPCName_Elefee#1";"Elefee";"Elefee";"";""
"GR_NM_NPCName_Doppelganger#1";"Doppelganger";"Doppelganger";"";""
"GR_BGM_btl_chr000#1";"Scraper Sky High";"Scraper Sky High";"";""
"GR_BGM_btl_chr001#1";"Night Walker";"Night Walker";"";""
"GR_BGM_btl_chr002#1";"Maximize Power!";"Maximize Power!";"";""
"GR_BGM_btl_chr003#1";"Bad Surface";"Bad Surface";"";""
"GR_BGM_btl_chr004#1";"Purity & Strictly";"Purity & Strictly";"";""
"GR_BGM_btl_chr005#1";"Rushing Heart";"Rushing Heart";"";""
"GR_BGM_btl_chr006#1";"Unseen Entities";"Unseen Entities";"";""
"GR_BGM_btl_chr007#1";"Snow Sisters";"Snow Sisters";"";""
"GR_BGM_btl_chr008#1";"Monochrome Memory";"Monochrome Memory";"";""
"GR_BGM_btl_chr009#1";"Walk Like a Lily";"Passi leggeri";"";""
"GR_BGM_btl_chr010#1";"Relatively Despair";"Relatively Despair";"";""
"GR_BGM_btl_chr011#1";"Blood Drain -Again-";"Blood Drain -Again-";"";""
"GR_BGM_btl_chr012#1";"Gallant Girl ""Sora yori Nagare, Hasiru Kaze""";"Gallant Girl ""Sora yori Nagare, Hasiru Kaze""";"";""
"GR_BGM_btl_chr013#1";"Beat Eat Nest";"Beat Eat Nest";"";""
"GR_BGM_btl_chr014#1";"Battle Begins -Again-";"Il combattimento inizia... di nuovo";"";""
"GR_BGM_btl_chr015#1";"Erudite Eyes";"Erudite Eyes";"";""
"GR_BGM_btl_chr016#1";"Flame & Destiny";"Flame & Destiny";"";""
"GR_BGM_btl_chr017#1";"Extreme Stream";"Extreme Stream";"";""
"GR_BGM_btl_chr018#1";"Icefield White Knight";"Icefield White Knight";"";""
"GR_BGM_btl_chr019#1";"Keep on Shining!";"Keep on Shining!";"";""
"GR_BGM_btl_chr020#1";"Pandemonium Party";"Pandemonium Party";"";""
"GR_BGM_btl_chr021#1";"Forceful Step";"Forceful Step";"";""
"GR_BGM_btl_chr022#1";"Tearing Bullet";"Tearing Bullet";"";""
"GR_BGM_btl_chr023#1";"Rebirth, Immortal Advent";"Rebirth, Immortal Advent";"";""
"GR_BGM_btl_chr024#1";"Sound of Night Wind";"Sound of Night Wind";"";""
"GR_BGM_btl_chr025#1";"Fierce battle? No way";"Fierce battle? No way";"";""
"GR_BGM_btl_chr026#1";"Elefee's Healing Magic";"Elefee's Healing Magic";"";""
"GR_BGM_btl_chr027#1";"Scouting.exe";"Scouting.exe";"";""
"GR_BGM_sys_main#1";"Long-await Final Screening";"Long-await Final Screening";"";""
"GR_BGM_sys_network#1";"Load Exist";"Load Exist";"";""
"GR_BGM_st_saidan#1";"Omen of Darkness";"Omen of Darkness";"";""
"GR_BGM_st_hazimari1#1";"Unbreakable Will";"Unbreakable Will";"";""
"GR_BGM_st_hazimari2#1";"Determination";"Determination";"";""
"GR_BGM_st_owari1#1";"Broken Chain";"Broken Chain";"";""
"GR_BGM_st_owari2#1";"Dark Awake";"Dark Awake";"";""
"GR_BGM_st_kyouteki1#1";"What a Coincidence";"What a Coincidence";"";""
"GR_BGM_st_kyouteki2#1";"Creeping Shadow";"Creeping Shadow";"";""
"GR_BGM_st_kyouteki3#1";"Inevitable Conflict";"Inevitable Conflict";"";""
"GR_BGM_op_uni2#1";"End of the Cycle";"Fine del ciclo";"";""
"GR_BGM_ed_good#1";"Don't Be Afraid";"Non aver paura";"";""
"GR_BGM_ed_bad#1";"Close Your Eyes";"Close Your Eyes";"";""
"GR_BGM_sys_continue#1";"Still Stand?";"Still Stand?";"";""
"GR_BGM_sys_gameover#1";"See You Somewhere...";"See You Somewhere...";"";""
"GR_BGM_sys_vsdemo#1";"Demons & Snakes";"Demons & Snakes";"";""
"GR_BGM_btl_chr005_vs_chr015#1";"Cross Thought";"Cross Thought";"";""
"GR_BGM_btl_chr000_vs_chr008#1";"Mutual Situation";"Mutual Situation";"";""
"GR_BGM_btl_chr016_vs_chr018#1";"Incompatible Relation";"Incompatible Relation";"";""
"GR_BGM_btl_chr010_old#1";"Overwhelm Despair";"Overwhelm Despair";"";""
"GR_BGM_sys_windemo#1";"No Medication";"No Medication";"";""
"GR_BGM_sys_chrselect#1";"Begin System Celestial...";"Begin System Celestial...";"";""
"GR_BG_Stage001#1";"Metropolitan Center: Intersection";"Centro città: incrocio";"";""
"GR_BG_Stage002#1";"High-Rise Building: Rooftop";"Grattacielo: tetto";"";""
"GR_BG_Stage003#1";"Quiet Park";"Parco tranquillo";"";""
"GR_BG_Stage004#1";"Riverside Area";"Spiazzo sul lungofiume";"";""
"GR_BG_Stage005#1";"Lower Freeway";"Sotto l'autostrada";"";""
"GR_BG_Stage006#1";"Beneath the Amber Overpass";"Sotto il ponte ambrato";"";""
"GR_BG_Stage007#1";"Bright Commercial District";"Quartiere commerciale illuminato";"";""
"GR_BG_Stage008#1";"Shrine of the Protector";"Santuario della protettrice";"";""
"GR_BG_Stage009#1";"Altar of Light and Dark";"Altare di Luce e Buio";"";""
"GR_BG_Stage010#1";"Crimson Parking Lot";"Parcheggio scarlatto";"";""
"GR_BG_Stage011#1";"Abandoned Building";"Edificio abbandonato";"";""
"GR_BG_Stage012#1";"Rumbling Factory";"Fabbrica rimbombante";"";""
"GR_BG_Stage013#1";"Sleepy Fountain Plaza";"Fontana sonnacchiosa";"";""
"GR_BG_Stage014#1";"Bloom-Strewn Former School";"Fra i ciliegi della vecchia scuola";"";""
"GR_BG_Stage015#1";"Cinema Cafeteria";"Caffetteria del cinema";"";""
"GR_BG_Stage016#1";"In Front of Momiji Alley";"Davanti alla viuzza dell'acero";"";""
"GR_BG_Stage017#1";"East Kanzakai: Playground";"Kanzakai est: parco giochi";"";""
"GR_BG_Stage018#1";"Cathedral of the Far East";"Cattedrale dell'estremo Oriente";"";""
"GR_BG_Stage019#1";"Museum of Light and Water";"Museo di Luce e Acqua";"";""
"GR_BG_Stage020#1";"Moonlit Observatory";"Osservatorio al chiaro di luna";"";""
"GR_BG_Stage021#1";"Evening School Grounds: Main Entrance";"Scuola serale: ingresso principale";"";""
"GR_BG_Stage022#1";"The Abyss: Altar of Aeon";"L'Abisso: altare dell'Eterno";"";""
"GR_BG_Stage023#1";"Night Pool of Glistening Haze";"Vasca notturna della foschia luccicante";"";""
"GR_BG_Stage024#1";"Forest of Amnesia - Desolate Sacred Ground";"Foresta dell'amnesia - Terra sacra desolata";"";""
"GR_BG_Stage025#1";"North Metropolis - Central Street";"Metropole Nord - Viale Centrale";"";""
"GR_BG_Stage026#1";"Deep Azure Aquarium";"Acquario azzurro profondo";"";""
"GR_BG_Stage027#1";"Tower in the Dark Night - Under Construction";"Torre nella notte oscura - In costruzione";"";""
"GR_BG_Stage028#1";"Seaside Warehouse District";"Distretto dei magazzini sul mare";"";""
"GR_BG_Stage090#1";"Training Stage";"Livello di addestramento";"";""
"GR_NM_RestoreDefaults#1";"Reset to default";"Ripristina predefinita";"Restaurar padrão ";""
"GR_HL_RestoreDefaults#1";"Resetting to default.";"Ripristino dell'impostazione predefinita.";"Restaurando o padrão.";""
"GR_NM_RestoreDefaultsAll#1";"Reset all to default";"Ripristina tutto a predefinite";"Restaurar tudo ao padrão ";""
"GR_HL_RestoreDefaultsAll#1";"Resetting all settings to default.";"Ripristino di tutte le impostazioni predefinite.";"Restaurando todas as configurações ao padrão.";""
"GR_NM_Start#1";"Start";"Avvia";"Iniciar ";""
"GR_NM_Confirm#1";"Confirm";"Conferma";"Confirmar ";""
"GR_NM_Return#1";"Return";"Indietro";"Voltar ";""
"GR_NM_Cancel#1";"Cancel";"Annulla";"Cancelar ";""
"GR_NM_Pass#1";"Pass";"Salta turno";"Pular ";""
"GR_NM_GameStart#1";"Start Game";"Avvia partita";"Iniciar jogo ";""
"GR_NM_AutoSave#1";"Auto-Save";"Salvataggio automatico";"Salvamento automático ";""
"GR_NM_Save#1";"Save";"Salva";"Salvar ";""
"GR_NM_AutoSkipVSScreen#1";"Auto-Skip Vs. Screen";"Salta sempre la schermata VS";"Pular tela de Vs.";""
"GR_MD_MainMenu#1";"Main Menu";"Menu principale";"Menu principal";""
"GR_MD_NetworkMode#1";"Network Mode";"Modalità Online";"Modo online";""
"GR_MD_PlayerMatch#1";"Player Match";"Partita";"Partida de jogador";""
"GR_MD_RankedMatch#1";"Ranked Match";"Partita classificata";"Partida ranqueada";""
"GR_MD_CasualMatch#1";"Casual Match";"Partita passatempo";"Partida casual";""
"GR_MD_CustomizeMode#1";"Customization";"Personalizzazione";"Personalização";""
"GR_MD_Option#1";"Options";"Opzioni";"Opções";""
"GR_MD_StoryMode#1";"Story Mode";"Modalità Storia";"Modo história";""
"GR_MD_ArcadeMode#1";"Arcade Mode";"Modalità Arcade";"Modo arcade";""
"GR_MD_VSMode#1";"Versus Mode";"Modalità Versus";"Modo versus";""
"GR_MD_CharacterSelect#1";"Character Select";"Selezione del personaggio";"Seleção de personagem";""
"GR_MD_Encounter#1";"Invade";"Invasione";"Invadir";""
"GR_MD_Continue#1";"Continue";"Continua";"Continuar";""
"GR_MD_GameOver#1";"Game Over";"Fine";"Fim de jogo";""
"GR_MD_VSScreen#1";"Vs. Screen";"Schermata VS";"Tela de Vs.";""
"GR_MD_Winner#1";"Victory Demo";"Scena di vittoria";"Demo de vitória";""
"GR_MD_ColorCustomize#1";"Color Customization";"Personalizzazione dei colori";"Personalização de cores";""
"GR_MD_Story#1";"Story";"Storia";"História";""
"GR_MD_ScoreAttack#1";"Score Attack";"Gioco a punti";"Pontuação";""
"GR_MD_TimeAttack#1";"Time Attack";"Gioco a tempo";"Contra o tempo";""
"GR_MD_Survival#1";"Survival";"Sopravvivenza";"Sobrevivência";""
"GR_MD_ComboMission#1";"Mission";"Missione";"Missões";""
"GR_MD_ReplayBoard#1";"Replay Board";"Bacheca dei replay";"Mural de replays";""
"GR_MD_BattleActivity#1";"Battle Activity";"Attività di combattimento";"Atividade de batalha";""
"GR_MD_PlayerProfile#1";"Player Profile";"Profilo giocatore";"Perfil do jogador";""
"GR_MD_RPRanking#1";"RIP Ranking";"Classifica PAC";"Ranking de RIP";""
"GR_MD_IRRanking#1";"IR Ranking";"Classifica IR";"Ranking de IR";""
"GR_MD_TotalVictoryRanking#1";"Total Wins Ranking";"Classifica vittorie totali";"Ranking de vitórias totais";""
"GR_MD_MonthlyVictoryRanking#1";"Monthly Wins Ranking";"Classifica vittorie mensili";"Ranking de vitórias do mês";""
"GR_MD_TotralWinningStreakRanking#1";"Winning Streak Ranking";"Classifica vittorie in serie";"Ranking de sequência de vitórias";""
"GR_MD_ScoreAttackRanking#1";"Score Attack Ranking";"Classifica Gioco a punti";"Ranking de pontuação";""
"GR_MD_TimeAttackRanking#1";"Time Attack Ranking";"Classifica Gioco a tempo";"Ranking de contra o tempo";""
"GR_MD_SurvivalRanking#1";"Survival Ranking";"Classifica Sopravvivenza";"Ranking de sobrevivência";""
"GR_MD_SinglePlay#1";"Single Player Mode";"Modalità Singolo";"Modo um jogador";""
"GR_MD_RootMenu#1";"Top Menu";"Menu principale";"Menu inicial";""
"GR_NM_GameDifficulty#1";"Game difficulty";"Difficoltà di gioco";"Dificuldade do jogo ";""
"GR_NM_Rounds#1";"Round count";"Numero di round";"Número de rounds ";""
"GR_NM_RoundTime#1";"Round time";"Durata round";"Tempo do round ";""
"GR_NM_Time_Infinite#1";"Unlimited";"Illimitata";"Ilimitado ";""
"GR_NM_Time_Long#1";"Long";"Lunga";"Longo ";""
"GR_NM_Time_Normal#1";"Normal";"Normale";"Normal ";""
"GR_NM_Time_Short#1";"Short";"Breve";"Curto ";""
"GR_NM_Time_Shortest#1";"Shortest";"Brevissima";"Mais curto ";""
"GR_NM_BattleMenu#1";"In-Battle Menu";"Menu di battaglia";"Menu durante a luta ";""
"GR_NM_ButtonImmediate#1";"Immediate";"Immediato";"Imediato ";""
"GR_NM_ButtonLongHold#1";"Hold";"Premuto";"Segurar ";""
"GR_NM_MasterVolume#1";"Master volume";"Volume principale";"Volume geral ";""
"GR_NM_BGMVolume#1";"BGM volume";"Volume musica di sottofondo";"Volume da música ";""
"GR_NM_ScenarioBGMVolume#1";"Story BGM volume";"Volume musica della storia";"Volume da música da história ";""
"GR_NM_SFXVolume#1";"SFX volume";"Volume effetti";"Volume dos efeitos ";""
"GR_NM_VoiceVolume#1";"Voice volume";"Volume voci";"Volume das vozes ";""
"GR_NM_RoundCall#1";"Round call";"Annuncio del round";"Anúncio do round ";""
"GR_NM_Keyword#1";"Keyword";"Parola chiave";"Palavra-chave ";""
"GR_NM_Default#1";"Default";"Predefinito";"Padrão ";""
"GR_NM_ScalingType#1";"Scaling type";"Tipo di variazione";"Tipo de escala ";""
"GR_BT_Weak#1";"Light attack";"Attacco leggero";"Ataque fraco";""
"GR_BT_Moderate#1";"Medium attack";"Attacco medio";"Ataque médio";""
"GR_BT_Strong#1";"Heavy attack";"Attacco pesante";"Ataque forte";""
"GR_BT_Shield#1";"Shield";"Scudo";"Escudo";""
"GR_BT_EXSAction#1";"EXS Action";"Azione EXS";"Ação EXS";""
"GR_BT_Restart#1";"Restart";"Riavvia";"Reiniciar";""
"GR_BT_DummyPlayback#1";"Play dummy";"Riproduci i movimenti";"Reproduzir dummy";""
"GR_BT_DummyRecording#1";"Record dummy";"Registra i movimenti";"Gravar dummy";""
"GR_BT_CheckButtonAssignments#1";"Assignment check";"Verifica assegnazioni";"Conferir botões";""
"GR_HL_Restart#1";"Restart training.";"Riavvia addestramento.";"Reiniciar o treino.";""
"GR_NM_Yes#1";"Yes";"Sì";"Sim ";""
"GR_NM_No#1";"No";"No";"Não ";""
"GR_NM_On#1";"On";"Sì";"Ligado ";""
"GR_NM_Off#1";"Off";"No";"Desligado ";""
"GR_NM_Show#1";"Display";"Mostra";"Exibir ";""
"GR_NM_NotShown#1";"Hide";"Nascondi";"Ocultar ";""
"GR_NM_NotShownWhenRandom#1";"Hide While Random";"Nascondi se casuale";"Ocultar se aleatório ";""
"GR_NM_NotShownAlsoRecording#1";"Hide Also During Recording";"Nascondi anche durante la registrazione";"Ocultar também ao gravar ";""
"GR_NM_Any#1";"Any";"Qualsiasi";"Qualquer ";""
"GR_NM_Anywhere#1";"Anywhere";"Dovunque";"Qualquer lugar ";""
"GR_NM_Anyone#1";"Anyone";"Chiunque";"Qualquer um ";""
"GR_NM_Same#1";"Same";"Uguale";"Igual ";""
"GR_NM_SameArea#1";"Same area";"Stessa area";"Mesma região ";""
"GR_NM_Random#1";"Random";"Casuale";"Aleatório ";""
"GR_NM_1orMore#1";"Above 1";"1 o più";"Acima de 1 ";""
"GR_NM_2orMore#1";"Above 2";"2 o più";"Acima de 2 ";""
"GR_NM_3orMore#1";"Above 3";"3 o più";"Acima de 3 ";""
"GR_NM_Only4#1";"Only 4";"Solo 4";"Apenas 4 ";""
"GR_NM_OnlyHighMatchCompletionRate#1";"High rate only";"Solo tassi elevati";"Só taxa alta ";""
"GR_NM_Voice_Encounter#1";"Invasions welcome";"Invasioni accettate";"Aceita invasões ";""
"GR_NM_Voice_Greetings#1";"Greeting";"Saluti";"Saudação ";""
"GR_NM_Voice_SelectCharacter#1";"Select character";"Selezione personaggio";"Escolher personagem ";""
"GR_NM_Voice_WaitingCharacter#1";"Character standby";"Personaggio in attesa";"Personagem em espera ";""
"GR_NM_Voice_BattleBegins#1";"Arrival sequence";"Sequenza di arrivo";"Entrada em cena ";""
"GR_NM_Voice_RoundWin#1";"Round win";"Round vinto";"Vitória no round ";""
"GR_NM_Voice_VictoryWin#1";"Set win";"Set vinto";"Vitória na luta ";""
"GR_NM_Voice_RoundLose#1";"Round loss";"Round perso";"Derrota no round ";""
"GR_NM_Voice_Lose#1";"Loss";"Sconfitta";"Derrota ";""
"GR_NM_Voice_Appeal#1";"Taunt";"Provocazione";"Provocação ";""
"GR_NM_Voice_NarrowVictory#1";"Narrow victory";"Vittoria strappata";"Vitória apertada ";""
"GR_NM_Voice_EasyVictory#1";"Easy victory";"Vittoria facile";"Vitória fácil ";""
"GR_NM_Voice_RannyuuDst#1";"Invader Bust";"Nuovo invasore";"Invasor derrotado ";""
"GR_CM_System_PlayerSide#1";"Player side";"Lato giocatore";"Lado do jogador";""
"GR_CM_System_OpponentSide#1";"Opponent side";"Lato avversario";"Lado do oponente";""
"GR_CM_System_Ground#1";"Ground";"A terra";"No chão";""
"GR_CM_System_Air#1";"Air";"In aria";"No ar";""
"GR_CM_System_Stand#1";"Standing";"In piedi";"Em pé";""
"GR_CM_System_Crouch#1";"Crouching";"Rannicchiato";"Abaixado";""
"GR_CM_System_Jump#1";"Jumping";"In salto";"Pulando";""
"GR_CM_System_ExEdge#1";"Ex Special";"Speciale EX";"Especial EX";""
"GR_CM_System_ArcDrive#1";"Infinite Worth";"Infinite Worth";"Infinite Worth";""
"GR_CM_System_LastArc#1";"Infinite Worth EXS";"Infinite Worth EXS";"Infinite Worth EXS";""
"GR_CM_System_MagicCircuit#1";"EXS Gauge";"Barra EXS";"Barra EXS";""
"GR_CM_System_MoonIcon#1";"GRD Icon";"Icona GRD";"Ícone GRD";""
"GR_CM_System_CounterHit#1";"Counter hit";"Colpo di contrasto";"Contra-ataque";""
"GR_CM_System_Counter#1";"Counter hit";"Colpo di contrasto";"Contra-ataque";""
"GR_CM_System_HighCounter#1";"High counter";"Contrasto violento";"Contra-ataque alto";""
"GR_CM_System_FirstAttack#1";"First attack";"Primo attacco";"Primeiro ataque";""
"GR_CM_System_Teching#1";"Throw break";"Interruzione di proiezione";"Defesa de agarrão";""
"GR_NM_Gallery_KeyArt#1";"Main visual";"Illustrazioni principali";"Arte principal ";""
"GR_NM_Gallery_Movie#1";"Movies";"Filmati";"Vídeos ";""
"GR_NM_Gallery_CharacterIllustration#1";"Character illustrations";"Illustrazioni dei personaggi";"Ilustrações de personagens ";""
"GR_NM_Gallery_TalkSeenIllustration#1";"Dialogue scene illustrations";"Illustrazioni delle scene di dialogo";"Ilustrações de diálogo ";""
"GR_NM_Gallery_TalkSeenIllustrationEx#1";"Special dialogue illustrations";"Illustrazioni dei dialoghi speciali";"Ilustrações especiais de diálogo ";""
"GR_NM_Gallery_EndingIllustration#1";"Ending illustrations";"Illustrazioni dei finali";"Ilustrações de final ";""
"GR_NM_Gallery_ChibiCharacterIllustration#1";"SD character illustrations";"Illustrazioni dei personaggi chibi";"Ilustrações SD ";""
"GR_NM_Gallery_WebSiteIllustration#1";"Web illustrations";"Illustrazioni sito web";"Ilustrações da web ";""
"GR_NM_Gallery_OpeningMovie#1";"Opening movie";"Filmato introduttivo";"Vídeo de abertura ";""
"GR_NM_Gallery_Voice#1";"Voices";"Voci";"Vozes ";""
"GR_NM_Gallery_Music#1";"Music";"Musica";"Músicas ";""
"GR_NM_Gallery_StageBGM#1";"Stage BGM";"Musica dei livelli";"Música dos cenários ";""
"GR_NM_Gallery_GuestIllustration#1";"Guest illustrations";"Illustrazioni aggiuntive";"Ilustrações convidadas ";""
"GR_NM_Category_CutinIllustration#1";"Cutscene illustrations";"Illustrazioni dei filmati intermedi";"Ilustrações de cena ";""
"GR_NM_Category_Illustration#1";"Illustrations";"Illustrazioni";"Ilustrações ";""
"GR_NM_Category_CharacterLove#1";"Character love";"Amore per i personaggi";"Afinidade de personagem ";""
"GR_NM_Category_PixcelArt#1";"Pixel art";"Pixel art";"Pixel art ";""
"GR_NM_Category_ChibiPixcelArt#1";"Chibi characters";"Personaggi chibi";"Personagens chibi ";""
"GR_NM_Category_All#1";"All";"Tutto";"Tudo ";""
"GR_NM_Category_Normal#1";"Normal";"Normale";"Normal ";""
"GR_NM_Category_Special#1";"Special";"Speciale";"Especial ";""
"GR_NM_Category_Other#1";"Other";"Altro";"Outros ";""
"GR_NM_Category_Acquired#1";"Acquired";"Ottenuto";"Obtidos ";""
"GR_NM_Category_UnAcquired#1";"Unacquired";"Non ottenuto";"Não obtidos ";""
"GR_NM_Category_AllOutBattle#1";"Serious match";"Partita seria";"Partida séria ";""
"GR_NM_Category_CasualBattle#1";"Casual match";"Partita passatempo";"Partida casual ";""
"GR_NM_Category_Practice#1";"Practice";"Allenamento";"Treino ";""
"GR_NM_Character#1";"Character";"Personaggio";"Personagem ";""
"GR_NM_OtherCharacters#1";"Other character";"Altro personaggio";"Outro personagem ";""
"GR_NM_Message_Subject#1";"Subject";"Soggetto";"Sujeito ";""
"GR_NM_Message_Predicate#1";"Predicate";"Predicato";"Predicado ";""
"GR_NM_Title#1";"Title";"Titolo";"Título ";""
"GR_NM_Gallery_SelectedVoice#1";"Selected audio";"Voce selezionata";"Áudio selecionado ";""
"GR_MS_Spend_CP_to_unlock_this_item#1";"IP required to unlock. Unlock this item?";"PI per sbloccare. Sbloccare questo elemento?";"É preciso IP para desbloquear. Desbloquear este item?";""
"GR_MS_You_dont_have_enough_CP#1";"Insufficient IP.";"PI insufficienti.";"IP insuficiente.";""
"GR_HL_Option_ChangeTheAutoSave#1";"Toggle Auto-Save on/off.";"Attiva/Disattiva salvataggio automatico.";"Liga e desliga o salvamento automático.";""
"GR_HL_Option_SaveTheData#1";"Save data.";"Salva i dati.";"Salva os dados.";""
"GR_HL_Option_ChangeTheAutomaticSkipVSScreen#1";"Toggle auto-skipping of pre-battle Vs. screens.";"Attiva/Disattiva il salto automatico della schermata VS pre-scontro.";"Liga e desliga o pulo automático da tela de Vs. antes da luta.";""
"GR_HL_Option_ChangeTheAutomaticSkipVSScreenInNetwork#1";"Toggle auto-skipping of pre-battle Vs. screens in network battles.";"Attiva/Disattiva il salto automatico della schermata VS pre-scontro nelle battaglie online.";"Liga e desliga o pulo automático da tela de Vs. nas lutas online.";""
"GR_HL_Option_ChangeTheDisplayLanguageInTheGame#1";"Change in-game display language.";"Modifica la lingua del gioco.";"Muda o idioma exibido no jogo.";""
"GR_HL_Option_RestoreTheDefaultSettings#1";"Reset settings to default.";"Ripristina le impostazioni predefinite.";"Restaura as configurações padrão.";""
"GR_HL_Option_ReturnToMainMenu#1";"Return to main menu screen.";"Torna alla schermata del menu principale.";"Volta para o menu principal.";""
"GR_HL_Option_ChangeTheMasterVolume#1";"Adjust the overall volume.";"Regola il volume generale.";"Ajusta o volume geral.";""
"GR_HL_Option_ChangeTheBGMVolume#1";"Adjust the BGM volume.";"Regola il volume della musica dei livelli.";"Ajusta o volume da música.";""
"GR_HL_Option_ChangeTheSFXVolume#1";"Adjust sound effect volume.";"Regola il volume degli effetti sonori.";"Ajusta o volume dos efeitos sonoros.";""
"GR_HL_Option_ChangeTheVoiceVolume#1";"Adjust character voice volume.";"Regola il volume della voce dei personaggi.";"Ajusta o volume das vozes.";""
"GR_HL_Option_ChangeTheRoundCallVoice#1";"Adjust round call voice volume.";"Regola il volume di annuncio del round.";"Ajusta o volume do anúncio do round.";""
"GR_HL_Option_ChangeTheScallingType#1";"Change scaling type.";"Modifica il tipo di variazione.";"Muda o tipo de escala da imagem.";""
"GR_HL_Option_ChangeTheDificultOfTheCPU#1";"Change CPU strength. The higher the number, the stronger.";"Modifica la forza della CPU. Più alto è il numero, più forti saranno i personaggi IA.";"Muda a força da CPU. Quanto maior o número, mais forte.";""
"GR_HL_Rounds_Story#1";"Change the number of rounds needed to win in Arcade Mode.";"Modifica il numero di round necessari per vincere in modalità Arcade.";"Muda quantos rounds são precisos para vencer no modo arcade.";""
"GR_HL_Rounds_VS#1";"Change the number of rounds needed to win in Versus Mode.";"Modifica il numero di round necessari per vincere in modalità Versus.";"Muda quantos rounds são precisos para vencer no modo versus.";""
"GR_HL_RoundTime_Story#1";"Change the round length in Arcade Mode.";"Modifica la durata dei round in modalità Arcade.";"Muda a duração do round no modo arcade.";""
"GR_HL_RoundTime_VS#1";"Change the round length in Versus Mode.";"Modifica la durata dei round in modalità Versus.";"Muda a duração do round no modo versus.";""
"GR_HL_BattleMenu#1";"Change the length of the button press required to open the menu during a match.";"Modifica il tempo di pressione del pulsante richiesto per aprire il menu durante una partita.";"Muda por quanto tempo é preciso segurar o botão para abrir o menu na luta.";""
"GR_HL_GameStart#1";"Start the game.";"Avvia la partita.";"Começa o jogo.";""
"GR_NM_RematchLimit#1";"Maximum rematches";"Limite di rivincite";"Limite de revanches ";""
"GR_HL_RematchLimit#1";"Set the maximum number of rematches.⏎The player that wins the specified number of times is the overall winner.";"Imposta il numero massimo di partite di rivincita.⏎Chi vince il numero specificato di volte conquista la vittoria generale.";"Define o número máximo de revanches.⏎Quem vencer a quantidade definida de vezes é o vencedor geral.";""
"GR_NM_LanguageSettings#1";"Display language";"Lingua dei testi";"Idioma exibido ";""
"GR_LN_Jp#1";"Japanese";"Giapponese";"Japonês";""
"GR_LN_En#1";"English";"Inglese";"Inglês";""
"GR_LN_Zh_TW#1";"Chinese (Traditional)";"Cinese (tradizionale)";"Chinês (tradicional)";""
"GR_LN_Zh_CN#1";"Chinese (Simplified)";"Cinese (semplificato)";"Chinês (simplificado)";""
"GR_LN_Ko#1";"Korean";"Coreano";"Coreano";""
"GR_LN_Fr#1";"French";"Francese";"Francês";""
"GR_LN_It#1";"Italian";"Italiano";"PT-BR";""
"GR_LN_De#1";"German";"Tedesco";"Alemão";""
"GR_LN_Es#1";"Spanish";"Spagnolo";"Espanhol";""
"GR_NM_AutoSave_Replay#1";"Auto-save replay data";"Salva automaticamente i dati di replay";"Salvar replays automaticamente ";""
"GR_MD_PlayerMatch_Spectate#1";"Spectate player match";"Assisti a una partita";"Assistir partida de jogador";""
"GR_NM_SystemSettings#1";"System settings";"Impostazioni di sistema";"Configurações do sistema ";""
"GR_NM_GameSettings#1";"Game settings";"Impostazioni di gioco";"Configurações de jogo ";""
"GR_NM_ArcadeSetting#1";"Story settings";"Impostazioni della storia";"Configurações da história ";""
"GR_NM_VersusPlayerSettings#1";"Versus player settings";"Impostazioni giocatore Versus";"Configurações de versus (jogador) ";""
"GR_NM_VersusCPUSettings#1";"Versus CPU settings";"Impostazioni CPU Versus";"Configurações de versus (CPU) ";""
"GR_NM_WatchSettings#1";"Watch settings";"Impostazioni spettatore";"Configurações de observação ";""
"GR_NM_SoundSettings#1";"Sound settings";"Impostazioni audio";"Configurações de som ";""
"GR_NM_DisplaySettings#1";"Display settings";"Impostazioni di visualizzazione";"Configurações de tela ";""
"GR_NM_ButtonSettings#1";"Button settings";"Impostazioni dei comandi";"Configurações de botões ";""
"GR_NM_MessageSettings#1";"Message settings";"Impostazioni dei messaggi";"Configurações de mensagem ";""
"GR_NM_Close#1";"Close";"Chiudi";"Fechar ";""
"GR_HL_Training_Close#1";"Close the menu and return to game.";"Chiudi il menu e torna al gioco.";"Fecha o menu e volta para o jogo.";""
"GR_NM_CommandList#1";"Command List";"Elenco dei comandi";"Lista de comandos ";""
"GR_HL_CommandList#1";"Open the Command List to view characters' special attack inputs and more.";"Apri l'Elenco dei comandi per visualizzare gli input di attacco speciale del personaggio e molto altro.";"Abre a lista de comandos para ver os golpes especiais do personagem e mais.";""
"GR_HL_SoundSettings#1";"Change the sound settings.⏎You can change the BGM, SFX, and voice volumes individually.";"Modifica le impostazioni dei suoni.⏎Puoi cambiare i volumi di musica di sottofondo, effetti sonori e voci.";"Muda as configurações de som.⏎Dá para ajustar música, efeitos e vozes separadamente.";""
"GR_HL_ButtonSettings#1";"Change the button settings.⏎You can assign buttons and configure input macros.";"Modifica le impostazioni dei pulsanti.⏎Puoi assegnare i pulsanti e configurare gli input.";"Muda as configurações de botões.⏎Dá para remapear botões e criar macros de comando.";""
"GR_HL_SystemSettings#1";"Change the system settings.⏎You can change auto-save options and display languages.";"Modifica le impostazioni di sistema.⏎Puoi cambiare le opzioni di salvataggio automatico e la lingua dei testi.";"Muda as configurações do sistema.⏎Dá para alterar o salvamento automático e o idioma.";""
"GR_HL_GameSettings#1";"Change the overall game settings.⏎You can adjust the difficulty and configure input lag.";"Modifica le impostazioni generali di gioco.⏎Puoi regolare la difficoltà e configurare la latenza degli input.";"Muda as configurações gerais do jogo.⏎Dá para ajustar a dificuldade e o atraso de comando.";""
"GR_HL_ReplaySettings#1";"Change the replay data save settings.⏎You can change auto-save options for each game mode.";"Modifica le impostazioni di salvataggio dei dati di replay.⏎Puoi cambiare le opzioni di salvataggio automatico per ogni modalità di gioco.";"Muda como os replays são salvos.⏎Dá para configurar o salvamento automático de cada modo.";""
"GR_NM_ReturnToCharacterSelect#1";"Return to Character Select";"Torna alla selezione del personaggio";"Voltar à seleção de personagem ";""
"GR_HL_ReturnToCharacterSelect#1";"End the current mode and return to character select.";"Termina la modalità in corso e torna alla selezione del personaggio.";"Encerra o modo atual e volta para a seleção de personagem.";""
"GR_NM_ReturnToMainMenu#1";"Return to Main Menu";"Torna al menu principale";"Voltar ao menu principal ";""
"GR_HL_ReturnToMainMenu#1";"End the current mode and return to the main menu.";"Termina la modalità in corso e torna al menu principale.";"Encerra o modo atual e volta para o menu principal.";""
"GR_NM_ReturnToRankedMatchMenu#1";"Return to Ranked Match Menu";"Torna al menu Partita classificata";"Voltar ao menu de partida ranqueada ";""
"GR_HL_ReturnToRankedMatchMenu#1";"End the current mode and return to the ranked match menu.";"Termina la modalità in corso e torna al menu della partita classificata.";"Encerra o modo atual e volta para o menu de partida ranqueada.";""
"GR_NM_ReturnToSinglePlayMenu#1";"Return to Single Play Menu";"Torna al menu Singolo";"Voltar ao menu de um jogador ";""
"GR_HL_ReturnToSinglePlayMenu#1";"End the current mode and return to the single play menu.";"Termina la modalità in corso e torna al menu di gioco in singolo.";"Encerra o modo atual e volta para o menu de um jogador.";""
"GR_NM_ReturnToReplayMenu#1";"Return to Replay Menu";"Torna al menu Replay";"Voltar ao menu de replays ";""
"GR_HL_ReturnToReplayMenu#1";"End the current mode and return to the replay menu.";"Termina la modalità in corso e torna al menu del replay.";"Encerra o modo atual e volta para o menu de replays.";""
"GR_NM_ReturnToNetworkMenu#1";"Return to Network Menu";"Torna al menu Online";"Voltar ao menu online ";""
"GR_HL_ReturnToNetworkMenu#1";"End the current mode and return to the network menu.";"Termina la modalità in corso e torna al menu di gioco online.";"Encerra o modo atual e volta para o menu online.";""
"GR_NM_ReturnToNetworkRoom#1";"Return to Room";"Torna alla stanza";"Voltar para a sala ";""
"GR_HL_ReturnToNetworkRoom#1";"End the current mode and return to the room.";"Termina la modalità in corso e torna alla stanza.";"Encerra o modo atual e volta para a sala.";""
"GR_NM_Retry#1";"Retry";"Riprova";"Tentar de novo ";""
"GR_HL_Retry#1";"Retry the challenge.";"Ritenta la sfida.";"Tenta o desafio de novo.";""
"GR_NM_NextChallenge#1";"Next challenge";"Prossima sfida";"Próximo desafio ";""
"GR_HL_NextChallenge#1";"Proceed to the next challenge.";"Procedi alla sfida successiva.";"Avança para o próximo desafio.";""
"GR_NM_ReturnToChallengeSelect#1";"Return to Challenge Select Screen";"Torna alla schermata Selezione sfida";"Voltar à seleção de desafios ";""
"GR_HL_ReturnToChallengeSelect#1";"Return to the challenge select screen.";"Torna alla schermata di selezione della sfida.";"Volta para a tela de seleção de desafios.";""
"GR_NM_ViewDemo#1";"Watch demo";"Guarda demo";"Ver demonstração ";""
"GR_HL_ViewDemo#1";"Watch a demonstration of the challenge. You can pause during the demo to select Start Demo Assist.";"Guarda una dimostrazione della sfida. Puoi mettere il gioco in pausa durante la demo per selezionare Avvia assistenza demo.";"Mostra uma demonstração do desafio. Dá para pausar durante a demo e ativar a ajuda.";""
"GR_NM_StartMissionAssistance#1";"Start demo assist";"Avvia assistenza demo";"Ativar ajuda da demo ";""
"GR_HL_StartMissionAssistance#1";"Start the demo assistance. (This will not count as completing the challenge.)";"Avvia l'assistenza durante la demo. (Non conterà ai fini del completamento della sfida.)";"Ativa a ajuda da demonstração. (Não conta como desafio concluído.)";""
"GR_NM_EndMissionAssistance#1";"End demo assist";"Termina assistenza demo";"Encerrar ajuda da demo ";""
"GR_HL_EndMissionAssistance#1";"Ends the demo assistance.";"Termina l'assistenza durante la demo.";"Encerra a ajuda da demonstração.";""
"GR_NM_ViewExplanation#1";"View explanation";"Vedi spiegazione";"Ver explicação ";""
"GR_HL_ViewExplanation#1";"View the explanation of the challenge.";"Visualizza la spiegazione della sfida.";"Mostra a explicação do desafio.";""
"GR_NM_AutoRestart#1";"Auto-retry on failure";"Nuovo tentativo automatico";"Repetir ao falhar ";""
"GR_HL_AutoRestart#1";"Toggle whether to automatically retry failed challenges.";"Scegli se avviare un nuovo tentativo in automatico quando fallisci una sfida.";"Define se os desafios falhados são repetidos automaticamente.";""
"GR_NM_GoToTrainingMode#1";"Go To Training Mode";"Alla modalità Addestramento";"Ir para o modo treino ";""
"GR_HL_GoToTrainingMode#1";"End Mission Mode and go to Training Mode.";"Termina la modalità Missione e vai alla modalità Addestramento.";"Encerra o modo missões e vai para o modo treino.";""
"GR_NM_BattleSpeed#1";"Battle speed";"Velocità di combattimento";"Velocidade da luta ";""
"GR_HL_BattleSpeed#1";"Adjusts the battle speed.";"Regola la velocità di combattimento.";"Ajusta a velocidade da luta.";""
"GR_NM_DisplayInputHistory#1";"Display input history";"Mostra cronologia degli input";"Exibir histórico de comandos ";""
"GR_HL_DisplayInputHistory#1";"Toggle whether to display the input history.";"Scegli se mostrare la cronologia degli input.";"Define se o histórico de comandos aparece na tela.";""
"GR_NM_DisplayDamageInformation#1";"Damage info display";"Visualizzazione info danno";"Exibir dano ";""
"GR_HL_DisplayDamageInformation#1";"Toggle whether to display damage information.";"Scegli se mostrare le informazioni sul danno.";"Define se as informações de dano aparecem na tela.";""
"GR_NM_AutoDisplay#1";"Auto-message";"Messaggi automatici";"Avanço automático ";""
"GR_NM_MessageDisplaySpeed#1";"Message display speed";"Velocità di visualizzazione messaggi";"Velocidade das mensagens ";""
"GR_NM_Settings_Normal#1";"Standard";"Standard";"Padrão ";""
"GR_NM_Settings_Instant#1";"Instantaneous";"Istantanea";"Instantâneo ";""
"GR_NM_ReturnToScenarioSelect#1";"Return to Scenario Select screen";"Torna alla schermata Selezione scenario";"Voltar à seleção de cenários ";""
"GR_NM_RemoveMessageWindow#1";"Hide Message Window";"Nascondi finestra messaggio";"Ocultar caixa de texto ";""
"GR_NM_DisplayBacklog#1";"Display log";"Registro di visualizzazione";"Ver histórico ";""
"GR_NM_SkipMessage#1";"Skip message";"Salta messaggio";"Pular mensagem ";""
"GR_NM_SkipDialogue#1";"Skip dialogue";"Salta dialogo";"Pular diálogo ";""
"GR_DM_SkipDialogue#1";"Skip the dialogue?";"Saltare il dialogo?";"Pular o diálogo?";""
"GR_MS_CheckingForDLC#1";"Checking add-on.";"Verifica dei contenuti aggiuntivo.";"Verificando conteúdo adicional.";""
"GR_NM_Customize_JP_A#1";"Page 1";"Pagina 1";"Página 1 ";""
"GR_NM_Customize_JP_KA#1";"Page 2";"Pagina 2";"Página 2 ";""
"GR_NM_Customize_JP_SA#1";"Page 3";"Pagina 3";"Página 3 ";""
"GR_NM_Customize_JP_TA#1";"Page 4";"Pagina 4";"Página 4 ";""
"GR_NM_Customize_JP_NA#1";"Page 5";"Pagina 5";"Página 5 ";""
"GR_NM_Customize_JP_HA#1";"Page 6";"Pagina 6";"Página 6 ";""
"GR_NM_Customize_JP_MA#1";"Page 7";"Pagina 7";"Página 7 ";""
"GR_NM_Customize_JP_YA#1";"Page 8";"Pagina 8";"Página 8 ";""
"GR_NM_Customize_JP_RA#1";"Page 9";"Pagina 9";"Página 9 ";""
"GR_NM_Customize_JP_WA#1";"Page 10";"Pagina 10";"Página 10 ";""
"GR_NM_Customize_SYM#1";"ASCII";"ASCII";"ASCII ";""
"GR_NM_Color#1";"Color";"Colore";"Cor ";""
"GR_NM_ChangeCharacter#1";"Change character";"Cambia personaggio";"Trocar personagem ";""
"GR_NM_CustomColor#1";"Custom color";"Colore personalizzato";"Cor personalizada ";""
"GR_NM_ColorCustomize_Base#1";"Base";"Base";"Base ";""
"GR_NM_ColorCustomize_Parts#1";"Parts";"Parti";"Partes ";""
"GR_NM_CopyCustomColor#1";"Copy custom color";"Copia colore personalizzato";"Copiar cor personalizada ";""
"GR_NM_AutoPass#1";"Auto-pass";"Salta in automatico";"Passar automaticamente ";""
"GR_NM_SkipTime#1";"Skip time";"Intervallo di salto";"Tempo para pular ";""
"GR_NM_Network_AreaSettings#1";"Area settings";"Impostazioni dell'area";"Configurações de região ";""
"GR_NM_Network_SetLowestRank#1";"Set lowest rank";"Imposta piazzamento minimo";"Rank mínimo ";""
"GR_NM_Network_SetHighestRank#1";"Set highest rank";"Imposta piazzamento massimo";"Rank máximo ";""
"GR_NM_Network_CommunicationSpeedSettings#1";"Connection speed settings";"Impostazioni di velocità di connessione";"Configurações de conexão ";""
"GR_NM_Category_AllowShareFunctions#1";"Allow share function";"Abilita la funzione SHARE";"Permitir compartilhamento ";""
"GR_NM_Network_ConsecutiveSamePlayer#1";"Consecutive matching with the same player";"Partite consecutive con la stessa persona";"Partidas seguidas com o mesmo jogador ";""
"GR_NM_Network_ShowPlayingPlayer#1";"Player display during match";"Mostra visuale giocatore";"Exibir jogador durante a partida ";""
"GR_NM_Network_RoomName#1";"Room name";"Nome della stanza";"Nome da sala ";""
"GR_NM_Network_RoomInformation#1";"Room information";"Informazioni sulla stanza";"Informações da sala ";""
"GR_NM_Network_RoomDirection#1";"Room policies";"Regole della stanza";"Regras da sala ";""
"GR_NM_Network_RoomType#1";"Room type";"Tipo di stanza";"Tipo de sala ";""
"GR_NM_Network_RoomCapacity#1";"Room capacity";"Capienza della stanza";"Capacidade da sala ";""
"GR_NM_Network_CreateRoom#1";"Create room";"Crea stanza";"Criar sala ";""
"GR_NM_Network_SearchRoom#1";"Search room";"Cerca stanza";"Buscar sala ";""
"GR_NM_Network_RoomSettings#1";"Room settings";"Impostazioni della stanza";"Configurações da sala ";""
"GR_NM_Network_ChangeRoomSettings#1";"Change room settings";"Modifica impostazioni stanza";"Mudar configurações da sala ";""
"GR_NM_Network_RoomSeachSettings#1";"Room search settings";"Impostazioni di ricerca della stanza";"Configurações de busca de sala ";""
"GR_NM_Network_RoomCreationSettings#1";"Room creation settings";"Impostazioni di creazione della stanza";"Configurações de criação de sala ";""
"GR_NM_Network_RoomSeachResults#1";"Room search results";"Risultati di ricerca della stanza";"Resultados da busca ";""
"GR_NM_Network_ShowFullRoom#1";"Display full rooms";"Mostra stanze piene";"Exibir salas lotadas ";""
"GR_NM_Network_SpeedRestrictions#1";"Connection speed restrictions";"Limitazioni di velocità connessione";"Restrição de velocidade ";""
"GR_NM_Network_CommunicationSpeed#1";"Connection speed";"Velocità di connessione";"Velocidade da conexão ";""
"GR_NM_Network_Restrictions#1";"Rank restrictions";"Limitazioni di rango";"Restrição de rank ";""
"GR_NM_Network_SimilarLevel#1";"About the same rank";"Rango simile";"Rank parecido ";""
"GR_NM_Network_ConsecutivePlay#1";"Consecutive play restrictions";"Limite di partite consecutive";"Restrição de partidas seguidas ";""
"GR_NM_Network_OnlineTraining#1";"Online training";"Addestramento online";"Treino online ";""
"GR_NM_Network_PlayerSeachSettings#1";"Player search settings";"Impostazioni di ricerca dell'avversario";"Configurações de busca de jogador ";""
"GR_NM_Network_SeachModeSettings#1";"Search Mode settings";"Impostazioni di ricerca";"Configurações do modo de busca ";""
"GR_NM_Network_QuickSeach#1";"Quick search";"Ricerca rapida";"Busca rápida ";""
"GR_NM_Network_CustomSeach#1";"Custom search";"Ricerca personalizzata";"Busca personalizada ";""
"GR_NM_Network_WaitingInTrainingMode#1";"Stand by in Training Mode";"Attesa in modalità Addestramento";"Esperar no modo treino ";""
"GR_NM_Network_RoomMaster#1";"Room master";"Leader della stanza";"Dono da sala ";""
"GR_NM_Network_DayTimeRommCreated#1";"Date and time of room creation";"Data e orario di creazione della stanza";"Data e hora de criação da sala ";""
"GR_NM_Network_ConfirmInvitationMessage#1";"Confirm invitation message";"Conferma messaggio di invito";"Conferir convite ";""
"GR_NM_Network_MaxRP#1";"Max RIP";"PAC max";"RIP máximo ";""
"GR_NM_Network_MaxRPandIR#1";"Max RIP / IR";"PAC / IR max";"RIP / IR máximos ";""
"GR_NM_Network_MaxRPChatacter#1";"Max RIP character";"PAC max personaggio";"Personagem de maior RIP ";""
"GR_NM_Settings_NormalSlot#1";"Normal slot";"Posto standard";"Vaga normal ";""
"GR_NM_Settings_InviteSlot#1";"Invitation slot";"Posto su invito";"Vaga de convite ";""
"GR_NM_None#1";"None";"Nessuno";"Nenhum ";""
"GR_NM_NoRematch#1";"No rematches";"Nessuna rivincita";"Sem revanche ";""
"GR_NM_Hardware#1";"Hardware";"Hardware";"Plataforma ";""
"GR_NM_SameAsYou#1";"Same as you";"Come te";"Igual ao seu ";""
"GR_NM_Allow#1";"Allow";"Permetti";"Permitir ";""
"GR_NM_NotAllowed#1";"Forbid";"Vieta";"Proibir ";""
"GR_NM_Battle#1";"Battle";"Battaglia";"Luta ";""
"GR_NM_1People#1";"1 person";"1 persona";"1 pessoa ";""
"GR_NM_2People#1";"2 people";"2 persone";"2 pessoas ";""
"GR_NM_3People#1";"3 people";"3 persone";"3 pessoas ";""
"GR_NM_4People#1";"4 people";"4 persone";"4 pessoas ";""
"GR_NM_5People#1";"5 people";"5 persone";"5 pessoas ";""
"GR_NM_6People#1";"6 people";"6 persone";"6 pessoas ";""
"GR_NM_7People#1";"7 people";"7 persone";"7 pessoas ";""
"GR_NM_8People#1";"8 people";"8 persone";"8 pessoas ";""
"GR_NM_9People#1";"9 people";"9 persone";"9 pessoas ";""
"GR_NM_3-5People#1";"3-5 people";"3-5 persone";"3 a 5 pessoas ";""
"GR_NM_6orMorePeople#1";"6 or more people";"6 o più persone";"6 ou mais pessoas ";""
"GR_NM_RotationStyle#1";"Rotation format";"Sistema di rotazione";"Formato de rodízio ";""
"GR_NM_Rule_WinnerStays#1";"Winner stays";"Chi vince rimane";"Quem ganha fica ";""
"GR_NM_Rule_LoserStays#1";"Loser stays";"Chi perde rimane";"Quem perde fica ";""
"GR_NM_Rule_DoNotChange#1";"No rotation";"Nessuna rotazione";"Sem rodízio ";""
"GR_NM_Rule_BothChange#1";"Both leave";"Nessuno rimane";"Os dois saem ";""
"GR_NM_Rule_Keep1PSide#1";"1P side stays";"Lato G1 rimane";"Lado 1P fica ";""
"GR_NM_Rule_Keep2PSide#1";"2P side stays";"Lato G2 rimane";"Lado 2P fica ";""
"GR_NM_Unlimited#1";"Unlimited";"Illimitata";"Ilimitado ";""
"GR_NM_NumberOfMembers#1";"Number of members";"Numero di partecipanti";"Número de participantes ";""
"GR_NM_DayTimeJoined#1";"Time and date joined";"Orario e data di ingresso";"Data e hora de entrada ";""
"GR_NM_Acquiring#1";"Reading";"Lettura dei dati...";"Carregando ";""
"GR_NM_Error#1";"Error";"Errore";"Erro ";""
"GR_NM_Auto#1";"Auto";"Automatico";"Automático ";""
"GR_NM_Level_Novice#1";"Novice";"Debuttante";"Iniciante ";""
"GR_NM_Level_Beginner#1";"Beginner";"Principiante";"Principiante ";""
"GR_NM_Level_Intermediate#1";"Intermediate";"Intermedio";"Intermediário ";""
"GR_NM_Level_Expert#1";"Advanced";"Avanzato";"Avançado ";""
"GR_NM_Level_Veteran#1";"Expert";"Esperto";"Especialista ";""
"GR_NM_Victory_Generic#1";"General wins";"Vittorie generiche";"Vitórias gerais ";""
"GR_NM_Victory_SpecificOpponents#1";"Specific wins";"Vittorie specifiche";"Vitórias específicas ";""
"GR_NM_Victory_SpecificOpponentsOnlyStory#1";"Story wins";"Vittorie nella storia";"Vitórias na história ";""
"GR_NM_Victory_3StreakWin#1";"3-win streak";"Serie di 3 vittorie";"Sequência de 3 ";""
"GR_NM_Victory_10StreakWin#1";"10-win streak";"Serie di 10 vittorie";"Sequência de 10 ";""
"GR_NM_SpecialBattleDirection#1";"Special battle";"Battaglia speciale";"Luta especial ";""
"GR_MS_Test_StartControllerSettings#1";"Please press the Options button on the controller you want to configure.";"Premi il pulsante delle opzioni sul controller che desideri configurare.";"Aperte o botão Options no controle que você quer configurar.";""
"GR_MS_RemoveMenuWindow#1";"Hide menu";"Nascondi menu";"Ocultar menu";""
"GR_HL_RemoveMenuWindow#1";"Temporarily close the menu screen and display the game screen.";"Chiudi temporaneamente il menu e mostra la schermata di gioco.";"Fecha o menu por um instante para mostrar a tela do jogo.";""
"GR_NM_TrainingBasics#1";"Training basics";"Basi dell'addestramento";"Básico do treino ";""
"GR_HL_TrainingBasics#1";"You can view the command list or end Training Mode.";"Visualizza l'elenco dei comandi o terminare la modalità Addestramento.";"Dá para ver a lista de comandos ou encerrar o modo treino.";""
"GR_NM_EnemyBasics#1";"Enemy basics";"Avversario";"Básico do oponente ";""
"GR_HL_EnemyBasics#1";"You can set the enemy status and guard status.";"Imposta lo stato dell'avversario e lo stato della posizione di guardia.";"Dá para configurar o estado e a defesa do oponente.";""
"GR_NM_Gauges#1";"Gauges";"Barre";"Barras ";""
"GR_HL_Gauges#1";"You can configure the health gauge, EXS gauge, and GRD gauge.";"Configura le barre della salute, dell'EXS e GRD.";"Dá para configurar as barras de vida, EXS e GRD.";""
"GR_NM_EnemyQuickRecovery#1";"Enemy recovery";"Ripresa del nemico";"Recuperação do oponente ";""
"GR_NM_DummyEnemy#1";"Dummy enemy";"Nemico fantoccio";"Oponente dummy ";""
"GR_HL_DummyEnemy#1";"You can record dummy actions and configure playback options.";"Registra le azioni del fantoccio e configura le opzioni di riproduzione.";"Dá para gravar ações do dummy e configurar a reprodução.";""
"GR_NM_TrainingDisplay#1";"Training display";"Visualizzazione in addestramento";"Exibição no treino ";""
"GR_HL_TrainingDisplay#1";"You can configure the information displayed during training.";"Configura le informazioni mostrate durante l'addestramento.";"Dá para configurar as informações mostradas durante o treino.";""
"GR_NM_EasySelect#1";"Quick select";"Selezione rapida";"Seleção rápida ";""
"GR_HL_EasySelect#1";"You can change characters and stages.";"Cambia personaggio e livello.";"Dá para trocar de personagem e de cenário.";""
"GR_NM_Stage#1";"Stage";"Livello";"Cenário ";""
"GR_NM_LeftCorner#1";"Left edge";"Muro sinistro";"Canto esquerdo ";""
"GR_HL_LeftCorner#1";"Restart training from the left edge of the stage.";"Riavvia l'addestramento partendo dall'estremità sinistra del livello.";"Reinicia o treino no canto esquerdo do cenário.";""
"GR_HL_LeftCornerFacingRight#1";"Restart training with your back against the left wall.";"Riavvia l'addestramento con la schiena rivolta al muro di sinistra.";"Reinicia o treino de costas para a parede esquerda.";""
"GR_NM_Midscreen#1";"Center";"Centro";"Centro ";""
"GR_HL_Midscreen#1";"Restart training from the center of the stage.";"Riavvia l'addestramento partendo dal centro del livello.";"Reinicia o treino no centro do cenário.";""
"GR_HL_MidscreenOppositeFacing#1";"Restart training from the center of the stage, facing the opposite way.";"Riavvia l'addestramento partendo dal centro del livello, con il corpo rivolto in direzione opposta a quella attuale.";"Reinicia o treino no centro do cenário, virado para o outro lado.";""
"GR_NM_RightCorner#1";"Right edge";"Muro destro";"Canto direito ";""
"GR_HL_RightCorner#1";"Restart training from the right edge of the stage.";"Riavvia l'addestramento partendo dall'estremità destra del livello.";"Reinicia o treino no canto direito do cenário.";""
"GR_HL_RightCornerFacingLeft#1";"Restart training with your back against the right wall.";"Riavvia l'addestramento con la schiena rivolta al muro di destra.";"Reinicia o treino de costas para a parede direita.";""
"GR_NM_FacingRight#1";"Facing right";"Verso destra";"Virado à direita ";""
"GR_NM_FacingLeft#1";"Facing left";"Verso sinistra";"Virado à esquerda ";""
"GR_NM_OppositeFacing#1";"Facing opposite";"In senso opposto";"Virado ao contrário ";""
"GR_NM_StateSaveLoad#1";"Save/load state";"Salva/Carica stato";"Salvar/carregar estado ";""
"GR_HL_StateSaveLoad#1";"Press the Confirm button to save the state. ⏎Press the Restart button to restart training from the saved state.";"Premi il pulsante Conferma per salvare lo stato.⏎Premi il pulsante Riavvia per riavviare l'addestramento dallo stato che hai salvato.";"Aperte o botão Confirmar para salvar o estado. ⏎Aperte o botão Reiniciar para voltar ao estado salvo.";""
"GR_NM_LifeGauge#1";"Health gauge";"Barra della salute";"Barra de vida ";""
"GR_NM_MaxLifeGauge#1";"Max health value";"Valore di salute max";"Vida máxima ";""
"GR_HL_MaxLifeGauge#1";"Adjust the maximum health value.";"Regola il valore di salute massimo.";"Ajusta o valor máximo de vida.";""
"GR_NM_AutoRecoveryOn#1";"Auto-Recovery on";"Recupero automatico attivo";"Recuperação automática ligada ";""
"GR_HL_AutoRecoveryOn#1";"Set the health gauge to automatically recover.";"Imposta il recupero automatico della barra della salute.";"Faz a barra de vida se recuperar sozinha.";""
"GR_NM_AutoRecoveryOff#1";"Auto-Recovery off";"Recupero automatico non attivo";"Recuperação automática desligada ";""
"GR_HL_AutoRecoveryOff#1";"Set the health gauge to not recover. K.O.s may occur.";"Disattiva il recupero automatico della barra della salute. Potrebbero verificarsi dei K.O.";"A barra de vida não se recupera. Pode haver nocaute.";""
"GR_NM_Reversal#1";"Reversal";"Inversione";"Reversal ";""
"GR_NM_ReversalAction#1";"Reversal action";"Azione di inversione";"Ação de reversal ";""
"GR_NM_DamageReversalAction#1";"Reversal action (On Hit)";"Azione di inversione (Colpo)";"Ação de reversal (ao ser acertado) ";""
"GR_NM_GuardReversalAction#1";"Reversal action (On Block)";"Azione di inversione (Guardia)";"Ação de reversal (ao defender) ";""
"GR_HL_ReversalAction#1";"Set the action taken after guarding or upon getting up (some actions are unavailable).";"Imposta l'azione intrapresa dall'avversario quando esce dalla guardia o si rialza (alcune azioni non sono disponibili).";"Define a ação feita após defender ou ao levantar (algumas ações não estão disponíveis).";""
"GR_NM_EnemyStatus#1";"Enemy status";"Stato del nemico";"Estado do oponente ";""
"GR_NM_COM#1";"CPU";"CPU";"CPU ";""
"GR_NM_COMLevel#1";"CPU level";"Livello della CPU";"Nível da CPU ";""
"GR_HL_COMLevel#1";"Adjust the CPU level.";"Regola il livello della CPU.";"Ajusta o nível da CPU.";""
"GR_NM_Controller#1";"Controller";"Controller";"Controle ";""
"GR_NM_Guard#1";"Guard";"Guardia";"Defesa ";""
"GR_NM_GuardTiming#1";"Guard timing";"Attivazione della guardia";"Momento da defesa ";""
"GR_NM_InputLag#1";"Input lag";"Latenza degli input";"Atraso de comando ";""
"GR_HL_InputLag#1";"Adjust the input lag by units of 1 frame (1/60 secs). \nThis allows you to simulate network mode conditions during training.";"Regola il tempo di latenza degli input in unità di 1 frame (1/60 sec).⏎Questo ti permette di simulare le condizioni della modalità Online durante l'addestramento.";"Ajusta o atraso de comando em frames (1/60 de segundo). \nIsso permite simular as condições do modo online durante o treino.";""
"GR_HL_Shield#1";"Configure whether to force shield when guarding.";"Forza l'uso dello Scudo in posizione di guardia.";"Define se o escudo é forçado ao defender.";""
"GR_NM_GuardShieldActivation#1";"Shield activation hits";"Colpi per l'attivazione dello Scudo";"Acertos até ativar o escudo ";""
"GR_HL_GuardShieldActivation#1";"Configure how many hits until shield is activated.";"Stabilisci quanti colpi sono necessari per attivare lo Scudo.";"Define quantos acertos faltam até o escudo ativar.";""
"GR_NM_MagicCircuitGaugeStart#1";"EXS Gauge starting value";"Valore di partenza della barra EXS";"Valor inicial da barra EXS ";""
"GR_HL_MagicCircuitGaugeStart#1";"Set the starting value of the EXS gauge.";"Imposta il valore di partenza della barra EXS.";"Define com quanto a barra EXS começa.";""
"GR_NM_ApplyChanges#1";"Apply changes";"Applica modifiche";"Aplicar mudanças ";""
"GR_NM_GotoMissionMode#1";"Go to Mission Mode";"Vai alla modalità Missione";"Ir para o modo missões ";""
"GR_HL_GotoMissionMode#1";"Cancel the current mode and go to Mission Mode.";"Esci dalla modalità attuale e vai alla modalità Missione.";"Cancela o modo atual e vai para o modo missões.";""
"GR_NM_AutoIncrease#1";"Auto-Increase";"Incremento automatico";"Aumento automático ";""
"GR_NM_AutoDecrease#1";"Auto-Decrease";"Riduzione automatica";"Redução automática ";""
"GR_NM_AlwaysMax#1";"Always max";"Sempre al massimo";"Sempre no máximo ";""
"GR_NM_FastRecovery#1";"Fast recovery";"Recupero rapido";"Recuperação rápida ";""
"GR_HL_MagicCircuit#1";"Adjust the auto-recovery of the EXS gauge.";"Regola le impostazioni di recupero automatico della barra EXS.";"Ajusta a recuperação automática da barra EXS.";""
"GR_HL_CounterHit#1";"Configure counter hit settings.";"Configura le impostazioni del colpo di contrasto.";"Configura o contra-ataque.";""
"GR_HL_FirstAttack#1";"Configure first attack settings.";"Configura le impostazioni del primo attacco.";"Configura o primeiro ataque.";""
"GR_HL_Vorpal#1";"Configure Vorpal settings.";"Configura le impostazioni di Vorpal.";"Configura o Vorpal.";""
"GR_HL_EnemyStatus#1";"Configure the enemy's movement status.";"Configura lo stato di movimento del nemico.";"Configura o estado de movimento do oponente.";""
"GR_HL_EnemyGuard#1";"Configure the enemy's guard status.";"Configura lo stato di guardia del nemico.";"Configura a defesa do oponente.";""
"GR_NM_NoGuard#1";"No guard";"Nessuna guardia";"Sem defesa ";""
"GR_NM_AllGuard#1";"Guard all";"Sempre in guardia";"Defender tudo ";""
"GR_NM_VariableGuard#1";"Variable guard";"Guardia variabile";"Defesa variável ";""
"GR_HL_GuardTiming#1";"Configure the enemy's guard timing.";"Configura il tempismo della guardia del nemico.";"Configura o momento em que o oponente defende.";""
"GR_NM_Settings_During#1";"From Midway";"Da metà";"A partir do meio ";""
"GR_NM_Settings_Initial#1";"First hit only";"Solo primo colpo";"Só o primeiro acerto ";""
"GR_NM_Settings_FromInitial#1";"From Beginning";"Dall'inizio";"Desde o começo ";""
"GR_HL_EnemyTeching#1";"Configure the enemy's throw break.";"Configura l'interruzione delle proiezioni del nemico.";"Configura a defesa de agarrão do oponente.";""
"GR_NM_Settings_RandomUse#1";"Randomize on/off";"Attivazione casuale";"Ativar aleatoriamente ";""
"GR_NM_Settings_RandomDirection#1";"Randomize direction";"Direzione casuale";"Direção aleatória ";""
"GR_NM_Settings_RandomTiming#1";"Randomize timing";"Attivazione casuale";"Momento aleatório ";""
"GR_NM_AllRandom#1";"Randomize all";"Tutto casuale";"Tudo aleatório ";""
"GR_NM_QuickRecoverySettings#1";"Simple recovery settings";"Impostazioni di ripresa semplici";"Recuperação simples ";""
"GR_HL_EnemyQuickRecoverySettings#1";"Configure all of the enemy's recovery methods at once.";"Configura tutti i metodi di ripresa del nemico.";"Configura todas as formas de recuperação do oponente de uma vez.";""
"GR_NM_AerialRecovery#1";"Air recovery";"Ripresa aerea";"Recuperação no ar ";""
"GR_HL_EnemyAerialQuickRecoverySettings#1";"Configure the enemy's air recovery method.";"Configura il metodo di ripresa in aria del nemico.";"Configura a recuperação do oponente no ar.";""
"GR_NM_GroundRecovery#1";"Ground recovery";"Ripresa a terra";"Recuperação no chão ";""
"GR_HL_EnemyGroundQuickRecoverySettings#1";"Configure the enemy's ground recovery method.";"Configura il metodo di ripresa a terra del nemico.";"Configura a recuperação do oponente no chão.";""
"GR_NM_EmergencyRecovery#1";"Emergency recovery";"Ripresa di emergenza";"Recuperação de emergência ";""
"GR_HL_EnemyEmergencyQuickRecoverySettings#1";"Configure the enemy's emergency recovery method.";"Configura il metodo di ripresa di emergenza del nemico.";"Configura a recuperação de emergência do oponente.";""
"GR_NM_Settings_Vertical#1";"Vertical";"Verticale";"Vertical ";""
"GR_NM_Settings_Backward#1";"Backward";"All'indietro";"Para trás ";""
"GR_NM_Settings_Forward#1";"Forward";"In avanti";"Para frente ";""
"GR_NM_DummySlot#1";"Dummy slot";"Slot fantoccio";"Vaga de dummy ";""
"GR_NM_DummySlotName#1";"Dummy slot";"Slot fantoccio";"Vaga de dummy ";""
"GR_HL_DummySlot#1";"Configures the dummy recording and playback features. \nPress the confirm button to initialize the recording.";"Conferma la funzione di registrazione e riproduzione dei movimenti del fantoccio.⏎Premi il pulsante Conferma per avviare la registrazione.";"Configura a gravação e a reprodução do dummy. \nAperte o botão de confirmar para iniciar a gravação.";""
"GR_HL_DummySlotList#1";"Configures the dummy recording and playback features.";"Conferma la funzione di registrazione e riproduzione dei movimenti del fantoccio.";"Configura a gravação e a reprodução do dummy.";""
"GR_NM_DisplayDummyPlaybackTime#1";"Show dummy playback duration";"Mostra durata riproduzione";"Exibir duração da reprodução ";""
"GR_HL_DisplayDummyPlaybackTime#1";"Displays the dummy playback duration.";"Mostra la durata della riproduzione dei movimenti del fantoccio.";"Mostra quanto dura a reprodução do dummy.";""
"GR_NM_DummyPlayback#1";"Dummy playback";"Riproduzione movimenti";"Reprodução do dummy ";""
"GR_HL_DummyPlayback#1";"Configure the dummy playback.";"Configura la riproduzione dei movimenti del fantoccio.";"Configura a reprodução do dummy.";""
"GR_NM_RepeatInIntervals#1";"Repeat at set interval";"Ripeti a intervalli fissi";"Repetir em intervalos ";""
"GR_NM_ReversalActionTiming#1";"After reversal action";"Dopo l'azione di inversione";"Após a ação de reversal ";""
"GR_NM_WithReversalAction#1";"With reversal action";"All'azione di inversione";"Com ação de reversal ";""
"GR_NM_Guarding#1";"On guard state";"In guardia";"Ao defender ";""
"GR_NM_GuardingOrHit#1";"On guard or hit state";"In guardia o se colpito";"Ao defender ou ser acertado ";""
"GR_NM_RandomDummyPlayback#1";"Random dummy playback";"Riproduzione casuale";"Reprodução aleatória ";""
"GR_HL_RandomDummyPlayback#1";"Set the dummy to play back from a random slot.";"Imposta la riproduzione dei movimenti del fantoccio a partire da uno slot casuale.";"Faz o dummy reproduzir uma vaga aleatória.";""
"GR_NM_StartDummyRecording#1";"Start dummy recording";"Avvia registrazione";"Iniciar gravação do dummy ";""
"GR_HL_StartDummyRecording#1";"Starts recording the dummy. For playback, you will need to configure the Dummy Playback settings.";"Avvia la registrazione dei movimenti del fantoccio. Per riprodurla, dovrai configurare Riproduzione movimenti.";"Começa a gravar o dummy. Para reproduzir, configure a reprodução do dummy.";""
"GR_HL_ChangePlayer1Character#1";"Change the 1P side character.";"Cambia il personaggio del lato G1.";"Troca o personagem do lado 1P.";""
"GR_HL_ChangePlayer2Character#1";"Change the 2P side character.";"Cambia il personaggio del lato G2.";"Troca o personagem do lado 2P.";""
"GR_HL_ChangeStage#1";"Change the stage.";"Cambia il livello.";"Troca o cenário.";""
"GR_HL_ChangeBGM#1";"Change the BGM.";"Cambia la musica di sottofondo.";"Troca a música.";""
"GR_HL_ApplyChangesAndRestart#1";"Apply changes to characters and stages and restart training.";"Applica le modifiche a personaggi e livelli, quindi riavvia l'addestramento.";"Aplica as mudanças de personagem e cenário e reinicia o treino.";""
"GR_NM_Result_TotalBattleCount#1";"Total battle count";"Conteggio totale battaglie";"Total de lutas ";""
"GR_NM_Result_BattleCount#1";"Battle count";"Conteggio battaglia";"Lutas ";""
"GR_NM_Result_WinCount#1";"Win count";"Conteggio vittorie";"Vitórias ";""
"GR_NM_Result_WinningStreak#1";"Consecutive wins";"Vittorie consecutive";"Vitórias seguidas ";""
"GR_NM_Result_WinningStreakCount#1";"Consecutive win count";"Vittorie consecutive";"Número de vitórias seguidas ";""
"GR_NM_Result_TotalWinningStreakCount#1";"Total consecutive wins";"Vittorie consecutive totali";"Total de vitórias seguidas ";""
"GR_NM_Result_MaxWinningStreakCount#1";"Highest consecutive wins";"Serie di vittorie più lunga";"Maior sequência de vitórias ";""
"GR_NM_Result_TotalCount#1";"Total matches";"Partite totali";"Total de partidas ";""
"GR_NM_Result_Match#1";"Matches";"Partite";"Partidas ";""
"GR_NM_Result_WinVS#1";"Wins";"Vittorie";"Vitórias ";""
"GR_NM_Result_WinShort#1";"Wins";"Vittorie";"Vit.";""
"GR_NM_Result_Win#1";"Wins";"Vittorie";"Vitórias ";""
"GR_NM_Result_LoseVS#1";"Loss";"Sconfitte";"Derrotas ";""
"GR_NM_Result_LoseShort#1";"Loss";"S";"Der.";""
"GR_NM_Result_Lose#1";"Losses";"Sconfitte";"Derrotas ";""
"GR_NM_Result_Draw#1";"Draws";"Pareggi";"Empates ";""
"GR_NM_Result_WinRatio#1";"Win rate";"Tasso vitt.";"Taxa de vitória ";""
"GR_NM_Result_Latest#1";"Latest";"Recenti";"Última ";""
"GR_NM_Result_Latest1GameResults#1";"Latest match results";"Risultati ultima partita";"Resultado da última partida ";""
"GR_NM_Result_Latest10GameResults#1";"Last 10 match results";"Risultati ultime 10 partite";"Resultado das últimas 10 partidas ";""
"GR_NM_Result_DateAndTimeOfLatestGame#1";"Last match date";"Data ultima partita";"Data da última partida ";""
"GR_NM_Result_CharacterOfLatestGame#1";"Last character used";"Ultimo personaggio usato";"Último personagem usado ";""
"GR_NM_Result_MatchCompletionRate#1";"Match completion rate";"Tasso di completamento partite";"Taxa de partidas concluídas ";""
"GR_NM_Result_BattleResult#1";"Match result";"Risultati partita";"Resultado da partida ";""
"GR_NM_Result_Perfect#1";"Perfect";"Perfetto";"Perfeito ";""
"GR_NM_Result_TimeUp#1";"Time up";"Tempo scaduto";"Tempo esgotado ";""
"GR_NM_Result_NumberOfFinish#1";"Finishes";"Completamenti";"Finalizações ";""
"GR_NM_Result_MaxCombo#1";"Maximum combo";"Combo massima";"Maior combo ";""
"GR_NM_Result_HitCount#1";"Hits";"Colpi";"Acertos ";""
"GR_NM_Result_Damage#1";"Damage";"Danni";"Dano ";""
"GR_NM_Result_DamageGiven#1";"Damage dealt";"Danni inflitti";"Dano causado ";""
"GR_NM_Result_DamageTaken#1";"Damage taken";"Danni subiti";"Dano sofrido ";""
"GR_NM_Result_CounterHitGivenCount#1";"Number of counter hits dealt";"Colpi di contrasto inflitti";"Contra-ataques acertados ";""
"GR_NM_Result_CounterHitTakenCount#1";"Number of counter hits taken";"Colpi di contrasto subiti";"Contra-ataques sofridos ";""
"GR_NM_Result_GuardMissNumber#1";"Guard miss count";"Conteggio guardie non riuscite";"Falhas de defesa ";""
"GR_NM_Result_GuardMissRate#1";"Guard miss rate";"Tasso di guardie non riuscite";"Taxa de falha na defesa ";""
"GR_NM_Result_ShieldCount#1";"Shield count";"Conteggio Scudi";"Escudos usados ";""
"GR_NM_Result_ShieldSuccessCount#1";"Successful shield count";"Conteggio Scudi riusciti";"Escudos bem-sucedidos ";""
"GR_NM_Result_ShieldSuccessRate#1";"Shield success rate";"Tasso di Scudi riusciti";"Taxa de sucesso do escudo ";""
"GR_NM_Result_SparkCount#1";"Veil Off count";"Conteggio Veil Off";"Veil Offs ";""
"GR_NM_Result_SparkRate#1";"Veil Off rate";"Tasso di Veil Off";"Taxa de Veil Off ";""
"GR_NM_Result_VorpalCount#1";"Vorpal count";"Conteggio attivazioni Vorpal";"Vorpals ";""
"GR_NM_Result_VorpalRate#1";"Vorpal rate";"Tasso di attivazione Vorpal";"Taxa de Vorpal ";""
"GR_NM_Result_GRDBreakCount#1";"GRD break count";"Conteggio Interruzioni GRD";"Quebras de GRD ";""
"GR_NM_Result_GRDBreakRate#1";"GRD break rate";"Tasso di Interruzioni GRD";"Taxa de quebra de GRD ";""
"GR_NM_Result_ThrowCount#1";"Throw count";"Conteggio proiezioni";"Agarrões ";""
"GR_NM_Result_ThrowSuccessCount#1";"Successful throw count";"Conteggio proiezioni riuscite";"Agarrões bem-sucedidos ";""
"GR_NM_Result_ThrowSuccessRate#1";"Throw success rate";"Tasso di proiezioni riuscite";"Taxa de sucesso do agarrão ";""
"GR_NM_Result_ThrowMissDamageCount#1";"Hits taken during throws";"Colpi subiti durante le proiezioni";"Acertos sofridos em agarrões ";""
"GR_NM_Result_TechingCount#1";"Successful throw break count";"Conteggio proiezioni interrotte";"Defesas de agarrão ";""
"GR_NM_Result_TechingSuccessRate#1";"Throw break success rate";"Tasso di proiezioni interrotte";"Taxa de defesa de agarrão ";""
"GR_NM_Guard_High#1";"Mid";"Media";"Médio ";""
"GR_NM_Guard_Overhead#1";"Overhead";"Discendente";"Alto ";""
"GR_NM_Guard_Low#1";"Low";"Bassa";"Baixo ";""
"GR_NM_Guard_Air#1";"Air";"In aria";"Aéreo ";""
"GR_NM_AllCharacters#1";"All Characters";"Tutti i personaggi";"Todos os personagens ";""
"GR_NM_BattleCharacter#1";"Opponent's character";"Personaggio avversario";"Personagem do oponente ";""
"GR_NM_SelectCharacter#1";"Chosen character";"Personaggio scelto";"Personagem escolhido ";""
"GR_NM_SelectCharacterToUse#1";"Select character";"Seleziona personaggio";"Mudar personagem ";""
"GR_MS_FindNewOpponent#1";"Found a new opponent!";"Avversario trovato!";"Encontrou um novo oponente!";""
"GR_MS_ConfirmationUploadReplay#1";"Upload replay?";"Caricare il replay?";"Enviar o replay?";""
"GR_NM_CharacterSelect#1";"Character select";"Selezione del personaggio";"Seleção de personagem ";""
"GR_NM_ModeSelect#1";"Mode select";"Selezione della modalità";"Seleção de modo ";""
"GR_NM_Status_Playing#1";"Now playing";"In combattimento";"Jogando agora ";""
"GR_NM_Status_BeforePlaying#1";"Preparing for battle";"Si prepara alla battaglia";"Preparando para a luta ";""
"GR_NM_Status_Watching#1";"Spectating";"Sta assistendo a una battaglia";"Assistindo ";""
"GR_NM_Status_OrderOfWatching#1";"Auto-Passing";"Salto automatico del turno";"Passando a vez ";""
"GR_NM_Status_OrderOfPlaying#1";"In line";"In coda";"Na fila ";""
"GR_NM_Status_Preparation#1";"Preparing";"Si prepara";"Preparando ";""
"GR_NM_Status_Waiting#1";"Standing by";"In attesa";"Aguardando ";""
"GR_NM_Status_Training#1";"In Training";"In addestramento";"No treino ";""
"GR_NM_Status_CharacterSelection#1";"Selecting character";"Sta selezionando un personaggio";"Escolhendo personagem ";""
"GR_NM_Story_Opening#1";"Opening";"Intro";"Abertura ";""
"GR_NM_Story_GameStageNum#1";"Stage";"Livello";"Fase ";""
"GR_NM_Story_Ending#1";"Ending";"Finale";"Final ";""
"GR_NM_Story_Epilogue#1";"Epilogue";"Epilogo";"Epílogo ";""
"GR_NM_Filter#1";"Filter";"Filtra";"Filtrar ";""
"GR_NM_Sort#1";"Sort";"Ordina";"Ordenar ";""
"GR_NM_Category_FightRecord#1";"Battle record";"Risultati";"Histórico de lutas ";""
"GR_NM_Category_FightRecordByOpponent#1";"Battle record by opponent";"Risultati per avversario";"Histórico por oponente ";""
"GR_NM_Player#1";"Player";"Giocatore";"Jogador ";""
"GR_NM_Player1#1";"Player 1";"Giocatore 1";"Jogador 1 ";""
"GR_NM_Player2#1";"Player 2";"Giocatore 2";"Jogador 2 ";""
"GR_HL_ApplyCharaGaugeAndRestart#1";"Apply character-specific settings and restart training.";"Applica le impostazioni specifiche dei personaggi e riavvia l'addestramento.";"Aplica as configurações do personagem e reinicia o treino.";""
"GR_NM_CharaGauges#1";"Character-specifics";"Impostazioni dei personaggi";"Específicos do personagem ";""
"GR_HL_CharaGauges#1";"Configure character-specific settings.";"Configura impostazioni specifiche per i personaggi.";"Configura os recursos específicos do personagem.";""
"GR_NM_ButtonSettings_Message1#1";"Press";"Premi";"Aperte ";""
"GR_NM_ButtonSettings_Message2#1";"on the controller you wish to configure.";"sul controller che desideri configurare.";"no controle que você quer configurar.";""
"GR_NM_NotSet#1";"Not set";"Non impostato";"Não definido ";""
"GR_NM_Gallery_CharacterProfile#1";"Character profile";"Profilo del personaggio";"Perfil do personagem ";""
"GR_NM_Gallery_DesignPixelArt#1";"Design pixel art";"Pixel art";"Pixel art de design ";""
"GR_HL_Option_ChangeInputLag#1";"Sets input reception lag in Network Mode. The smaller the value, the more likely screen rubber banding is to occur.⏎This only affects your screen, not your opponent's.";"Imposta la latenza di ricezione dell'input in modalità Online. Più piccolo è il valore, più è probabile che si⏎verifichi un effetto rubber banding sullo schermo. Questo riguarda solo il tuo schermo, non quello dell'avversario.";"Define o atraso de resposta no modo online. Quanto menor o valor, maior a chance de a imagem travar e voltar.⏎Isso afeta só a sua tela, não a do oponente.";""
"GR_NM_PlayerMatch_FindNewOpponent#1";"Found a new opponent.";"Avversario trovato!";"Encontrou um novo oponente.";""
"GR_NM_PlayerMatch_OpponentLeft#1";"The opponent you found has left.";"L'avversario trovato ha abbandonato.";"O oponente que você encontrou saiu.";""
"GR_NM_PlayerMatch_OpponentPassed#1";"The opponent passed on the match.";"L'avversario ha saltato la partita.";"O oponente passou a vez.";""
"GR_NM_PlayerMatch_InProcess#1";"Processing.";"Elaborazione in corso...";"Processando.";""
"GR_NM_PlayerMatch_ReceivedRequest#1";"Received request.";"Richiesta ricevuta.";"Pedido recebido.";""
"GR_NM_PlayerMatch_SettingsChanged#1";"The room settings have been changed.";"Le impostazioni della stanza sono state modificate.";"As configurações da sala mudaram.";""
"GR_NM_PlayerMatch_SystemAnnounce#1";"System";"System";"Sistema ";""
"GR_NM_PlayerMatch_SettingsAllDefault#1";"All room settings are at default values.";"Tutte le impostazioni della stanza sono ai valori predefiniti.";"Todas as configurações da sala estão no padrão.";""
"GR_NM_PlayerMatch_OtherSettingsAllDefault#1";"All other settings are⏎at default values.";"Tutte le altre impostazioni⏎sono ai valori predefiniti.";"Todas as outras configurações estão⏎nos valores padrão.";""
"GR_NM_PlayerMatch_AutoPassSoon#1";"It is almost time to switch out.";"È quasi ora di saltare il turno.";"Está quase na hora de passar a vez.";""
"GR_NM_PlayerMatch_AutoPassImmediately#1";"You will switch out shortly.";"Stai per saltare il turno.";"Você vai passar a vez em instantes.";""
"GR_NM_PlayerMatch_OpponentSwitchedPlayerSide#1";"The opponent switched player sides.";"L'avversario ha cambiato lato.";"O oponente trocou de lado.";""
"GR_HL_Option_AutoSaveFlag_ReplayVersus#1";"Toggle whether to auto-save Versus Mode replay data.";"Scegli se attivare il salvataggio automatico dei dati di replay in modalità Versus.";"Define se os replays do modo versus são salvos automaticamente.";""
"GR_HL_Option_AutoSaveFlag_ReplayCasualMatch#1";"Toggle whether to auto-save Casual Match replay data.";"Scegli se attivare il salvataggio automatico dei dati di replay in modalità Partita passatempo.";"Define se os replays de partida casual são salvos automaticamente.";""
"GR_HL_Option_AutoSaveFlag_ReplayRankMatch#1";"Toggle whether to auto-save Ranked Match replay data.";"Scegli se attivare il salvataggio automatico dei dati di replay in modalità Partita classificata.";"Define se os replays de partida ranqueada são salvos automaticamente.";""
"GR_HL_Option_AutoSaveFlag_ReplayPlayerMatch#1";"Toggle whether to auto-save Player Match replay data.";"Scegli se attivare il salvataggio automatico dei dati di replay in modalità Partita.";"Define se os replays de partida de jogador são salvos automaticamente.";""
"GR_HL_Option_AutoSaveFlag_ReplaySpectator#1";"Toggle whether to auto-save Player Match spectator replay data.";"Scegli se attivare il salvataggio automatico dei dati di replay dello spettatore in modalità Partita.";"Define se os replays assistidos em partida de jogador são salvos automaticamente.";""
"GR_NM_StageSync#1";"Stage Settings";"Impostazioni del livello";"Configurações de cenário ";""
"GR_NM_StageSync_Myself#1";"Prioritize your own settings";"Dai la priorità alle tue impostazioni";"Priorizar as suas configurações ";""
"GR_HL_Option_StageSync#1";"Change the stage settings for Network Mode matches. If you choose ""Prioritize My Settings,""⏎your chosen stage will be shown on your screen regardless of your opponent's settings.";"Cambia le impostazioni del livello per le partite in modalità Online. Se scegli ""Dai la priorità alle tue impostazioni"",⏎il livello che hai scelto verrà mostrato sullo schermo, qualunque siano le impostazioni del tuo avversario.";"Muda as configurações de cenário nas partidas online. Se escolher ""Priorizar as suas configurações"",⏎o cenário que você escolheu aparece na sua tela, não importa o que o oponente escolheu.";""
"GR_NM_PurchaseAllRemainingBGM#1";"Purchase all unacquired BGM?";"Acquistare tutte le musiche di sottofondo non possedute?";"Comprar todas as músicas que faltam?";""
"GR_NM_PurchaseAllRemainingVoice#1";"Purchase all unacquired voices?";"Acquistare tutte le voci non possedute?";"Comprar todas as vozes que faltam?";""
"GR_NM_CP_Required#1";"IP required.";"PI necessari.";"É preciso IP.";""
"GR_NM_NoRemainingBGMToPurchase#1";"There is no unacquired BGM.";"Possiedi già tutte le musiche di sottofondo.";"Não há músicas a obter.";""
"GR_NM_NoRemainingVoiceToPurchase#1";"There are no unacquired voices.";"Possiedi già tutte le voci.";"Não há vozes a obter.";""
"GR_NM_Replay_NextRound#1";"Next round";"Round successivo";"Próximo round ";""
"GR_HL_Replay_NextRound#1";"Proceed to the next round.";"Procedi al round successivo.";"Avança para o próximo round.";""
"GR_NM_Replay_PrevRound#1";"Previous round";"Round precedente";"Round anterior ";""
"GR_HL_Replay_PrevRound#1";"Return to the previous round. If this is round 1, return to the beginning of the round.";"Torna al round precedente. Se questo è il round 1, tornerai all'inizio del round.";"Volta para o round anterior. Se já for o round 1, volta para o começo do round.";""
"GR_NM_Training_TrainingWaitingSettings#1";"Training Standby Settings";"Impostazioni di attesa Addestramento";"Configurações de espera no treino ";""
"GR_HL_Training_TrainingWaitingSettings#1";"Configure Training Mode standby settings.";"Configura le impostazioni di attesa in modalità Addestramento.";"Configura a espera no modo treino.";""
"GR_NM_Training_TrainingWaiting#1";"Standby";"Attesa";"Em espera ";""
"GR_NM_Training_TrainingWaitingPause#1";"Pause";"Pausa";"Pausar ";""
"GR_MS_RequestPlayerMatch#1";"Request Player Match";"Richiedi partita";"Pedir partida de jogador";""
"GR_MS_EnemyHasRequestedPlayerMatch#1";"An opponent has requested a Player Match.";"Un avversario chiede di giocare una partita.";"Um oponente pediu uma partida de jogador.";""
"GR_NM_Replay_StepFrame#1";"Step frame";"Frame per frame";"Avançar frame ";""
"GR_NM_Replay_Back#1";"Return";"Indietro";"Voltar ";""
"GR_NM_Replay_Pause#1";"Pause";"Pausa";"Pausar ";""
"GR_NM_Replay_PauseToPlay#1";"Resume";"Riprendi";"Continuar ";""
"GR_NM_Replay_SlowModeOn#1";"Slow-Mo";"Rallentatore";"Câmera lenta ";""
"GR_NM_Replay_SlowModeOff#1";"End Slow-Mo";"Fine rallentatore";"Sair da câmera lenta ";""
"GR_NM_GRDGauge#1";"GRD Gauge";"Barra GRD";"Barra GRD ";""
"GR_NM_PlayerAdvantage#1";"Player side advantage";"Vantaggio tuo";"Vantagem do jogador ";""
"GR_NM_OpponentAdvantage#1";"Enemy side advantage";"Vantaggio avversario";"Vantagem do oponente ";""
"GR_NM_Vorpal#1";"Vorpal";"Vorpal";"Vorpal ";""
"GR_NM_BothVorpal#1";"Both sides Vorpal";"Vorpal di entrambi";"Vorpal nos dois lados ";""
"GR_NM_PlayerVorpal#1";"Player side Vorpal";"Vorpal tuo";"Vorpal do jogador ";""
"GR_NM_OpponentVorpal#1";"Enemy side Vorpal";"Vorpal avversario";"Vorpal do oponente ";""
"GR_NM_PlayerCelestialVorpal#1";"Player side Celestial Vorpal";"Vorpal celestiale tuo";"Celestial Vorpal do jogador ";""
"GR_NM_OpponentCelestialVorpal#1";"Enemy side Celestial Vorpal";"Vorpal celestiale avversario";"Celestial Vorpal do oponente ";""
"GR_NM_VorpalCount#1";"Vorpal count";"Conteggio attivazioni Vorpal";"Número de Vorpals ";""
"GR_NM_TSGaugeStart#1";"TS Gauge starting value";"Valore di partenza dell'indicatore TS";"Valor inicial da barra TS ";""
"GR_NM_GRDGaugeStart#1";"GRD Gauge starting value";"Valore di partenza della barra GRD";"Valor inicial da barra GRD ";""
"GR_NM_Self#1";"Player";"Tu";"Jogador ";""
"GR_NM_Opponent#1";"Opponent";"Avversario";"Oponente ";""
"GR_MS_TalkScriptSkip#1";"Skipping dialog.⏎Is that okay?";"Il dialogo verrà saltato.⏎Continuare?";"Pulando o diálogo.⏎Tudo bem?";""
"GR_MS_ReturnToScenarioSelectAndNoSave#1";"Returning to Scenario Select screen.⏎Your progress will not be saved. Is that okay?";"Ritorno alla schermata Selezione scenario.⏎I tuoi progressi non saranno salvati. Continuare?";"Voltando para a seleção de cenários.⏎Seu progresso não será salvo. Tudo bem?";""
"GR_MS_ReturnToSinglePlayMenu#1";"Returning to Single Play menu.⏎Is that okay?";"Ritorno al menu Singolo.⏎Continuare?";"Voltando para o menu de um jogador.⏎Tudo bem?";""
"GR_MS_ReturnToSinglePlayMenuAndNoSave#1";"Returning to Single Play menu.⏎Your progress will not be saved. Is that okay?";"Ritorno al menu Singolo.⏎I tuoi progressi non saranno salvati. Continuare?";"Voltando para o menu de um jogador.⏎Seu progresso não será salvo. Tudo bem?";""
"GR_MS_ReturnToMainMenuDialog#1";"Returning to Main Menu.⏎Is that okay?";"Ritorno al menu principale.⏎Continuare?";"Voltando para o menu principal.⏎Tudo bem?";""
"GR_MS_ReturnToMainMenuAndNoSave#1";"Returning to Main Menu.⏎Your progress will not be saved. Is that okay?";"Ritorno al menu principale.⏎I tuoi progressi non saranno salvati. Continuare?";"Voltando para o menu principal.⏎Seu progresso não será salvo. Tudo bem?";""
"GR_MS_SelectCustomCharacter#1";"Please select the character for whom you would like to create a color.";"Seleziona il personaggio per cui vuoi creare un colore.";"Escolha o personagem para o qual você quer criar uma cor.";""
"GR_MS_SelectPartsToChangeColor#1";"Please select which part's color to change.";"Seleziona le parti alle quali vuoi cambiare colore.";"Escolha a parte cuja cor você quer mudar.";""
"GR_NM_Settings_NormalSlotWaiting#1";"Standard slot: Waiting";"Posto standard: in attesa";"Vaga normal: aguardando ";""
"GR_NM_Settings_InviteSlotWaiting#1";"Invitation slot: Waiting";"Posto su invito: in attesa";"Vaga de convite: aguardando ";""
"GR_NM_Status_BeforePlayingPreparation#1";"Pre-match: Preparing";"Pre-partita: preparazione";"Antes da luta: preparando ";""
"GR_NM_Status_OrderOfPlayingWaiting#1";"In line: Waiting";"In coda: in attesa";"Na fila: aguardando ";""
"GR_NM_Status_OrderOfWatchingWaiting#1";"Auto-Pass: Waiting";"Salto del turno: in attesa";"Passando a vez: aguardando ";""
"GR_NM_AnnouncementCharacter#1";"Announcer character";"Personaggio degli annunci";"Personagem locutor ";""
"GR_MS_SelectCharacterToSetDefaultColor#1";"Select the character to set to default colors.";"Seleziona il personaggio per cui vuoi impostare i colori predefiniti.";"Escolha o personagem que vai receber as cores padrão.";""
"GR_HL_Single_SelectCharacter#1";"Select the character to control.";"Seleziona il personaggio che vuoi controllare.";"Escolha o personagem que você vai controlar.";""
"GR_HL_Single_ArcadeMode#1";"Progress through the story and defeat a series of opponents to reach the ending.";"Avanza nella storia e sconfiggi numerosi avversari per raggiungere il finale.";"Avance pela história derrotando uma sequência de oponentes até chegar ao final.";""
"GR_HL_Single_ScoreAttackMode#1";"Compete for a high score by fighting preset battles.⏎You can upload your results to place yourself on the leaderboard.";"Competi per totalizzare un punteggio record combattendo battaglie prestabilite.⏎Puoi caricare i tuoi risultati per piazzarti in classifica.";"Dispute a maior pontuação em lutas predefinidas.⏎Dá para enviar o resultado e entrar no ranking.";""
"GR_HL_Single_TimeAttackMode#1";"Compete for the fastest completion time in preset battles.⏎You can upload your results to place yourself on the leaderboard.";"Competi per completare una serie di battaglie prestabilite nel minor tempo possibile.⏎Puoi caricare i tuoi risultati per piazzarti in classifica.";"Dispute o menor tempo em lutas predefinidas.⏎Dá para enviar o resultado e entrar no ranking.";""
"GR_HL_Single_SurvivalMode#1";"Compete for the highest winning streak with a limited amount of health.⏎You can upload your results to place yourself on the leaderboard.";"Competi per realizzare la serie di vittorie più lunga con una quantità di salute limitata.⏎Puoi caricare i tuoi risultati per piazzarti in classifica.";"Dispute a maior sequência de vitórias com vida limitada.⏎Dá para enviar o resultado e entrar no ranking.";""
"GR_HL_Single_MissionMode#1";"Test yourself with various preset combos designed for each character.";"Mettiti alla prova con una serie di combo predefinite, studiate appositamente per ogni personaggio.";"Teste suas habilidades com combos criados para cada personagem.";""
"GR_HL_Single_MemoryMode#1";"View stage dialogue scenes from parts of the story you've completed.";"Guarda le scene di dialogo delle parti della storia che hai già completato.";"Reveja as cenas de diálogo das partes da história que você já concluiu.";""
"GR_HL_Single_ArcadeMode_LevelSelect#1";"Please select Story Mode difficulty.";"Seleziona la difficoltà della modalità Storia.";"Escolha a dificuldade do modo história.";""
"GR_HL_Single_MemoryMode_ScenarioSelect#1";"Please select a story.";"Seleziona una storia.";"Escolha uma história.";""
"GR_HL_Customize_PlayerCard#1";"Edit a player card to act as your profile.⏎You can change the plate and player information.";"Modifica la scheda giocatore da usare come profilo.⏎Puoi modificare la targa e le informazioni personali.";"Edite o cartão que serve como seu perfil.⏎Dá para mudar a placa e as informações do jogador.";""
"GR_HL_Customize_PlayerCard_Plate#1";"Change the plate shown on your player card.";"Modifica la targa mostrata nella tua scheda giocatore.";"Muda a placa exibida no seu cartão de jogador.";""
"GR_HL_Customize_PlayerCard_PlayerInfo#1";"Change the player information shown on your player card.";"Modifica le informazioni personali mostrate sulla tua scheda giocatore.";"Muda as informações exibidas no seu cartão de jogador.";""
"GR_HL_Customize_CharacterColor#1";"Edit character colors.⏎You can change the default colors or customize colors to your liking.";"Modifica i colori del personaggio.⏎Puoi modificare i colori predefiniti o personalizzare dei colori a tuo piacimento.";"Edite as cores dos personagens.⏎Dá para mudar as cores padrão ou criar as suas.";""
"GR_HL_Customize_CharacterColor_Default#1";"Change the default color.⏎You can change the color selected by default when choosing the character.";"Modifica il colore predefinito.⏎Puoi modificare il colore standard selezionato alla scelta del personaggio.";"Muda a cor padrão.⏎Dá para escolher qual cor vem selecionada ao pegar o personagem.";""
"GR_HL_Customize_CharacterColor_Customize#1";"Edit custom color.⏎You can choose your own character colors.";"Modifica il colore personalizzato.⏎Puoi scegliere i colori dei tuoi personaggi.";"Edite uma cor personalizada.⏎Dá para escolher as cores do personagem do seu jeito.";""
"GR_HL_Customize_AnnounceCharacter#1";"Set the announcer character.⏎They will be shown in the main menu and other areas.";"Imposta il personaggio degli annunci.⏎Sarà mostrato nel menu principale e in altre sezioni del gioco.";"Define o personagem locutor.⏎Ele aparece no menu principal e em outras telas.";""
"GR_HL_ReturnToCharacterSelect2#1";"Return to Character Select.";"Torna a Selezione del personaggio.";"Volta para a seleção de personagem.";""
"GR_HL_ReturnToMainMenu2#1";"Return to Main Menu.";"Torna al menu principale.";"Volta para o menu principal.";""
"GR_MS_Customize_WhetherToPurchase#1";"Purchase?";"Acquistare?";"Comprar?";""
"GR_MS_Customize_WhetherToSet#1";"Finalize?";"Finalizzare?";"Confirmar?";""
"GR_MS_Customize_Title_CharacterOver#1";"You have exceeded the character limit.⏎(You can use up to 13 characters in full-scale or 26 characters in half-scale)";"Hai superato il limite di caratteri.⏎(Puoi utilizzare fino a 13 caratteri a grandezza naturale o 26 a grandezza dimezzata.)";"Você passou do limite de caracteres.⏎(Até 13 caracteres largos ou 26 estreitos)";""
"GR_MS_Customize_Title_None#1";"(No Title)";"(Nessun titolo)";"(Sem título)";""
"GR_MS_Customize_NoItemsPurchased#1";"There are no purchased items.";"Non hai acquistato nulla.";"Nenhum item comprado.";""
"GR_MS_Customize_NoItemsUnpurchased#1";"There are no unpurchased items.";"Hai già acquistato tutti gli elementi.";"Não há itens por comprar.";""
"GR_MS_Customize_SoldOutItem#1";"-SOLD OUT-";"-SOLD OUT-";"-ESGOTADO-";""
"GR_MS_Customize_NotEnoughIP#1";"You don't have enough IP.";"PI insufficienti.";"Você não tem IP suficiente.";""
"GR_MS_Customize_WhetherToPurchaseAllUnpurchasedItems#1";"Purchase all unpurchased items?";"Acquistare tutti gli elementi non posseduti?";"Comprar todos os itens que faltam?";""
"GR_NM_IPOwned#1";"Current IP";"PI attuali";"IP atual ";""
"GR_NM_RequiredIP#1";"Required IP";"PI richiesti";"IP necessário ";""
"GR_NM_Purchased#1";"Purchased";"Acquistato";"Comprado ";""
"GR_NM_Equipped#1";"Equipped";"Equipaggiato";"Equipado ";""
"GR_NM_Selected#1";"Selected";"Selezionato";"Selecionado ";""
"GR_HL_MainMenu_SinglePlay#1";"A single-player mode where you use a character of your choice.⏎Enjoy various storylines and take on difficult battles.";"Una modalità a giocatore singolo dove usi un personaggio a scelta.⏎Goditi lo sviluppo della storia e affronta difficili battaglie.";"Um modo para um jogador, com o personagem que você escolher.⏎Aproveite as várias histórias e encare lutas difíceis.";""
"GR_HL_MainMenu_Versus#1";"Fight other players or the CPU or watch replays.⏎You can freely select characters and stages.";"Combatti contro altre persone o contro la CPU, oppure guarda i replay.⏎Puoi selezionare liberamente personaggi e livelli.";"Lute contra outros jogadores ou contra a CPU, ou assista a replays.⏎Dá para escolher personagens e cenários livremente.";""
"GR_HL_MainMenu_Versus_VSPlayer#1";"Fight against other human players.⏎Set the round counts and speed to your liking.";"Combatti contro altre persone.⏎Imposta a piacere il numero di round e la loro durata.";"Lute contra outra pessoa.⏎Ajuste o número de rounds e a velocidade do seu jeito.";""
"GR_HL_MainMenu_Versus_VSCPU#1";"Fight against the CPU.⏎Set the round counts, speed, and CPU difficulty level to your liking.";"Combatti contro la CPU.⏎Imposta a piacere il numero dei round, la loro durata e il livello di difficoltà.";"Lute contra a CPU.⏎Ajuste rounds, velocidade e dificuldade da CPU do seu jeito.";""
"GR_HL_MainMenu_Versus_Watch#1";"Watch two CPU characters battle it out.⏎Observe how the CPU uses different characters.";"Assisti a combattimenti tra personaggi controllati dalla CPU.⏎Osserva come la CPU utilizza i diversi personaggi.";"Assista a dois personagens da CPU lutando.⏎Observe como a CPU usa cada personagem.";""
"GR_HL_MainMenu_Versus_Replay#1";"Watch and manage replay data that you have saved.⏎You can also watch replay data from other players you have downloaded.";"Guarda e gestisci i dati di replay che hai salvato.⏎Puoi anche guardare i replay di altre persone da te scaricati.";"Assista e organize os replays que você salvou.⏎Também dá para ver replays baixados de outros jogadores.";""
"GR_HL_MainMenu_Network#1";"Fight against other human players online.⏎";"Combatti contro altre persone online.⏎";"Lute contra outros jogadores pela internet.⏎";""
"GR_HL_MainMenu_Training#1";"Practice to perfect your command of the characters.⏎Execution training and tutorials are here to help you improve at the game.";"Allenati per perfezionare la tua abilità con i personaggi.⏎L'addestramento e i tutorial sono a tua disposizione per migliorare nel gioco.";"Treine até dominar os personagens.⏎Treino de execução e tutoriais para você evoluir no jogo.";""
"GR_HL_MainMenu_Training_FreeTraining#1";"Practice controlling a character.⏎You can configure various settings in the menu to facilitate your training.";"Allenati nel controllare un personaggio.⏎Puoi configurare diverse impostazioni nel menu per facilitare il tuo addestramento.";"Treine o controle de um personagem.⏎Dá para ajustar várias opções no menu para facilitar o treino.";""
"GR_HL_MainMenu_Training_Tutorial#1";"Learn more about the game with this tutorial.⏎Learn the game's controls and mechanics based on difficulty.";"Impara di più sul gioco grazie a questo tutorial.⏎Memorizza i comandi di gioco e le meccaniche in base alla difficoltà.";"Conheça melhor o jogo com este tutorial.⏎Aprenda os controles e as mecânicas por nível de dificuldade.";""
"GR_HL_MainMenu_Training_Mission#1";"Try out combos in this mode.⏎Test yourself with various preset combos designed for each character.";"Prova le combo in questa modalità.⏎Mettiti alla prova con una serie di combo predefinite, studiate appositamente per ogni personaggio.";"Experimente combos neste modo.⏎Teste suas habilidades com combos criados para cada personagem.";""
"GR_HL_MainMenu_Customize#1";"Purchase and set icons and titles.⏎You can also set your own custom colors for character.";"Acquista e imposta icone e titoli.⏎Puoi anche scegliere dei colori personalizzati per ogni personaggio.";"Compre e equipe ícones e títulos.⏎Também dá para criar suas próprias cores de personagem.";""
"GR_HL_MainMenu_Gallery#1";"View artwork and movies from inside and outside the game.⏎Some gallery content is unlocked by progressing in the game, while more is unlocked by spending IP.";"Guarda illustrazioni e filmati del gioco o di altra provenienza.⏎Alcuni contenuti della Galleria vengono sbloccati avanzando nel gioco, mentre altri possono essere acquistati con i PI.";"Veja artes e vídeos de dentro e de fora do jogo.⏎Parte do conteúdo abre conforme você avança; o resto, gastando IP.";""
"GR_HL_MainMenu_Option#1";"Change the game settings.⏎Adjust the game difficulty, sound volume, and more to your liking.";"Modifica le impostazioni di gioco.⏎Regola la difficoltà di gioco, il volume dei suoni e molto altro.";"Mude as configurações do jogo.⏎Ajuste dificuldade, volume e mais do seu jeito.";""
"GR_HL_MainMenu_Store#1";"Connect to PlayStation%TM%Store.";"Connettiti a PlayStation%TM%Store.";"Conecta à PlayStation%TM%Store.";""
"GR_HL_MainMenu_ReturnToTitle#1";"Return to title.";"Torna alla schermata del titolo.";"Volta para a tela de título.";""
"GR_MS_Save_CheckingSaveData#1";"Checking save data.";"Verifica dei dati di salvataggio...";"Verificando os dados salvos.";""
"GR_MS_Replay_CheckingReplayData#1";"Checking replay data.";"Verifica dei dati di replay...";"Verificando os replays.";""
"GR_MS_Replay_CreateNewReplayData#1";"Create new replay data?";"Vuoi creare nuovi dati di replay?";"Criar novos dados de replay?";""
"GR_MS_Save_RequiresFreeSpaceOfSpecificSize#1";"Requires 2MB of console storage space.";"Sono necessari 2MB di spazio di archiviazione sulla console.";"É preciso 2 MB de espaço livre.";""
"GR_MS_Replay_RequiresFreeSpaceOfSpecificSize#1";"Requires 3MB of console storage space.";"Sono necessari 3MB di spazio di archiviazione sulla console.";"É preciso 3 MB de espaço livre.";""
"GR_MS_Replay_ExitWithoutSavingReplayData#1";"Exiting without saving replay.";"Uscita senza salvare il replay...";"Saindo sem salvar o replay.";""
"GR_MS_Replay_WhetherToExitWithoutSavingReplayData#1";"Exit without saving replay?";"Uscire senza salvare il replay?";"Sair sem salvar o replay?";""
"GR_MS_Replay_SavingReplayData#1";"Saving replay data...";"Salvataggio dei dati di replay...";"Salvando o replay...";""
"GR_MS_Save_SavingSaveData#1";"Saving data...";"Salvataggio dei dati...";"Salvando os dados...";""
"GR_MS_Save_CompletedSavingSaveData#1";"The data has been saved.";"I dati sono stati salvati.";"Os dados foram salvos.";""
"GR_MS_Save_SavingErrorDueToSaveDataCorruption#1";"The data could not be saved due to data corruption.";"I dati sono danneggiati e non possono essere salvati.";"Não foi possível salvar: os dados estão corrompidos.";""
"GR_MS_Replay_SavingErrorDueToReplayDataCorruption#1";"The replay data could not be saved due to data corruption.";"I dati di replay sono danneggiati e non possono essere salvati.";"Não foi possível salvar o replay: os dados estão corrompidos.";""
"GR_MS_Save_DeleteAndRecreateSaveData#1";"Delete the save data and create new data?";"Eliminare i dati di salvataggio per crearne di nuovi?";"Apagar os dados salvos e criar novos?";""
"GR_MS_Replay_DeleteAndRecreateReplayData#1";"Delete the replay data and create new data?";"Eliminare i dati di replay per crearne di nuovi?";"Apagar os replays e criar novos?";""
"GR_MS_Replay_SavingErrorDueToNotEnoughFreeSpace#1";"The console does not have enough storage space.";"Spazio di archiviazione insufficiente nella console.";"Não há espaço de armazenamento suficiente.";""
"GR_MS_Replay_WhetherSavedDataCleanup#1";"Organize save data?";"Organizzare i dati di salvataggio?";"Organizar os dados salvos?";""
"GR_MS_Replay_UnswritableReplayData#1";"This replay data cannot be overwritten.";"Questi dati di replay non possono essere sovrascritti.";"Não é possível sobrescrever este replay.";""
"GR_MS_Replay_WhetherToRetryOrNot#1";"Retry?";"Riprovare?";"Tentar de novo?";""
"GR_MS_Replay_Loading#1";"Loading replay data...";"Caricamento dei dati di replay...";"Carregando o replay...";""
"GR_MS_Save_Loading#1";"Loading save data...";"Caricamento dei dati di salvataggio...";"Carregando os dados salvos...";""
"GR_MS_Save_CompletedLoadingSaveData#1";"The save data has been loaded.";"I dati di salvataggio sono stati caricati.";"Os dados salvos foram carregados.";""
"GR_MS_Save_SaveDataNotFound#1";"The save data could not be found.";"Impossibile trovare i dati di salvataggio.";"Os dados salvos não foram encontrados.";""
"GR_MS_Replay_ReplayDataNotFound#1";"The replay data could not be found.";"Impossibile trovare i dati di replay.";"O replay não foi encontrado.";""
"GR_MS_Replay_LoadErrorDueToReplayDataCorruption#1";"The replay data could not be loaded due to data corruption.";"I dati di replay sono danneggiati e non possono essere caricati.";"Não foi possível carregar o replay: os dados estão corrompidos.";""
"GR_MS_Save_LoadErrorDueToSaveDataCorruption#1";"The save data could not be loaded due to data corruption.";"I dati di salvataggio sono danneggiati e non possono essere caricati.";"Não foi possível carregar os dados salvos: estão corrompidos.";""
"GR_MS_Replay_FoundReplayDataOfOtherUsers#1";"Found another player's replay data.";"Dati di replay di un altro giocatore trovati.";"Encontrou o replay de outro jogador.";""
"GR_MS_Replay_UnloadableReplayData#1";"This replay data cannot be loaded.";"Impossibile caricare questi dati di replay.";"Não é possível carregar este replay.";""
"GR_MS_Replay_FailedToSaveReplayData#1";"Failed to save replay data.";"Impossibile salvare i dati di replay.";"Falha ao salvar o replay.";""
"GR_MS_Replay_ReplayDataIsTooLarge#1";"The replay data file size is too large.";"La dimensione del file dei dati di replay è troppo grande.";"O arquivo de replay é grande demais.";""
"GR_MS_Save_CreateNewSaveData#1";"Creating new save data.";"Creazione di nuovi dati di salvataggio...";"Criando novos dados salvos.";""
"GR_MS_Replay_CreateNewReplayData2#1";"Creating new replay data.";"Creazione di nuovi dati di replay...";"Criando novos dados de replay.";""
"GR_MS_Save_WhetherToDisableAutoSaveFunction#1";"Disable auto-save function?";"Disattivare la funzione di salvataggio automatico?";"Desativar o salvamento automático?";""
"GR_MS_Replay_WhetherToDisableReplaySaveFunction#1";"Disable replay save function?";"Disattivare la funzione di salvataggio dei replay?";"Desativar o salvamento de replays?";""
"GR_MS_Replay_CreatingReplayData#1";"Creating replay data...";"Creazione dei dati di replay...";"Criando os dados de replay...";""
"GR_MS_Replay_FailedToCreateReplayData#1";"Failed to create replay data.";"Impossibile creare i dati di replay.";"Falha ao criar os dados de replay.";""
"GR_MS_Replay_WhetherToInitializeReplayData#1";"Initialize replay data?";"Caricare i dati di replay?";"Inicializar os dados de replay?";""
"GR_MS_Save_SaveDataNotBelongToThisUser#1";"The loaded save data does not belong to this user.";"I dati di salvataggio caricati non appartengono a questo utente.";"Os dados carregados não pertencem a este usuário.";""
"GR_MS_Save_UnableToOverwriteAndRetrieveTrophies#1";"Unable to overwrite save data and receive trophies.";"Impossibile sovrascrivere i dati di salvataggio e ricevere i trofei.";"Não foi possível sobrescrever os dados e receber os troféus.";""
"GR_MS_Save_InstallingTrophies#1";"Installing trophies.";"Installazione dei trofei...";"Instalando os troféus.";""
"GR_MS_Save_NoSaveDataFoundOnServer#1";"Save data could not be found on the server.";"Impossibile trovare i dati di salvataggio sul server.";"Não foram encontrados dados salvos no servidor.";""
"GR_MS_Save_WhetherToUploadNewSavedData#1";"Upload new save data?";"Caricare nuovi dati di salvataggio?";"Enviar os novos dados salvos?";""
"GR_MS_Save_NoDataIsSaved#1";"There is no data saved.";"Non ci sono dati di salvataggio.";"Não há dados salvos.";""
"GR_MS_CommunicationErrorOccurred#1";"A communication error has occurred.";"Si è verificato un errore di comunicazione.";"Ocorreu um erro de comunicação.";""
"GR_MS_Network_ReplaySaveReserved#1";"Replay save reserved.";"Salvataggio replay pianificato.";"Salvamento do replay reservado.";""
"GR_MS_Network_DoNotSaveReplay#1";"The replay will not be saved.";"Il replay non sarà salvato.";"O replay não será salvo.";""
"GR_MS_Network_RankedMatchWaiting#1";"Standing by for a ranked match.";"In attesa di una partita classificata.";"Aguardando uma partida ranqueada.";""
"GR_MS_Network_StoppingRankedMatchWaiting#1";"Ranked match standby paused.";"Attesa di partita classificata in pausa.";"Espera por partida ranqueada pausada.";""
"GR_MS_Network_PlayerMatchWaiting#1";"Standing by in a player match.";"In attesa di una partita.";"Aguardando em uma partida de jogador.";""
"GR_MS_Network_PlayerMatchNotWaiting#1";"Not standing by in a player match.";"Non in attesa di una partita.";"Não está aguardando em uma partida de jogador.";""
"GR_MS_Network_ViewMemberList#1";"Open member list";"Apri lista dei partecipanti";"Ver lista de participantes";""
"GR_MS_Network_InviteToRoom#1";"Invite to room";"Invita nella stanza";"Convidar para a sala";""
"GR_MS_Network_KickDesignatedMember#1";"Kick a member";"Espelli un partecipante";"Expulsar participante";""
"GR_MS_Network_DisbandRoom#1";"Close room";"Chiudi la stanza";"Fechar sala";""
"GR_MS_Network_ExitRoom#1";"Exit room";"Esci dalla stanza";"Sair da sala";""
"GR_MS_Network_ConfirmRoomSettings#1";"Confirm Room Settings";"Conferma impostazioni stanza";"Conferir configurações da sala";""
"GR_MS_Network_ChangeRoomSettings#1";"Change Room Settings";"Modifica impostazioni stanza";"Mudar configurações da sala";""
"GR_MS_Network_SelectBGM#1";"Select BGM";"Seleziona musica";"Escolher música";""
"GR_MS_Network_ChangeButtonSettings#1";"Change Button Configuration";"Cambia configurazione pulsanti";"Mudar configuração de botões";""
"GR_MS_Network_ReturnToRoom#1";"Return to room";"Torna alla stanza";"Voltar para a sala";""
"GR_MS_Network_SelectCharacters#1";"Select character";"Seleziona personaggio";"Mudar personagem";""
"GR_MS_Network_RoomNameSettings#1";"Set room name";"Imposta nome della stanza";"Definir nome da sala";""
"GR_MS_Network_KeywordSettings#1";"Set keyword";"Imposta parola chiave";"Definir palavra-chave";""
"GR_MS_Network_WhetherToKickDesignatedMember#1";"Kick this member?";"Espellere questo partecipante?";"Expulsar este participante?";""
"GR_HL_PlayerMatch_CreateRoom#1";"A room will be created with the below conditions.";"Sarà creata una stanza con le condizioni seguenti.";"A sala será criada com as condições abaixo.";""
"GR_HL_PlayerMatch_SetRoomName#1";"Set a name for the room.⏎It will be displayed on room search results.";"Imposta un nome per la stanza.⏎Sarà mostrato nei risultati di ricerca delle stanze.";"Defina um nome para a sala.⏎Ele aparece nos resultados de busca.";""
"GR_HL_PlayerMatch_SetRoomSeachKeywords#1";"Set a keyword for the room.⏎The room will not show up in room searches without a keyword.";"Imposta una parola chiave per la stanza.⏎La stanza non verrà mostrata nei risultati delle ricerche di stanze senza parola chiave.";"Defina uma palavra-chave para a sala.⏎Sem a palavra-chave, a sala não aparece nas buscas.";""
"GR_HL_PlayerMatch_SetNumberOfParticipants#1";"Set the number of players that can join the room.";"Imposta il numero di giocatori che possono unirsi alla stanza.";"Defina quantos jogadores podem entrar na sala.";""
"GR_HL_PlayerMatch_SetNumberOfFriendInvites#1";"Set the number of friends that can be invited to the room.";"Imposta il numero di amici che possono essere invitati nella stanza.";"Defina quantos amigos podem ser convidados para a sala.";""
"GR_HL_PlayerMatch_SetMinimumConnectionSpeedRequirement#1";"Set the connection speed required to enter the room.⏎Only players that meet the connection speed requirement may enter the room. ";"Imposta la velocità di connessione richiesta per accedere alla stanza.⏎Solo i giocatori che soddisfano questo requisito potranno entrare.";"Defina a velocidade de conexão exigida para entrar na sala.⏎Só entram jogadores que atendam ao requisito. ";""
"GR_HL_PlayerMatch_SetDesiredStrengthOfParticipants#1";"Set the estimated player skill level required to enter the room.";"Imposta il livello di abilità stimato richiesto per entrare nella stanza.";"Defina o nível estimado exigido para entrar na sala.";""
"GR_HL_PlayerMatch_SetBattleSwappedAfterBattleEnds#1";"Set the conditions under which players must yield to the next waiting player after a match.";"Imposta le condizioni che impongono ai giocatori di lasciare il posto alla prossima persona in attesa dopo una partita.";"Defina em que condições o jogador passa a vez para o próximo da fila após a luta.";""
"GR_HL_PlayerMatch_SetHowManyConsecutiveMatches#1";"Set the number of rematches one player can play.⏎After the designated number of matches, a player will automatically yield to the next player,⏎regardless of the number of wins or losses.";"Imposta il numero di rivincite che possono essere giocate da una persona.⏎Dopo aver raggiunto tale numero, il giocatore dovrà automaticamente lasciare il posto alla persona successiva,⏎indipendentemente dal numero di vittorie o sconfitte.";"Defina quantas revanches um mesmo jogador pode fazer.⏎Passado esse número, ele passa a vez automaticamente,⏎não importa quantas vitórias ou derrotas tenha.";""
"GR_HL_PlayerMatch_SetRoomBattlePolicy#1";"Set a room policy to inform players of how to approach the game.⏎A ""Serious Match"" policy means matches will affect player rank.⏎A ""Practice"" policy will let spectators view players' input histories.";"Imposta delle regole per la stanza, per indicare ai giocatori di che tipo di partita si tratta.⏎Una ""Partita seria"" influirà sul piazzamento del giocatore.⏎Una partita di ""Allenamento"" mostrerà agli spettatori la cronologia degli input dei comandi.";"Defina a regra da sala para avisar os jogadores como encarar o jogo.⏎""Partida séria"" significa que as lutas afetam o rank.⏎""Treino"" permite que os espectadores vejam o histórico de comandos.";""
"GR_HL_PlayerMatch_SetRequiredNumberOfRoundsToWin#1";"Set the number of rounds needed to win a set.";"Imposta il numero di round necessari per vincere un set.";"Defina quantos rounds são precisos para vencer a luta.";""
"GR_HL_PlayerMatch_SetCountdownSpeedOfEachRound#1";"Set a time limit for each round.";"Imposta un limite di tempo per ciascun round.";"Defina o tempo limite de cada round.";""
"GR_HL_PlayerMatch_SetWhetherAuto-PassFunction#1";"Set whether to allow the Auto-Pass function.⏎Turning the Auto-Pass function ON will automatically pass the match,⏎even when the player's turn comes up.";"Stabilisci se abilitare o meno la funzione di salto automatico del turno.⏎Attivandola, la partita sarà automaticamente saltata, anche al momento del turno di un giocatore.";"Defina se a passagem automática de vez é permitida.⏎Com ela ligada, a vez é passada sozinha,⏎mesmo quando chega a sua vez de jogar.";""
"GR_HL_PlayerMatch_SetMinimumTimeBeforeOrderIsSkipped#1";"Set the amount of time that must pass before a player is automatically skipped after their turn comes.";"Imposta la quantità di tempo che deve trascorrere prima⏎che un giocatore venga automaticamente saltato dopo l'inizio del suo turno.";"Defina quanto tempo passa até o jogador ser pulado automaticamente depois que chega a vez dele.";""
"GR_HL_PlayerMatch_SetWhetherSHAREFunction#1";"Set whether the share function can be used in the room.";"Stabilisci se la funzione SHARE può essere utilizzata in questa stanza.";"Defina se a função de compartilhar pode ser usada na sala.";""
"GR_HL_PlayerMatch_SearchRoomsCreatedOtherPlayers#1";"Search rooms created by other players.";"Cerca fra le stanze create da altre persone.";"Busque salas criadas por outros jogadores.";""
"GR_HL_PlayerMatch_CreateRoomWithEntryRestrictionsAndBattleFormats#1";"Create a room with participation conditions and match formats.";"Crea una stanza con requisiti di partecipazione e formati per le partite.";"Crie uma sala com condições de entrada e formato de luta.";""
"GR_HL_PlayerMatch_ConfirmInviteMessagesFromFriends#1";"Confirm invitation messages from friends.";"Conferma i messaggio di invito ricevuti.";"Confira os convites enviados por amigos.";""
"GR_HL_RankedMatch_AutomaticallySearchesYourConditions#1";"Automatically search for opponents that meet your conditions.";"Cerca automaticamente avversari che corrispondono ai tuoi requisiti.";"Busca automaticamente oponentes que atendam às suas condições.";""
"GR_HL_RankedMatch_ChooseFromListYourConditions#1";"Select from a list of opponents that meet your conditions.";"Scegli fra una lista di avversari che rispettano i tuoi requisiti.";"Escolha em uma lista de oponentes que atendam às suas condições.";""
"GR_HL_RankedMatch_AutomaticallySearchesWhileTrainingMode#1";"Automatically search for opponents that meet your conditions while in training mode.";"Cerca automaticamente avversari che corrispondono ai tuoi requisiti mentre sei in modalità Addestramento.";"Busca oponentes que atendam às suas condições enquanto você treina.";""
"GR_HL_RankedMatch_BeginSearchedForYourConditions#1";"Begin searching for opponents that meet the below conditions.";"Inizia a cercare avversari che rispettano i requisiti indicati di seguito.";"Começar a buscar oponentes com as condições abaixo.";""
"GR_HL_RankedMatch_FilterBasedOnRregion#1";"Filter the country/region in which to search for opponents. ⏎Choosing ""Same Area"" will search for opponents from the same country/region as you.";"Cerca avversari filtrandoli per paese/regione.⏎Scegli ""Stessa area"" per cercare avversari che appartengono al tuo stesso paese/regione.";"Filtra o país ou região onde buscar oponentes. ⏎Com ""Mesma região"", busca oponentes do seu próprio país ou região.";""
"GR_HL_RankedMatch_FilterBasedOnStrengthExceed#1";"Filter potential opponents based on skill level.⏎This will search for opponents that are at or above the designated rank.";"Filtra i potenziali avversari in base al loro livello di abilità.⏎In questo modo cercherai solo avversari a partire da un piazzamento minimo in classifica.";"Filtra os oponentes pelo nível.⏎Busca oponentes do rank definido para cima.";""
"GR_HL_RankedMatch_FilterBasedOnStrengthNotExceed#1";"Filter potential opponents based on skill level.⏎This will search for opponents that are at or below the designated rank.";"Filtra i potenziali avversari in base al loro livello di abilità.⏎In questo modo cercherai solo avversari entro un certo piazzamento in classifica.";"Filtra os oponentes pelo nível.⏎Busca oponentes do rank definido para baixo.";""
"GR_HL_RankedMatch_FilterBasedOnConnectionSpeed#1";"Filter potential opponents based on connection speed.⏎This will search for opponents that are at or above the designated connection speed.";"Filtra i potenziali avversari in base alla loro velocità di connessione.⏎In questo modo cercherai solo avversari che hanno una velocità di connessione minima da te stabilita.";"Filtra os oponentes pela velocidade de conexão.⏎Busca oponentes com a velocidade definida ou maior.";""
"GR_HL_RankedMatch_FilterBasedOnMatchCompletionRate#1";"Narrow down potential opponents based on match completion rate.⏎Match completion rate decreases when a player disconnects from an online match mid-battle.⏎Names of players with low rates are shown in red.";"Restringi il campo dei potenziali avversari in base al loro tasso di completamento delle partite.⏎Il tasso di completamento scende quando ci si disconnette a metà partita.⏎I nomi dei giocatori con tassi di completamento bassi sono mostrati in rosso.";"Filtra os oponentes pela taxa de partidas concluídas.⏎Essa taxa cai quando o jogador desconecta no meio de uma partida online.⏎O nome de quem tem taxa baixa aparece em vermelho.";""
"GR_HL_RankedMatch_SetWhetherSHAREfunctionAvailable#1";"Set whether the share function can be used during the match.⏎This will search for opponents with the same setting.";"Stabilisci se la funzione SHARE può essere usata durante la partita.⏎In questo modo cercherai solo avversari con la stessa impostazione.";"Define se a função de compartilhar pode ser usada na partida.⏎Busca oponentes com a mesma configuração.";""
"GR_HL_RankedMatch_SetWhetherMatchedWithSamePlayer#1";"Set whether you can be consecutively matched with your most recent opponent.";"Stabilisci se puoi giocare consecutivamente con il tuo ultimo avversario.";"Define se você pode cair seguidamente com o mesmo oponente.";""
"GR_HL_RankedMatch_SetWhetherDisplayPlayersCurrentlyInMatch#1";"Set whether to include players that are currently fighting in a match in your search.";"Stabilisci se vuoi includere nella ricerca giocatori che sono attualmente impegnati in battaglia.";"Define se jogadores que já estão lutando entram na sua busca.";""
"GR_HL_PlayerMatch_SearchRoomsWithFollowingConditions#1";"Search for a room based on the below conditions.";"Cerca una stanza secondo i criteri stabiliti di seguito.";"Busque uma sala com as condições abaixo.";""
"GR_HL_PlayerMatch_SearchRoomsWithSpecifiedKeywords#1";"Search for rooms that match the designated keyword.";"Cerca stanze che corrispondono alla parola chiave stabilita.";"Busque salas que correspondam à palavra-chave definida.";""
"GR_HL_PlayerMatch_SetNumberOfParticipantsAllowed#1";"Set the number of people who can join the room.";"Imposta il numero di persone che possono unirsi alla stanza.";"Defina quantas pessoas podem entrar na sala.";""
"GR_HL_PlayerMatch_SetConnectionSpeedRequiredToJoin#1";"Set the connection speed required to enter the room.⏎This will search for rooms that have the same or higher connection speed requirement. ";"Imposta la velocità di connessione richiesta per entrare nella stanza.⏎In questo modo cercherai solo stanze che hanno una connessione uguale o superiore al requisito.";"Defina a velocidade de conexão exigida para entrar na sala.⏎Busca salas com a mesma exigência ou maior. ";""
"GR_HL_PlayerMatch_FiltersBasedOnYourConnectionSpeed#1";"Narrow down the search by you and room masters' connection speeds.⏎This will search for rooms created by room masters with the same or higher connection speed.";"Restringi la ricerca a velocità di connessione minime corrispondenti alla tua o a quella del leader della stanza.⏎In questo modo cercherai solo stanze create da leader che hanno connessione uguale o superiore alla tua.";"Filtra pela sua conexão e pela do dono da sala.⏎Busca salas criadas por donos com conexão igual ou melhor.";""
"GR_HL_PlayerMatch_SetStrengthOfPlayersInRoom#1";"Set the player skill required to enter the room.⏎This will search for rooms that match your requirement.";"Imposta le abilità di gioco necessarie per entrare nella stanza.⏎In questo modo cercherai solo stanze che corrispondono ai tuoi requisiti.";"Defina o nível exigido para entrar na sala.⏎Busca salas que correspondam à sua exigência.";""
"GR_HL_PlayerMatch_SetRequiredNumberOfRoundsToWin2#1";"Set the number of rounds needed to win a set.⏎This will search for rooms that match your round count requirement.";"Imposta il numero di round necessari per vincere un set.⏎In questo modo cercherai solo stanze che corrispondono al tuo requisito.";"Defina quantos rounds são precisos para vencer a luta.⏎Busca salas com o mesmo número de rounds.";""
"GR_HL_PlayerMatch_SetWhetherSHAREFunctionAvailable#1";"Set whether the share function is allowed in the room.⏎This will search for rooms with the same setting.";"Stabilisci se abilitare la funzione SHARE nella stanza.⏎In questo modo cercherai solo stanze con la stessa impostazione.";"Define se a função de compartilhar é permitida na sala.⏎Busca salas com a mesma configuração.";""
"GR_HL_PlayerMatch_SetRoomBattlePolicySeach#1";"Set the desired match policy to search for rooms that approach the same the same way.⏎A ""Serious Match"" policy means matches affect player strength ratings.⏎A ""Practice"" policy means spectators can view players' input histories.";"Imposta il tipo di partita per cercare stanze che seguono la stessa regola.⏎Una ""Partita seria"" influirà sulle valutazioni di forza dei giocatori.⏎Una ""Partita di allenamento"" mostrerà la cronologia degli input agli spettatori.";"Defina a regra desejada para buscar salas que encarem o jogo do mesmo jeito.⏎""Partida séria"" significa que as lutas afetam o nível do jogador.⏎""Treino"" significa que os espectadores veem o histórico de comandos.";""
"GR_HL_PlayerMatch_SetWhetherDisplayRoomsReachedMaximumPlayerCount#1";"Set whether to include rooms that are full in the search results.";"Stabilisci se includere stanze piene nei risultati di ricerca.";"Define se salas lotadas aparecem nos resultados.";""
"GR_HL_Replay_ChooseReplayToView#1";"Please select the replay you wish to play back.";"Seleziona il replay che desideri rivedere.";"Escolha o replay que você quer assistir.";""
"GR_MS_Replay_NoReplayDataFound#1";"No replay data.";"Nessun dato di replay.";"Nenhum replay.";""
"GR_NM_Total#1";"Total";"Totale";"Total ";""
"GR_NM_Favorite#1";"Favorite";"Preferiti";"Favorito ";""
"GR_MS_Replay_WhetherToDeleteReplayData#1";"Delete replay data?";"Eliminare i dati di replay?";"Apagar o replay?";""
"GR_MS_Replay_LimitOnMaximumNumberOfRegisteredFavorites#1";"You can only mark up to 99 favorites.";"Puoi contrassegnare fino a 99 preferiti.";"Dá para marcar no máximo 99 favoritos.";""
"GR_MS_Replay_LimitOnMaximumNumberOfRegisteredFavorites2#1";"You can only mark up to 399 favorites.";"Puoi contrassegnare fino a 399 preferiti.";"Dá para marcar no máximo 399 favoritos.";""
"GR_MS_Replay_WarningCannotDeleteRegisteredToFavorites#1";"This replay cannot be deleted because it is designated as a ""favorite.""";"Impossibile eliminare questo replay perché è contrassegnato come ""preferito"".";"Este replay não pode ser apagado porque está marcado como favorito.";""
"GR_MS_Replay_ReplayDataVersionDoesNotMatchPleaseInstallLatestPatch#1";"The replay data does not match the current game version.⏎Please apply the latest update patch.";"I dati di replay non corrispondono alla versione attuale del gioco.⏎Installa l'ultima patch di aggiornamento.";"O replay não corresponde à versão atual do jogo.⏎Instale a atualização mais recente.";""
"GR_MS_Replay_NetworkIsRequiredToViewOnlineBattleReplays#1";"A network connection is required to play back replays of online matches.⏎Connect to the network?";"È richiesta una connessione di rete per riprodurre i replay delle partite online.⏎Connettersi alla rete?";"É preciso conexão com a internet para assistir a replays de partidas online.⏎Conectar?";""
"GR_MS_Replay_ConnectingToNetwork#1";"Connecting to the network...";"Connessione alla rete...";"Conectando à internet...";""
"GR_MS_Replay_PleaseWaitWhileConnectionIsRstablished#1";"Please wait until the network connection is established...";"Attendi che venga stabilita la connessione di rete...";"Aguarde até a conexão ser estabelecida...";""
"GR_MS_Replay_NetworkConnectionNotCompletedError#1";"The online match replay cannot be played⏎because a network connection has not been established.";"Impossibile riprodurre il replay della partita online.⏎Non è stata stabilita una connessione di rete.";"Não é possível assistir ao replay de partida online⏎porque a conexão não foi estabelecida.";""
"GR_MS_Replay_UserMediaRestrictionsError#1";"Due to restrictions on user-generated media on your account for PlayStation%TM%Network,⏎you cannot play the downloaded replay.";"A causa delle restrizioni sui contenuti generati dagli utenti del tuo account per PlayStation%TM%Network,⏎non puoi riprodurre il replay scaricato.";"Por causa das restrições de mídia na sua conta da PlayStation%TM%Network,⏎você não pode assistir ao replay baixado.";""
"GR_MS_Replay_BlockedReplayError#1";"You cannot play this replay because⏎it belongs to a player whom you have blocked.";"Non puoi riprodurre questo replay poiché appartiene a una persona che hai bloccato.";"Você não pode assistir a este replay porque⏎ele é de um jogador que você bloqueou.";""
"GR_MS_Replay_OldReplayVersionCaution#1";"This replay is from a different game version.⏎This may cause changes in the match. Proceed with replay playback?";"Questo replay proviene da una versione diversa del gioco.⏎È possibile che non venga letto correttamente, avviare comunque il replay?";"Este replay é de outra versão do jogo.⏎Isso pode alterar a partida. Assistir mesmo assim?";""
"GR_NM_Rankng_NoData#1";"No data.";"Nessun dato.";"Sem dados.";""
"GR_NM_Ranking_GettingData#1";"Loading data.";"Caricamento dei dati...";"Carregando os dados.";""
"GR_NM_Ranking_ErrorOccurred#1";"An error has occurred.";"Si è verificato un errore.";"Ocorreu um erro.";""
"GR_NM_Ranking_LastUpdate#1";"Last updated";"Ultimo aggiornamento";"Última atualização ";""
"GR_NM_Ranking_ReplayUploaded#1";"Uploaded replays";"Replay caricati";"Replays enviados ";""
"GR_NM_Ranking_ActivitiesInRankMatch#1";"Ranked match activity";"Attività nelle partite classificate";"Atividade em partida ranqueada ";""
"GR_NM_Ranking_MarkWin#1";"%MARK_WIN%";"%MARK_WIN%";"";""
"GR_NM_Ranking_MarkLose#1";"%MARK_LOSE%";"%MARK_LOSE%";"";""
"GR_NM_Ranking_MarkDraw#1";"%MARK_LOSE%";"%MARK_LOSE%";"";""
"GR_NM_Ranking_Save#1";"Save";"Salva";"Salvar ";""
"GR_NM_Ranking_Playback#1";"Playback";"Riproduci";"Assistir ";""
"GR_NM_Ranking_100Matches#1";"100 matches";"100 partite";"100 partidas ";""
"GR_NM_Ranking_10Matches#1";"10 matches";"10 partite";"10 partidas ";""
"GR_NM_Ranking_1Match#1";"1 match";"1 partita";"1 partida ";""
"GR_NM_Ranking_Date#1";"Date";"Data";"Data ";""
"GR_NM_Ranking_ThisMonth#1";"This month";"Questo mese";"Este mês ";""
"GR_NM_Ranking_Today#1";"Today";"Oggi";"Hoje ";""
"GR_NM_MenuBGMSelect#1";"Select Menu BGM";"Scegli la musica dei menu";"Escolher música do menu ";""
"GR_HL_Network_CasualMatch#1";"Fight against another player online.⏎The match results will not affect your ranking.";"Combatti contro un'altra persona online.⏎I risultati della partita non influiranno sul tuo piazzamento in classifica.";"Lute contra outro jogador pela internet.⏎O resultado não afeta o seu ranking.";""
"GR_HL_Network_RankedMatch#1";"Fight against another player online and compete on the leaderboard.";"Combatti contro un'altra persona online e competi per il piazzamento in classifica.";"Lute contra outro jogador pela internet e dispute o ranking.";""
"GR_HL_Network_PlayerMatch#1";"Fight against other players online in a room with configured match settings.";"Combatti contro altre persone online in una stanza con impostazioni di partita configurate.";"Lute contra outros jogadores em uma sala com regras definidas.";""
"GR_HL_Network_CharacterSelect#1";"Select the character you wish to use in casual matches, ranked matches, and player matches.";"Seleziona il personaggio che desideri usare nelle partite normali, passatempo e classificate.";"Escolha o personagem que você vai usar nas partidas casuais, ranqueadas e de jogador.";""
"GR_HL_Network_Ranking#1";"View online leaderboards for Ranked Match and Score Attack.";"Visualizza le classifiche online per Partita classificata e Gioco a punti.";"Veja os rankings online de partida ranqueada e pontuação.";""
"GR_HL_Network_ReplayBoard#1";"Load and view ranked match replay data uploaded onto the network.";"Carica e visualizza i dati di replay delle partite classificate caricati in rete.";"Baixe e assista a replays de partidas ranqueadas enviados para a rede.";""
"GR_MS_Network_Training_NewOpponentAppeared#1";"A new opponent has arrived.";"È arrivato un nuovo avversario.";"Chegou um novo oponente.";""
"GR_MS_Network_Training_CanceledMatch#1";"You have canceled the match.";"Hai annullato la partita.";"Você cancelou a partida.";""
"GR_MS_Network_Training_MatchCanceled#1";"The match has been canceled.";"La partita è stata annullata.";"A partida foi cancelada.";""
"GR_MS_Network_Training_OpponentDisconnected#1";"The opponent has disconnected.";"L'avversario si è scollegato.";"O oponente desconectou.";""
"GR_MS_Network_Training_PleaseCloseMenu#1";"Please close the training menu.";"Chiudi il menu di addestramento.";"Feche o menu de treino.";""
"GR_MS_Test_GetIPMessage#1";"[XXX] IP obtained.";"Hai ottenuto [XXX] PI.";"[XXX] IP obtido.";""
"GR_NM_Open_Unopened#1";"Locked";"Bloccato";"Bloqueado ";""
"GR_NM_Open_Opened#1";"Unlocked";"Sbloccato";"Desbloqueado ";""
"GR_NM_Open_OpenRatio#1";"Unlock rate";"Tasso di sblocco";"Taxa de desbloqueio ";""
"GR_NM_Open_OpenedMessage#1";"Unlocked.";"Sbloccato.";"Desbloqueado.";""
"GR_NM_Replay_ForwardsModeOn#1";"Fast Forward";"Avanti veloce";"Avanço rápido ";""
"GR_NM_Replay_ForwardsModeOff#1";"Stop Fast Forwarding";"Ferma avanti veloce";"Parar avanço rápido ";""
"GR_NM_ReturnToModeSelect#1";"Return to Mode Select";"Torna alla selezione modalità";"Voltar à seleção de modo ";""
"GR_MD_Single_ModeSelectMemory#1";"View Story";"Guarda storia";"Rever história";""
"GR_HL_Single_ModeSelectMemory#1";"View dialogue scenes from stages you've already cleared.";"Guarda le scene di dialogo dei livelli che hai già superato.";"Reveja as cenas de diálogo das fases que você já concluiu.";""
"GR_HL_Option_Message_AutoMessage#1";"Toggle auto message on or off.";"Attiva o disattiva i messaggi automatici.";"Liga e desliga o avanço automático das mensagens.";""
"GR_HL_Option_Message_MessageSpeed#1";"Change the text speed.";"Cambia la velocità del testo.";"Muda a velocidade do texto.";""
"GR_HL_MessageSettings#1";"Configure text settings for messages.⏎You can toggle auto message on or off and/or change the text speed.";"Configura le impostazioni di testo per i messaggi.⏎Puoi attivare o disattivare i messaggi automatici e/o cambiare la velocità del testo.";"Configura o texto das mensagens.⏎Dá para ligar o avanço automático e mudar a velocidade.";""
"GR_NM_ReturnToMenu#1";"Return to the menu.";"Torna al menu.";"Voltar ao menu.";""
"GR_HL_ReturnToPrevSeen#1";"Return to the previous screen.";"Torna alla schermata precedente.";"Volta para a tela anterior.";""
"GR_HL_SkipDialogue#1";"Skip the dialogue.";"Salta il dialogo.";"Pula o diálogo.";""
"GR_HL_DisplayBacklog#1";"Display the conversation log.";"Visualizza il registro delle conversazioni.";"Mostra o histórico da conversa.";""
"GR_HL_RemoveMessageWindow#1";"Collapse the message window.";"Comprimi la finestra del messaggio.";"Recolhe a caixa de texto.";""
"GR_CH_Extra_Target#1";"Applicable";"Applicabile";"Aplicável";""
"GR_CH_Extra_NotTarget#1";"Not Applicable";"Non applicabile";"Não aplicável";""
"GR_HL_Gallery_MainVisual#1";"View main visuals.";"Guarda la illustrazioni principali.";"Veja as artes principais.";""
"GR_HL_Gallery_Movie#1";"View movies.";"Guarda i filmati.";"Assista aos vídeos.";""
"GR_HL_Gallery_Illust_Chara#1";"View character illustrations.⏎Unlock a character's illustrations by using them.";"Guarda le illustrazioni dei personaggi.⏎Usa un personaggio per sbloccare le sue illustrazioni.";"Veja as ilustrações dos personagens.⏎Use um personagem para liberar as ilustrações dele.";""
"GR_HL_Gallery_Illust_TalkSeen#1";"View dialogue scene illustrations.⏎Unlock these by playing Arcade Mode.";"Guarda le illustrazioni delle scene di dialogo.⏎Gioca in modalità Arcade per sbloccarle.";"Veja as ilustrações das cenas de diálogo.⏎Libere jogando o modo arcade.";""
"GR_HL_Gallery_Illust_Ending#1";"View ending illustrations.⏎Unlock these by completing Arcade Mode.";"Guarda le illustrazioni dei finali.⏎Completa la modalità Arcade per sbloccarle.";"Veja as ilustrações dos finais.⏎Libere concluindo o modo arcade.";""
"GR_HL_Gallery_Illust_Chibi#1";"View SD character illustrations.⏎Unlock these by spending IP.";"Guarda le illustrazioni chibi dei personaggi.⏎Spendi PI per sbloccarle.";"Veja as ilustrações SD.⏎Libere gastando IP.";""
"GR_HL_Gallery_Illust_Web#1";"View illustrations from the website.⏎Unlock these by spending IP.";"Guarda le illustrazioni del sito web.⏎Spendi PI per sbloccarle.";"Veja as ilustrações do site.⏎Libere gastando IP.";""
"GR_HL_Gallery_Illust_PixelArt#1";"View designer pixel art.⏎Unlock these by spending IP.";"Guarda le illustrazioni in pixel art.⏎Spendi PI per sbloccarle.";"Veja a pixel art dos designers.⏎Libere gastando IP.";""
"GR_HL_Gallery_Voice#1";"Listen to character voices.⏎Unlock these by spending IP.";"Ascolta le voci dei personaggi.⏎Spendi PI per sbloccarle.";"Ouça as vozes dos personagens.⏎Libere gastando IP.";""
"GR_HL_Gallery_Music#1";"Listen to background music.⏎Unlock these by spending IP.";"Ascolta le musiche di sottofondo.⏎Spendi PI per sbloccarle.";"Ouça as músicas do jogo.⏎Libere gastando IP.";""
"GR_HL_Gallery_Windemo#1";"View victory demos.⏎Unlock these by playing the game.";"Guarda le scene di vittoria.⏎Gioca per sbloccarle.";"Veja as demos de vitória.⏎Libere jogando.";""
"GR_NM_CustomizePlate_Frame#1";"Frame";"Cornice";"Moldura ";""
"GR_HL_CustomizePlate_Frame#1";"Change the frame displayed on your plate.";"Cambia la cornice della targa.";"Muda a moldura exibida na sua placa.";""
"GR_NM_CustomizePlate_FrontPanel#1";"Front Panel";"Pannello anteriore";"Painel frontal ";""
"GR_HL_CustomizePlate_FrontPanel#1";"Change the front panel displayed on your plate.";"Cambia il pannello anteriore della targa.";"Muda o painel frontal exibido na sua placa.";""
"GR_NM_CustomizePlate_Character#1";"Character";"Personaggio";"Personagem ";""
"GR_HL_CustomizePlate_Character#1";"Change the character displayed on your plate.";"Cambia il personaggio visualizzato sulla targa.";"Muda o personagem exibido na sua placa.";""
"GR_NM_CustomizePlate_Base#1";"Base";"Sfondo";"Base ";""
"GR_HL_CustomizePlate_Base#1";"Change your plate's base.";"Cambia lo sfondo della targa.";"Muda a base da sua placa.";""
"GR_NM_CustomizePlate_SaveSlot#1";"Save Slot";"Slot di salvataggio";"Vaga de salvamento ";""
"GR_HL_CustomizePlate_SaveSlot#1";"Change the slot in which the game is saved.";"Cambia lo slot in cui viene salvata la partita.";"Muda a vaga em que o jogo é salvo.";""
"GR_NM_Customize_SaveAndReturn#1";"Save and Return";"Salva e ritorna";"Salvar e voltar ";""
"GR_HL_Customize_SaveAndReturn#1";"Save these settings and return to the previous screen.";"Salva queste impostazioni e torna alla schermata precedente.";"Salva estas configurações e volta para a tela anterior.";""
"GR_NM_CustomizePlayerInfo_PlayerInfo#1";"Player Info";"Info giocatore";"Info do jogador ";""
"GR_HL_CustomizePlayerInfo_PlayerInfo#1";"Change the player information displayed on your plate.";"Cambia le informazioni visualizzate sulla tua targa.";"Muda as informações do jogador exibidas na sua placa.";""
"GR_NM_CustomizePlayerInfo_EditTitle#1";"Edit Title";"Modifica titolo";"Editar título ";""
"GR_HL_CustomizePlayerInfo_EditTitle#1";"Edit your title.";"Modifica il tuo titolo.";"Edite o seu título.";""
"GR_NM_Single_StoryNotCleared#1";"Not Completed";"Non completata";"Não concluído ";""
"GR_NM_Single_StoryCleared#1";"Completed";"Completata";"Concluído ";""
"GR_NM_Single_RankingBestRecord#1";"BEST";"RECORD";"MELHOR ";""
"GR_NM_Result_ChainShiftCount#1";"Number of Chain Shifts";"Numero di Chain Shift";"Número de Chain Shifts ";""
"GR_NM_Result_ChainShiftRate#1";"Chain Shift Rate";"Percentuale Chain Shift";"Taxa de Chain Shift ";""
"GR_NM_Result_BestRecord#1";"Personal Best";"Record personale";"Recorde pessoal ";""
"GR_NM_Option_VerticalSync#1";"Vertical Sync";"Sincronizzazione verticale";"Sincronia vertical ";""
"GR_NM_PeriodMonthly#1";"Monthly";"Mensile";"Mensal ";""
"GR_NM_PeriodSeason#1";"Seasonal";"Stagione";"Temporada ";""
"GR_NM_PlateCategory_Zigzag#1";"Zig-Zag";"Zig-zag";"Zigue-zague";""
"GR_NM_PlateCategory_Modern#1";"Modern";"Moderno";"Moderno";""
"GR_NM_PlateCategory_Simple#1";"Simple";"Semplice";"Simples";""
"GR_NM_PlateCategory_Circle#1";"Circle";"Cerchio";"Círculo";""
"GR_NM_PlateCategory_Plaid#1";"Plaid";"Quadri";"Xadrez";""
"GR_NM_PlateCategory_Diamond#1";"Diamond";"Rombi";"Losango";""
"GR_NM_PlateCategory_PolkaDots#1";"Polka Dots";"Pois";"Poá";""
"GR_NM_PlateCategory_Paper#1";"Paper";"Carta";"Papel";""
"GR_NM_PlateCategory_Comic#1";"Comic";"Fumetto";"Quadrinhos";""
"GR_NM_PlateCategory_Concentration#1";"Concentration";"Concentrazione";"Concentração";""
"GR_NM_PlateCategory_Lightning#1";"Lightning";"Fulmine";"Relâmpago";""
"GR_NM_PlateCategory_Universe#1";"Universe";"Universo";"Universo";""
"GR_NM_PlateCategory_DreamPretty#1";"Cute";"Carino";"Fofo";""
"GR_NM_PlateCategory_SNSstyle#1";"Influencer";"Influencer";"Influencer";""
"GR_NM_PlateCategory_ToBeContinued#1";"To Be Continued";"Continua...";"Continua...";""
"GR_NM_PlateCategory_SurveyList#1";"Survey List";"Lista";"Lista de pesquisa";""
"GR_NM_PlateCategory_StampsAndEnvelopes#1";"Stamps and Envelopes";"Posta";"Selos e envelopes";""
"GR_NM_PlateCategory_Cyber#1";"Cyber";"Cyber";"Cyber";""
"GR_NM_PlateCategory_ExeLateMenuStyle#1";"Exe:Late Menu Style";"Menu Exe:Late";"Estilo menu Exe:Late";""
"GR_NM_PlateSubCategory_Red#1";"Red";"Rosso";"Vermelho";""
"GR_NM_PlateSubCategory_Green#1";"Green";"Verde";"Verde";""
"GR_NM_PlateSubCategory_Blue#1";"Blue";"Blu";"Azul";""
"GR_NM_PlateSubCategory_Yellow#1";"Yellow";"Giallo";"Amarelo";""
"GR_NM_PlateSubCategory_Purple#1";"Purple";"Viola";"Roxo";""
"GR_NM_PlateSubCategory_White#1";"White";"Bianco";"Branco";""
"GR_NM_PlateSubCategory_Black#1";"Black";"Nero";"Preto";""
"GR_NM_PlateSubCategory_Light#1";"Light";"Chiaro";"Claro";""
"GR_NM_PlateSubCategory_Dark#1";"Dark";"Scuro";"Escuro";""
"GR_NM_PlateSubCategory_Gold#1";"Gold";"Oro";"Dourado";""
"GR_NM_PlateSubCategory_Iron#1";"Iron";"Ferro";"Ferro";""
"GR_NM_PlateSubCategory_Wood#1";"Wood";"Legno";"Madeira";""
"GR_NM_PlateSubCategory_Crystal#1";"Crystal";"Cristallo";"Cristal";""
"GR_NM_PlateSubCategory_ExeLate#1";"Exe:Late";"Exe:Late";"Exe:Late";""
"GR_NM_PlateCategory_Illust#1";"Illustration";"Illustrazione";"Ilustração";""
"GR_NM_PlateCategory_ChibiChara#1";"SD Character";"Personaggio chibi";"Personagem SD";""
"GR_NM_PlateCategory_SilverDecoration#1";"Sliver Decoration";"Argento ornato";"Decoração prateada";""
"GR_NM_PlateCategory_GoldDecoration#1";"Gold Decoration";"Oro ornato";"Decoração dourada";""
"GR_NM_PlateCategory_Rainbow#1";"Rainbow";"Arcobaleno";"Arco-íris";""
"GR_NM_PlateCategory_Screw#1";"Screwed";"Avvitato";"Parafusado";""
"GR_NM_PlateCategory_PassCase#1";"Pass Case";"Portatessere";"Porta-crachá";""
"GR_NM_PlateCategory_TornPaper#1";"Torn Paper";"Carta strappata";"Papel rasgado";""
"GR_NM_PlateCategory_ScratchCard#1";"Scratch Card";"Gratta e vinci";"Raspadinha";""
"GR_NM_PlateCategory_Acrylic#1";"Acrylic";"Acrilico";"Acrílico";""
"GR_NM_PlateCategory_Excellent#1";"Excellent";"Ottimo lavoro!";"Excelente";""
"GR_NM_PlateCategory_KeepTrying#1";"Keep Trying!";"Forza!";"Não desista!";""
"GR_NM_NPCName_Thanatos#1";"Thanatos";"Thanatos";"";""
"GR_NM_NPCName_AzhiDahaka#1";"Azhi Dahaka";"Azhi Dahaka";"";""
"GR_HL_ViewLicemse#1";"Display license.";"Mostra licenza.";"Exibe a licença.";""
"GR_NM_Network_MatchingType#1";"Matchmaking Settings";"Impostazioni di matchmaking";"Configurações de busca ";""
"GR_HL_RankedMatch_SetMatchingsMethod#1";"Set opponent searching method.⏎If you select ""Stand by in Training Mode,"" you can practice in Training Mode while you wait.";"Imposta il metodo di ricerca degli avversari.⏎Se selezioni ""Attesa in modalità Addestramento"", puoi fare pratica in modalità Addestramento mentre aspetti.";"Define como os oponentes são procurados.⏎Com ""Esperar no modo treino"", dá para treinar enquanto espera.";""
"GR_NM_Network_Total#1";"Total";"Totale";"Total ";""
"GR_NM_Network_CasualMatch#1";"Casual Match";"Partita passatempo";"Partida casual ";""
"GR_NM_Network_RankMatchResult#1";"Ranked Match Performance";"Prestazioni partita classificata";"Desempenho em partida ranqueada ";""
"GR_NM_Network_MaxMatchCountCharacter#1";"Most Played Character";"Personaggio più giocato";"Personagem mais jogado ";""
"GR_NM_Network_UpdateDate#1";"Updated　";"Aggiornato";"Atualizado ";""
"GR_MS_Network_CasualMatchWaiting#1";"Waiting for a Casual Match";"In attesa di una partita passatempo...";"Aguardando uma partida casual";""
"GR_MS_Network_StoppingCasualMatchWaiting#1";"Casual Matchmaking Paused";"Matchmaking passatempo in pausa";"Busca por partida casual pausada";""
"GR_MS_DLC_Unpurchased#1";"You must purchase an add-on to access this content.";"Per utilizzare questo contenuto, devi prima acquistarne il contenuto aggiuntivo corrispondente.";"É preciso comprar um conteúdo adicional para acessar isto.";""
"GR_MS_DLC_Chr023Locked#1";"You must complete Arcade Mode to access this content.";"Devi completare la modalità Arcade per accedere a questo contenuto.";"É preciso concluir o modo arcade para acessar isto.";""
"GR_MS_UniqSettings_EnhancedBullets#1";"Bullet Enhancement";"Proiettili migliorati";"Projétil aprimorado";""
"GR_NM_ReturnToCasualMatchMenu#1";"Return to Casual Match Menu";"Torna al menu Partita passatempo";"Voltar ao menu de partida casual ";""
"GR_HL_ReturnToCasualMatchMenu#1";"End the current mode and return to the Casual Match menu.";"Esci dalla modalità attuale e torna al menu Partita passatempo.";"Encerra o modo atual e volta para o menu de partida casual.";""
"GR_MS_ReturnToCasualMatchMenu#1";"End the current mode and return to the Casual Match menu?";"Uscire dalla modalità attuale e tornare al menu Partita passatempo?";"Encerrar o modo atual e voltar para o menu de partida casual?";""
"GR_NM_Gallery_ChristmasIllustration#1";"Christmas Illustration";"Illustrazione di Natale";"Ilustração de Natal ";""
"GR_NM_Gallery_NewYearIllustration#1";"New Year Illustration";"Illustrazione di Capodanno";"Ilustração de Ano-Novo ";""
"GR_NM_Gallery_ValentineIllustration#1";"Valentine's Day Illustration";"Illustrazione di San Valentino";"Ilustração de Dia dos Namorados ";""
"GR_NM_Gallery_WhiteDayIllustration#1";"White Day Illustration";"Illustrazione del White Day";"Ilustração de White Day ";""
"GR_NM_Gallery_WaldsteindayIllustration#1";"Waldstein Day Illustration";"Illustrazione del Giorno di Waldstein";"Ilustração do Dia do Waldstein ";""
"GR_NM_Gallery_BirthdayIllustration#1";"Birthday Illustration";"Illustrazione di compleanno";"Ilustração de aniversário ";""
"GR_NM_Gallery_LaunchIllustration#1";"Release Day Illustration";"Illustrazione del giorno di pubblicazione";"Ilustração de lançamento ";""
"GR_NM_Gallery_9thAnniversary#1";"Ninth Anniversary Illustration";"Illustrazione del nono anniversario";"Ilustração de 9 anos ";""
"GR_NM_Gallery_10thAnniversary#1";"Tenth Anniversary Illustration";"Illustrazione del decimo anniversario";"Ilustração de 10 anos ";""
"GR_NM_Gallery_DesignMaterials#1";"Design Documents";"Documenti di progettazione";"Documentos de design ";""
"GR_NM_SwitchPlayerSides#1";"Switch Player Sides";"Cambia i lati dei giocatori";"Trocar de lado ";""
"GR_HL_GRDGauge#1";"Configure the GRD Gauge.";"Configura la barra GRD.";"Configura a barra GRD.";""
"GR_HL_GRDGaugeStart#1";"Set the starting value of the GRD Gauge.";"Imposta il valore iniziale della barra GRD.";"Define com quanto a barra GRD começa.";""
"GR_HL_TSGaugeStart#1";"Set the starting value of the TS Gauge.";"Imposta il valore iniziale dell'indicatore TS.";"Define com quanto a barra TS começa.";""
"GR_NM_Training_SpecialTraining#1";"Special Training";"Addestramento speciale";"Treino especial ";""
"GR_HL_Training_SpecialTraining#1";"Configure settings for special training.";"Configura le impostazioni per l'addestramento speciale.";"Configura o treino especial.";""
"GR_NM_Training_Button#1";"Button";"Pulsante";"Botão ";""
"GR_NM_Training_Command#1";"Command";"Comando";"Comando ";""
"GR_HL_Option_ChangeTheVerticalSync#1";"Toggle Vsync on or off.";"Attiva/disattiva VSync.";"Liga e desliga a sincronia vertical.";""
"GR_NM_Network_MemberList#1";"Member List";"Lista dei partecipanti";"Lista de participantes ";""
"GR_NM_Network_ChatMemberEntered#1";"has entered the room.";"è ora nella stanza.";"entrou na sala.";""
"GR_NM_Network_ChatMemberExited#1";"has exited the room.";"non è più nella stanza.";"saiu da sala.";""
"GR_MD_Option_StartupMode#1";"Startup Settings";"Scorciatoia di avvio";"Configurações de inicialização";""
"GR_HL_Option_StartupMode#1";"Change the default mode on startup.";"Ti permette di selezionare la modalità di gioco che apparirà al posto della schermata del titolo.";"Muda o modo padrão ao iniciar o jogo.";""
"GR_MD_TrainingMenu#1";"Training Mode";"Modalità Addestramento";"Modo treino";""
"GR_NM_DelaySettings#1";"Delay Settings";"Ritardo di esecuzione";"Configurações de atraso ";""
"GR_NM_Replay_AssistReady#1";"Replay Assist: Standby";"Assistenza Replay in attesa";"Assistência de replay: em espera ";""
"GR_NM_Replay_AssistWorking#1";"Replay Assist: Active";"Assistenza Replay in corso";"Assistência de replay: ativa ";""
"GR_NM_DummyRecordingStartTiming#1";"Dummy Recording Start Timing";"Inizio registrazione fantoccio";"Início da gravação do dummy ";""
"GR_HL_DummyRecordingStartTiming#1";"Change the timing to begin dummy recording.";"Imposta il momento di inizio della registrazione dei movimenti del fantoccio.";"Muda o momento em que a gravação do dummy começa.";""
"GR_NM_DummyRecording_WaitingForInput#1";"Wait for input";"In attesa degli input";"Esperar comando ";""
"GR_NM_DisplayFrameInformation#1";"Frame Data Display";"Visualizzazione dei dati di frame";"Exibição de frame data ";""
"GR_HL_DisplayFrameInformation#1";"Change frame data display settings.";"Attiva/disattiva la visualizzazione dei dati di frame.";"Muda a exibição do frame data.";""
"GR_NM_DisplayHud#1";"HUD Display";"Mostra HUD";"Exibição do HUD ";""
"GR_HL_DisplayHud#1";"Change HUD display setting.";"Modifica le impostazioni di visualizzazione dell'HUD.";"Muda a exibição do HUD.";""
"GR_NM_StartReplayAssistance#1";"Initiate Replay Assist";"Avvia assistenza replay";"Ativar assistência de replay ";""
"GR_HL_StartReplayAssistance#1";"Start Replay Assist.⏎You can take control of the player on the designated side.";"Avvia assistenza replay.⏎Puoi prendere il controllo del giocatore sul lato designato.";"Ativa a assistência de replay.⏎Você assume o controle do jogador do lado escolhido.";""
"GR_NM_EndReplayAssistance#1";"Exit Replay Assist";"Termina assistenza replay";"Sair da assistência de replay ";""
"GR_HL_EndReplayAssistance#1";"Exit Replay Assist feature.";"Termina l'assistenza replay.";"Encerra a assistência de replay.";""
"GR_NM_RetryReplayAssistance#1";"Restart Replay Assist";"Riavvia assistenza replay";"Reiniciar assistência de replay ";""
"GR_HL_RetryReplayAssistance#1";"Restart Replay Assist feature.";"Riavvia l'assistenza replay.";"Reinicia a assistência de replay.";""
"GR_NM_CloseRange#1";"Close range";"A distanza ravvicinata";"Perto ";""
"GR_HL_MidscreenClose#1";"Restart training from the center of the stage, at close range.";"Riavvia l'addestramento partendo dal centro del livello vicino all'avversario.";"Reinicia o treino no centro do cenário, com os dois perto.";""
"GR_HL_MidscreenCloseOppositeFacing#1";"Restart training from the center of the stage, facing the opposite way at close range.";"Riavvia l'addestramento partendo dal centro del livello⏎al posto del tuo avversario e vicino a lui.";"Reinicia o treino no centro do cenário, virado para o outro lado e perto.";""
"GR_HL_Training_Appeal#1";"Change the Taunt settings.";"Ti permette di regolare i parametri di Provocazione.";"Muda as configurações de provocação.";""
"GR_NM_StateSave#1";"Save state";"Salva stato";"Salvar estado ";""
"GR_HL_StateSave#1";"Save the current state.";"Salva la situazione di gioco con le posizioni dei personaggi e gli attacchi attuali.";"Salva o estado atual.";""
"GR_NM_StateLoad#1";"Load state";"Carica stato";"Carregar estado ";""
"GR_HL_StateLoad#1";"Restart training from a saved state.";"Ripristina il gioco alla situazione salvata.";"Reinicia o treino a partir de um estado salvo.";""
"GR_NM_Category_RIPAchivment050#1";"RIP 500,000 Reward";"RIP 500,000 Ricompensa";"Recompensa de 500.000 RIP";""
"GR_NM_Category_RIPAchivment100#1";"RIP 1,000,000 Reward";"RIP 1,000,000 Ricompensa";"Recompensa de 1.000.000 RIP";""
"GR_NM_Category_RIPAchivment150#1";"RIP 1,500,000 Reward";"RIP 1,500,000 Ricompensa";"Recompensa de 1.500.000 RIP";""
"GR_NM_Category_RIPAchivment200#1";"RIP 2,000,000 Reward";"RIP 2,000,000 Ricompensa";"Recompensa de 2.000.000 RIP";""
"GR_NM_RIPAchievement#1";"ACHIEVEMENT";"ACHIEVEMENT";"CONQUISTA ";""
"GR_NM_Achieved#1";"-ACHIEVED-";"-ACHIEVED-";"-CONQUISTADO- ";""
"GR_NM_PlateCategory_Flash#1";"Flash";"Bagliore";"Flash";""
"GR_NM_PlateCategory_SpeedLines#1";"Speed Lines";"Linee di velocità";"Linhas de velocidade";""
"GR_NM_PlateCategory_Whimsical#1";"Whimsical";"Luci sfocate";"Caprichoso";""
"GR_NM_PlateCategory_Eerie#1";"Eerie";"Aura minacciosa";"Sinistro";""
"GR_NM_PlateCategory_StylizedWaves#1";"Stylized Waves";"Modello Seigaiha";"Ondas estilizadas";""
"GR_NM_PlateCategory_Golden#1";"Golden";"Foglia d'oro";"Dourado";""
"GR_NM_PlateCategory_DamaskPattern#1";"Damask Pattern";"Damascato";"Padrão damasco";""
"GR_NM_PlateCategory_ElegantFlower#1";"Elegant Flower";"Fiori eleganti";"Flor elegante";""
"GR_NM_PlateCategory_Cobblestone#1";"Cobblestone";"Intrecciato rosso";"Paralelepípedo";""
"GR_NM_PlateCategory_Painted_Yellow#1";"Painted (Yellow)";"Laccato (giallo)";"Pintado (amarelo)";""
"GR_NM_PlateCategory_Painted_Red#1";"Painted (Red)";"Laccato (rosso)";"Pintado (vermelho)";""
"GR_NM_PlateCategory_Cork#1";"Cork";"Sughero";"Cortiça";""
"GR_NM_PlateCategory_SteelPlate#1";"Steel Plate";"Lamiera mandorlata";"Chapa de aço";""
"GR_NM_PlateCategory_Blackboard#1";"Blackboard";"Lavagna";"Quadro-negro";""
"GR_NM_PlateCategory_Brick#1";"Brick";"Mattone";"Tijolo";""
"GR_NM_PlateCategory_Argyle#1";"Argyle";"Rombi Argyle";"Losangos";""
"GR_NM_PlateCategory_NightCity#1";"Night City";"Città notturna";"Cidade à noite";""
"GR_NM_PlateCategory_Polygon#1";"Polygon";"Poligoni";"Polígono";""
"GR_NM_PlateCategory_Retrospect#1";"Retrospect";"Stile retrò";"Retrô";""
"GR_NM_PlateCategory_PopArtCity#1";"Pop Art City";"Stile City pop";"Cidade pop art";""
"GR_NM_PlateCategory_ComicBook#1";"Comic Book";"Comico";"Revista em quadrinhos";""
"GR_NM_PlateCategory_Explosion#1";"Explosion";"Esplosione";"Explosão";""
"GR_NM_PlateCategory_Cyberspace#1";"Cyberspace";"Cyberspazio";"Ciberespaço";""
"GR_NM_PlateCategory_Halo#1";"Halo";"Gloriola";"Halo";""
"GR_NM_PlateCategory_InfiniteWorth_BG#1";"Infinite Worth (BG)";"Infinite Worth (Sfondo)";"Infinite Worth (fundo)";""
"GR_NM_PlateCategoryInfiniteWorth_Finish#1";"Infinite Worth (Finish)";"Infinite Worth (Fine)";"Infinite Worth (final)";""
"GR_NM_PlateCategory_ClassicFrame#1";"Classic Frame";"Cornice classica";"Moldura clássica";""
"GR_NM_PlateCategory_RedFrame#1";"Red Frame";"Cornice rossa";"Moldura vermelha";""
"GR_NM_PlateCategory_Notebook#1";"Notebook";"Quaderno a spirale";"Caderno";""
"GR_NM_PlateCategory_PaperClip#1";"Paper Clip";"Graffetta";"Clipe de papel";""
"GR_NM_PlateCategory_OldIronPlate#1";"Old Iron Plate";"Metallo invecchiato";"Chapa de ferro velha";""
"GR_NM_PlateCategory_BrokenGlass#1";"Broken Glass";"Vetro rotto";"Vidro quebrado";""
"GR_NM_PlateCategory_CameraLens#1";"Camera Lens";"Telecamera";"Lente de câmera";""
"GR_NM_PlateCategory_WrappingRibbon#1";"Wrapping Ribbon";"Nastro regalo";"Fita de presente";""
"GR_NM_PlateCategory_BeautyEffect#1";"Beauty Effect";"Olografico";"Efeito beleza";""
"GR_NM_PlateCategory_BeginnerSymbol#1";"Beginner Symbol";"Adesivo principiante";"Símbolo de iniciante";""
"GR_NM_PlateCategory_LightBulb#1";"Light Bulb";"Eureka";"Lâmpada";""
"GR_NM_PlateCategory_UpInFlames#1";"Up In Flames";"In fiamme";"Em chamas";""
"GR_NM_PlateCategory_Electricity#1";"Electricity";"Elettrizzato";"Eletricidade";""
"GR_NM_PlateCategory_Personalized#1";"Personalized";"Personalizzato";"Personalizado";""
"GR_NM_PlateCategory_MyFave#1";"My Fave";"Amore mio";"Meu favorito";""
"GR_NM_PlateCategory_SpeechBubble#1";"Speech Bubble";"Fumetto";"Balão de fala";""
"GR_NM_PlateCategory_PriceTag#1";"Price Tag";"Cartellino del prezzo";"Etiqueta de preço";""
"GR_NM_PlateCategory_TitleLogo01#1";"Title Logo 01";"Logo del gioco 1";"Logo do título 01";""
"GR_NM_PlateCategory_TitleLogo02#1";"Title Logo 02";"Logo del gioco 2";"Logo do título 02";""
"GR_NM_PlateCategory_LightingEffect_Circle#1";"Lighting Effect (Circle)";"Effetto luce (cerchi)";"Efeito de luz (círculo)";""
"GR_NM_PlateCategory_LightingEffect_Diamond#1";"Lighting Effect (Diamond)";"Effetto luce (diamanti)";"Efeito de luz (losango)";""
"GR_NM_PlateCategory_Spotlight#1";"Spotlight";"Proiettore";"Holofote";""
"GR_NM_PlateCategory_Sparkle#1";"Sparkle";"Scintilla";"Brilho";""
"GR_NM_PlateCategory_SystemAnnouncer01#1";"System Announcer 01";"Messaggi di sistema 1";"Locutor do sistema 01";""
"GR_NM_PlateCategory_SystemAnnouncer02#1";"System Announcer 02";"Messaggi di sistema 2";"Locutor do sistema 02";""
"GR_NM_PlateCategory_WhiteNoise#1";"White Noise";"Rumore statico Glitch";"Ruído branco";""
"GR_NM_PlateCategory_Distortion#1";"Distortion";"Rumore video Glitch";"Distorção";""
"GR_NM_PlateCategory_Neon#1";"Neon";"Neon";"Neon";""
"GR_NM_PlateCategory_CameraFilm#1";"Camera Film";"Pellicola film";"Filme fotográfico";""
"GR_NM_PlateCategory_GoldenClouds#1";"Golden Clouds";"Nuvole dorate";"Nuvens douradas";""
"GR_NM_PlateCategory_TradingCard#1";"Trading Card";"Carta collezionabile";"Card colecionável";""
"GR_NM_PlateCategory_WhiteClouds#1";"White Clouds";"Nuvole bianche";"Nuvens brancas";""
"GR_HL_PlayerMatch_SetLowestRankJoinRoom#1";"Set the lowest rank of players who can join the room.";"Imposta il rango minimo dei giocatori che possono entrare nella stanza.";"Define o rank mínimo de quem pode entrar na sala.";""
"GR_HL_PlayerMatch_SetHighestRankJoinRoom#1";"Set the highest rank of players who can join the room.";"Imposta il rango massimo dei giocatori che possono entrare nella stanza.";"Define o rank máximo de quem pode entrar na sala.";""
"GR_HL_PlayerMatch_SetRregionJoinRoom#1";"Set the country/region of players who can join the room.";"Imposta il paese/la regione dei giocatori che possono entrare nella stanza.";"Define o país ou região de quem pode entrar na sala.";""
"GR_HL_PlayerMatch_FilterBasedOnRregion#1";"Filter the country/region in which to search for room owners.";"Filtra il paese/la regione in cui cercare il leader della stanza.";"Filtra o país ou região onde buscar donos de sala.";""
"GR_HL_PlayerMatch_FilterBasedOnStrengthExceed#1";"Filter potential room owners based on skill level.⏎ This will search for opponents who are at or above the designated rank.";"Filtra i potenziali leader della stanza in base al livello di abilità.⏎Questo cercherà avversari che sono al di sopra del rango designato.";"Filtra os donos de sala pelo nível.⏎ Busca oponentes do rank definido para cima.";""
"GR_HL_PlayerMatch_FilterBasedOnStrengthNotExceed#1";"Filter potential room owners based on skill level.⏎ This will search for opponents who are at or below the designated rank.";"Filtra i potenziali leader della stanza in base al livello di abilità.⏎Questo cercherà avversari che sono al di sotto del rango designato.";"Filtra os donos de sala pelo nível.⏎ Busca oponentes do rank definido para baixo.";""
"GR_NM_Playback#1";"Playback";"Riproduzione";"Reproduzir ";""
"GR_NM_PlaybackAfterRestart#1";"Play Once After Restart";"Riproduci una volta dopo il riavvio";"Reproduzir uma vez após reiniciar ";""
"GR_NM_Once#1";"Once";"Una volta";"Uma vez ";""
"GR_MS_Network_Rank_Setting_Header#1";"Select Starting Rank";"Scegli il rango iniziale";"Escolha o rank inicial";""
"GR_MS_Network_Rank_Setting_Confirm_Dlg_Message#1";"Your starting Rank cannot be changed once selected!⏎Continue with selected rank?";"Non puoi cambiare il rango iniziale una volta scelto!⏎Continuare con il rango scelto?";"O rank inicial não pode ser mudado depois de escolhido!⏎Continuar com o rank selecionado?";""
"GR_HL_Network_Rank_Setting_Beginner#1";"Starting from Rank D.⏎This rank is recommended for first-time fighting game players.";"Inizia dal rango D.⏎Questo rango è consigliato per chi si avvicina ai giochi picchiaduro per la prima volta.";"Começar do rank D.⏎Recomendado para quem nunca jogou um jogo de luta.";""
"GR_HL_Network_Rank_Setting_Intermediate#1";"Starting from Rank C.⏎This rank is recommended for players who have some experience with fighting games.";"Inizia dal rango C.⏎Questo rango è consigliato per chi ha già qualche esperienza con i giochi picchiaduro.";"Começar do rank C.⏎Recomendado para quem já tem alguma experiência com jogos de luta.";""
"GR_HL_Network_Rank_Setting_Expert#1";"Starting from Rank B.⏎This rank is recommended for players who play fighting games often.";"Inizia dal rango B.⏎Questo rango è consigliato per chi gioca spesso a giochi picchiaduro.";"Começar do rank B.⏎Recomendado para quem joga jogos de luta com frequência.";""
"GR_HL_Network_Rank_Setting_Exit#1";"Returning to Network menu.";"Ritorno al menu Online.";"Voltando para o menu online.";""
"GR_MS_Network_Rank_Option_RankDemotion#1";"Rank Demotion";"Retrocessione di rango";"Rebaixamento de rank ";""
"GR_HL_Network_Rank_Option_RankDemotion#1";"Sets whether your Rank will decrease by one level when your rank value sufficiently drops during Network Battles.";"Imposta se il tuo Rango diminuirà di un livello quando il valore del tuo rango scende notevolmente durante le Battaglie online.";"Define se o seu rank cai um nível quando a sua pontuação diminui bastante nas lutas online.";""
"GR_NM_Replay_Forward#1";"Forward";"Avanti";"Avançar ";""
"GR_NM_Replay_AssistPlusReady#1";"Replay Assist Plus: Standby";"Assistenza replay + in attesa";"Assistência de replay Plus: em espera ";""
"GR_NM_Replay_AssistPlusWorking#1";"Replay Assist Plus: Active";"Assistenza replay + in corso";"Assistência de replay Plus: ativa ";""
"GR_NM_StartReplayAssistancePlus#1";"Initiate Replay Assist Plus";"Avvia assistenza replay +";"Ativar assistência de replay Plus ";""
"GR_HL_StartReplayAssistancePlus#1";"Start Replay Assist Plus. Any controls you've overwritten with Replay Assist will remain,⏎allowing you to take control of the opposing side afterwards.";"Avvia assistenza replay +. Tutti i comandi che hai sovrascritto con assistenza replay rimarranno,⏎e ti permetteranno di prendere il controllo della squadra avversaria in seguito.";"Ativa a assistência de replay Plus. Os comandos que você já sobrescreveu com a assistência continuam valendo,⏎permitindo que você assuma o outro lado depois.";""
"GR_NM_EndReplayAssistancePlus#1";"Exit Replay Assist Plus";"Termina assistenza replay +";"Sair da assistência de replay Plus ";""
"GR_HL_EndReplayAssistancePlus#1";"Exit Replay Assist Plus feature.";"Termina l'assistenza replay +.";"Encerra a assistência de replay Plus.";""
"GR_NM_RetryReplayAssistancePlus#1";"Restart Replay Assist Plus";"Riavvia assistenza replay +";"Reiniciar assistência de replay Plus ";""
"GR_HL_RetryReplayAssistancePlus#1";"Restart Replay Assist Plus feature.";"Riavvia l'assistenza replay +.";"Reinicia a assistência de replay Plus.";""
"GR_NM_RESTART#1";"Start Over";"Ricomincia";"Começar de novo ";""
"GR_HL_RESTART#1";"Restarting from the beginning.";"Ricomincia dall'inizio.";"Recomeçando do início.";""
"GR_NM_Battle_Subtitle#1";"In-Battle Subtitles";"Sottotitoli in battaglia";"Legendas na luta ";""
"GR_HL_Option_Ballte_Subtitle#1";"Sets whether to display subtitles for some in-battle voices.";"Imposta se visualizzare i sottotitoli per alcune voci in battaglia.";"Define se algumas falas da luta aparecem legendadas.";""
"GR_NM_Tournament_AWT2024#1";"ARC WORLD TOUR FINALS 2024";"ARC WORLD TOUR FINALS 2024";"ARC WORLD TOUR FINALS 2024";""
"GR_NM_Tournament_AWT2025#1";"ARC WORLD TOUR FINALS 2025-2026";"ARC WORLD TOUR FINALS 2025-2026";"ARC WORLD TOUR FINALS 2025-2026";""
"GR_NM_Tournament_1stPlace#1";"1st Place";"1st Place";"1º lugar";""
"GR_NM_Tournament_2ndPlace#1";"2nd Place";"2nd Place";"2º lugar";""
"GR_NM_Tournament_3rdPlace#1";"3rd Place";"3rd Place";"3º lugar";""
"GR_NM_Tournament_Top8#1";"Top 8";"Top 8";"Top 8";""
"GR_NM_RandomRate#1";"Random rate";"Tasso casuale";"Taxa de aleatoriedade ";""
"GR_NM_AdvancedSettings#1";"Advanced Settings";"Impostazioni avanzate";"Configurações avançadas ";""
"GR_NM_Network_VsExitReturn#1";"Return to Previous Mode";"Torna alla modalità precedente";"Voltar ao modo anterior ";""
"GR_HL_Network_VsExitReturn#1";"Return to the previous mode and start waiting for a network match.";"Torna alla modalità precedente e inizia ad attendere una partita online.";"Volta ao modo anterior e começa a aguardar uma partida online.";""
"GR_NM_Network_VsExitReplay#1";"Enter Replay Mode";"Accedi alla modalità Replay";"Entrar no modo replay ";""
"GR_HL_Network_VsExitReplay#1";"Enter Replay Mode to view saved match replays.";"Accedi alla modalità Replay per visualizzare i replay salvati.";"Entra no modo replay para ver as partidas salvas.";""
"GR_NM_Network_VsExitTraining#1";"Training Against Your Opponent's Character";"Allenamento contro il personaggio dell'avversario";"Treinar contra o personagem do oponente ";""
"GR_HL_Network_VsExitTraining#1";"Set the character and start training standby.";"Imposta il personaggio e avvia l'attesa per l'allenamento.";"Define o personagem e entra em espera no treino.";""
"GR_NM_Network_VsExitEnd#1";"End Network Match";"Termina la partita online";"Encerrar partida online ";""
"GR_HL_Network_VsExitEnd#1";"End the network match.";"Termina la partita online.";"Encerra a partida online.";""
"GR_NM_Network_VsExitEndRankedMatch#1";"End Ranked Match";"Termina la partita classificata";"Encerrar partida ranqueada ";""
"GR_HL_Network_VsExitEndRankedMatch#1";"End the ranked match.";"Termina la partita classificata.";"Encerra a partida ranqueada.";""
"GR_NM_Network_VsExitEndCasualMatch#1";"End Casual Match";"Termina la partita casuale";"Encerrar partida casual ";""
"GR_HL_Network_VsExitEndCasualMatch#1";"End the casual match.";"Termina la partita casuale.";"Encerra a partida casual.";""
"GR_NM_Mission_PlayLastAttemptReplay#1";"View Last Attempt";"Visualizza ultimo tentativo";"Ver última tentativa ";""
"GR_HL_Mission_PlayLastAttemptReplay#1";"Play back your last attempt.";"Riproduce il tuo ultimo tentativo.";"Reproduz a sua última tentativa.";""
"GR_NM_Mission_PlayingLastAttemptReplay#1";"Playing Last Attempt";"Riproduzione ultimo tentativo in corso";"Reproduzindo a última tentativa ";""
"GR_ONLY_STEAM_BELOW#1";"ここから下はSteam用";"Below is the Steam Text";"";""
"GR_HL_DisplaySettings#1";"Configure the display settings.";"Configura le impostazioni di visualizzazione.";"Configura a exibição.";""
"GR_HL_KeyBoardSettings_Battle#1";"Configure keyboard settings for battle controls.";"Configura le impostazioni della tastiera per i comandi di battaglia.";"Configura o teclado para os controles de luta.";""
"GR_HL_KeyBoardSettings_Menu#1";"Configure keyboard settings for menu controls.";"Configura le impostazioni della tastiera per i comandi dei menu.";"Configura o teclado para os controles de menu.";""
"GR_NM_Operation_Guide#1";"Control Guide";"Guida dei comandi";"Guia de controles ";""
"GR_HL_Option_Operation_Guide#1";"Configure the control guide.";"Configura la guida dei comandi.";"Configura o guia de controles.";""
"GR_NM_Operation_Guide_Controller_and_Keyboard#1";"Controller and Keyboard";"Controller e tastiera";"Controle e teclado ";""
"GR_NM_Operation_Guide_Keyboard#1";"Keyboard";"Tastiera";"Teclado ";""
"GR_NM_KeyBoardSettings_Battle#1";"Keyboard Settings (Battle)";"Impostazioni tastiera (battaglia)";"Teclado (luta) ";""
"GR_NM_KeyBoardSettings_Menu#1";"Keyboard Settings (Menus)";"Impostazioni tastiera (menu)";"Teclado (menus) ";""
"GR_NM_Resolution#1";"Resolution";"Risoluzione";"Resolução ";""
"GR_HL_Option_Resolution#1";"Change the screen resolution.";"Cambia la risoluzione dello schermo.";"Muda a resolução da tela.";""
"GR_NM_ScreenMode#1";"Screen Settings";"Impostazioni schermo";"Configurações de tela ";""
"GR_HL_Option_ScreenMode#1";"Configure the screen settings.";"Configura le impostazioni dello schermo.";"Configura o modo de exibição.";""
"GR_NM_Window#1";"Windowed";"In finestra";"Em janela ";""
"GR_NM_FullScreen#1";"Fullscreen";"Schermo intero";"Tela cheia ";""
"GR_NM_Borderlesswindowed#1";"Borderless windowed";"Finestrato senza bordi";"Janela sem bordas ";""
"GR_NM_KeyboardPlayerNum#1";"Number of Keyboard Players";"Numero di giocatori su tastiera";"Jogadores no teclado ";""
"GR_HL_Option_KeyBoardPlayerNum#1";"Configure how many players can use the keyboard.";"Configura quanti giocatori possono usare la tastiera.";"Define quantos jogadores podem usar o teclado.";""
"GR_MS_KeyBoard_Assign#1";"Please press the key you want to assign.";"Premi il tasto che vuoi assegnare.";"Aperte a tecla que você quer atribuir.";""
"GR_NM_Antiailias#1";"Anti-aliasing";"Anti-alias";"Anti-serrilhado ";""
"GR_HL_Option_AntiAlias#1";"Configure anti-aliasing settings.";"Configura le impostazioni dell'anti-alias.";"Configura o anti-serrilhado.";""
"GR_NM_AntiAlias_2x#1";"2x";"2x";"2x ";""
"GR_NM_AntiAlias_4x#1";"4x";"4x";"4x ";""
"GR_NM_ControllerGuideIcon#1";"Control Guide Controller Icons";"Icone controller guida dei comandi";"Ícones do guia de controles ";""
"GR_HL_Option_ControllerGuideIcon#1";"Change the controller icons shown on the control guide.";"Cambia le icone del controller mostrate nella guida dei comandi.";"Muda os ícones de controle exibidos no guia.";""
"GR_NM_ControllerGuideIcon_Type1#1";"Type 1";"Tipo 1";"Tipo 1 ";""
"GR_NM_ControllerGuideIcon_Type2#1";"Type 2";"Tipo 2";"Tipo 2 ";""
"GR_NM_ControllerGuideIcon_Type3#1";"Type 3";"Tipo 3";"Tipo 3 ";""
"GR_NM_Brightness#1";"Adjust brightness.";"Regola luminosità";"Ajustar brilho ";""
"GR_HL_Option_Brightness#1";"Adjust the brightness.";"Regola la luminosità.";"Ajusta o brilho.";""
"GR_NM_AspectRatio#1";"Aspect Ratio";"Aspect ratio";"Proporção da tela ";""
"GR_HL_Option_AspectRatio#1";"Change the aspect ratio.";"Cambia l'aspect ratio.";"Muda a proporção da tela.";""
"GR_NM_Option_CharacterQualityUp#1";"Character Visual Improvements";"Qualità del personaggio migliorata";"Melhorias visuais dos personagens ";""
"GR_HL_Option_CharacterQualityUp#1";"Toggle character visual improvements on or off.";"Abilita o disabilita il miglioramento della grafica dei personaggi.";"Liga e desliga as melhorias visuais dos personagens.";""
"GR_MS_Network_ChangeKeyboardSettings#1";"Change Keyboard Settings";"Cambia impostazioni tastiera";"Mudar configurações do teclado";""
"GR_NM_Ranking_NoDataDueToOutdatedVersion#1";"Cannot display data due to outdated version.";"Impossibile visualizzare i dati perché provengono da una versione precedente.";"";""
