"key";"source_en";"source_slot";"target";"note"
"hyd_tactics_footsies_start";"\\@MESSAGE@⏎Hyde is a standard character who can use both projectiles and invulnerable attacks.\n⏎He excels at any range, but he's particularly good at close-range combat.⏎\k⏎\\@MESSAGE@⏎Hyde's basic strategy starts with his fast, safe standing \@B@ and \@2+B@.\n⏎In the air, his long-reaching \@6+C@ is particularly useful.\n⏎Once you stop the opponent with your pokes, dash in or use an Assault to get close.⏎\n⏎When you're at a disadvantage, Hyde's fast backsteps come in handy.\n⏎At ranges where standing \@B@ and \@2+B@ don't reach, use \@236+A@ or \@22+A@.\n⏎\k";"\\@MESSAGE@⏎Hyde è un personaggio standard che può usare sia proiettili sia attacchi invulnerabili.\n⏎È eccellente a qualsiasi distanza, ma in particolare nel combattimento ravvicinato.⏎\k⏎\\@MESSAGE@⏎La strategia di base di Hyde inizia con gli attacchi veloci e sicuri \@B@ in piedi e \@2+B@.\n⏎In aria, la lunga portata di \@6+C@ è particolarmente utile.\n⏎Dopo aver fermato l'avversario con le respinte, scatta o usa l'Assalto per avvicinarti.⏎\n⏎Quando sei in svantaggio, i passi indietro rapidi di Hyde tornano utili.\n⏎A distanze in cui \@B@ in piedi e \@2+B@ non arrivano al bersaglio, usa \@236+A@ o \@22+A@.\n⏎\k";"";""
"hyd_tactics_pressure_start";"\\@MESSAGE@⏎Start with a standing \@B@, continue into \@B@>\@C@,\n⏎then \@236+B@> follow-up \@6+A@ for a full sequence.\n⏎If your opponent blocks, stop at the \@236+B@> follow-up \@6+A@ step and back off.\n⏎\n⏎If your attacks hit, follow up with a dashing \@C@>\@214+B@ to deal more damage.\n⏎\k";"\\@MESSAGE@⏎Inizia con \@B@ in piedi , continua in \@B@ > \@C@,\n⏎quindi \@236+B@ > \@6+A@ a seguire per la sequenza completa.\n⏎Se l'avversario para, fermati a \@236+B@ > \@6+A@ a seguire e arretra.\n⏎\n⏎Se i tuoi attacchi vanno a segno, prosegui con \@C@ in scatto > \@214+B@ per infliggere più danni.\n⏎\k";"";""
"hyd_tactics_mixup_start";"\\@MESSAGE@⏎Once you get close to your opponent, try a mix-up between the overhead \@ZB+C@ and the low \@2+C@.\n⏎It's best to start from a block string, such as \@B@>\@C@.\n⏎\n⏎From an Assault, you can press \@B@ in midair for a fast overhead attack.\n⏎Alternate between this and a dashing \@2+A@ low attack for a mix-up. ⏎\k";"\\@MESSAGE@⏎Una volta che ti avvicini all'avversario, prova una tattica mista con \@ZB+C@ discendente e \@2+C@ basso.\n⏎È meglio iniziare da una serie bloccata, ad esempio \@B@ > \@C@.\n⏎\n⏎Dall'Assalto, puoi premere \@B@ a mezz'aria per un rapido attacco discendente.\n⏎Alterna tra questo e un attacco \@2+A@ basso in scatto come tattica mista.⏎\k";"";""
"hyd_tactics_throw_start";"\\@MESSAGE@⏎You can follow up on Hyde's throw if your opponent is in the corner.\n⏎Try it when your opponents stubbornly guard!\n⏎\k";"\\@MESSAGE@⏎Puoi attaccare a seguire dopo la proiezione di Hyde se l'avversario ha le spalle al muro.\n⏎Prova quando i tuoi avversari si ostinano a restare in guardia!\n⏎\k";"";""
"hyd_tactics_invincible_start";"\\@MESSAGE@⏎When your opponent gets aggressive, try reversing the situation\n⏎with invulnerable attacks like \@623+B@, \@623+C@, and \@236+B+C@.\n⏎\n⏎If you use Chain Shift to confirm the situation first,\n⏎you won't miss a chance to deal damage.\n⏎\k";"\\@MESSAGE@⏎Quando l'avversario diventa aggressivo, prova a capovolgere la situazione\n⏎con attacchi invulnerabili come \@623+B@, \@623+C@ e \@236+B+C@.\n⏎\n⏎Se prima usi Chain Shift per verificare la situazione,\n⏎non perderai l'occasione di infliggere danni.\n⏎\k";"";""
"hyd_tactics_antiair_start";"\\@MESSAGE@⏎If your opponent attacks from the air, take them down with a \@3+C@ anti-air attack.\n⏎If your \@3+C@ lands a counter hit, you can continue into a combo with \@2+B@.⏎\k";"\\@MESSAGE@⏎Se l'avversario attacca dall'alto, abbattilo con un attacco \@3+C@ antiaereo.\n⏎Se il colpo di contrasto con \@3+C@ va a segno, puoi concatenare una combo con \@2+B@.⏎\k";"";""
"lin_tactics_footsies_start";"\\@MESSAGE@⏎Linne is a speedy character who excels at the neutral game\n⏎with her fast dashes and good backsteps.\n⏎She's great at dashing in to force opponents into close combat.\n⏎\k⏎\\@MESSAGE@⏎Closing in on your opponent with dashes and Assaults to use\n⏎fast attacks like standing \@B@ and \@2+B@ is a strong strategy.\n⏎If you find it difficult to get close to your opponent,\n⏎you can press \@6+A+B@ while dashing to make Linne roll,\n⏎or use her longer-reaching attacks like standing \@C@, \@2+C@, and aerial \@236+B@.⏎\k";"\\@MESSAGE@⏎Linne è un personaggio veloce che eccelle nel gioco sul posto\n⏎con scatti veloci e utili passi all'indietro.\n⏎È eccellente nello scattare avanti per costringere gli avversari al combattimento ravvicinato.\n⏎\k⏎\\@MESSAGE@⏎Avvicinarsi all'avversario con scatti e Assalti per usare attacchi veloci come \@B@ in piedi e \@2+B@ è un'ottima strategia.\n⏎Se hai difficoltà nell'avvicinarti all'avversario, puoi premere \@6+A+B@ durante lo scatto per far fare una capriola a Linne,\n⏎o usare i suoi attacchi con portata più lunga come \@C@ in piedi, \@2+C@ e \@236+B@ in aria.⏎\k";"";""
"lin_tactics_pressure_start";"\\@MESSAGE@⏎Start with a standing \@B@, continue into \@B@>\@2+B@>\@2+C@,\n⏎then follow up with \@214+B@.\n⏎If your opponent blocks, \@214+B@> follow-up \@A@ is a safe place to stop.\n⏎\n⏎If your attacks hit, continue into \@214+B@> follow-up \@A@>\@X@>aerial \@C@>aerial \@2+B@\n⏎to deal more damage.\n⏎\k";"\\@MESSAGE@⏎Inizia con \@B@ in piedi, continua con \@B@ > \@2+B@ > \@2+C@,\n⏎poi con \@214+B@ a seguire.\n⏎Se l'avversario para, \@214+B@ > \@A@ a seguire è un punto sicuro in cui fermarsi.\n⏎\n⏎Se i tuoi attacchi vanno a segno, continua con \@214+B@ > \@A@ a seguire > \@X@ > \@C@ in aria > \@2+B@ in aria per infliggere più danni.\n⏎\k";"";""
"lin_tactics_mixup_start";"\\@MESSAGE@⏎Once you get close to your opponent, try a mix-up between the overhead standing \@C@> \@Z@ follow-up \@C@\n⏎and the low \@2+C@.\n⏎\n⏎In the corner, you can go for a mix-up between the \@22+B@ overhead and the \@Z22+B@ low.\n⏎You can use \@22+B@ in the corner without jumping over your opponent,\n⏎allowing you to keep the pressure on.⏎\k";"\\@MESSAGE@⏎Una volta che ti avvicini all'avversario, prova una tattica mista con \@C@ discendente in piedi > \@Z@ a seguire \@C@ \n⏎e \@2+C@ basso.\n⏎\n⏎All'angolo, puoi provare una tattica mista con \@22+B@ discendente\n⏎e \@Z22+B@ basso.\n⏎Puoi usare \@22+B@ all'angolo senza scavalcare l'avversario, per tenerlo sotto pressione.⏎\k";"";""
"lin_tactics_invincible_start";"\\@MESSAGE@⏎When your opponent gets aggressive, try reversing the situation with invulnerable attacks\n⏎like \@623+B@ and \@623+C@.\n⏎\n⏎If you use Chain Shift to confirm the situation first,\n⏎you won't miss a chance to deal damage.\n⏎\k";"\\@MESSAGE@⏎Quando l'avversario diventa aggressivo, prova a capovolgere la situazione con attacchi invulnerabili come \@623+B@ e \@623+C@.\n⏎\n⏎Se prima usi un Chain Shift per verificare la situazione,\n⏎non perderai l'occasione di infliggere danni.\n⏎\k";"";""
"lin_tactics_antiair_start";"\\@MESSAGE@⏎If your opponent attacks from the air, use \@B+C@> follow-up \@A@or\@B@or\@C@\n⏎or \@623+A@ to take them down.\n⏎When using \@B+C@ as an anti-air attack, you'll need to input the command early.⏎\k";"\\@MESSAGE@⏎Se l'avversario attacca dall'alto, usa \@B+C@ > \@A@ o \@B@ o \@C@\n⏎o \@623+A@ a seguire per abbatterlo.\n⏎Quando usi \@B+C@ come attacco antiaereo, dovrai inserire il comando in anticipo.⏎\k";"";""
"lin_tactics_ball_invincible_start";"\\@MESSAGE@⏎Try dealing with your opponent's projectiles with \@22+C@.\n⏎It makes you invulnerable to projectiles, allowing you to evade while attacking.⏎\k";"\\@MESSAGE@⏎Prova a rispondere ai proiettili dell'avversario con \@22+C@.\n⏎Ti rende invulnerabile ai proiettili, permettendoti di schivare mentre attacchi.⏎\k";"";""
"wal_tactics_footsies_start";"\\@MESSAGE@⏎Waldstein's walk, dash and backstep are slow and heavy,\n⏎but as a trade-off, his attacks are long-reaching and deal high damage.\k⏎\k⏎\\@MESSAGE@⏎A strong tactic is to poke your opponent with long-reaching attacks like standing \@B@ and \@214+A@.\n⏎Prevent them from getting close to you and stay at an advantageous range.\n⏎Waldstein's aerial \@A@ also has good reach and is easy to use.\n⏎\n⏎If you're too far away for standing \@B@ and \@214+B@ to hit,\n⏎using your \@B+C@ projectile is also effective.\n⏎When you want to rush your opponent down, use an Assault into an aerial \@B@ or a dashing \@B@\n⏎for a nice surprise attack.⏎\k";"\\@MESSAGE@⏎La camminata, lo scatto e il passo all'indietro di Waldstein sono lenti e pesanti,\n⏎ma in compenso i suoi attacchi hanno una lunga portata e infliggono danni elevati.\k⏎\k⏎\\@MESSAGE@⏎Una tattica efficace è respingere l'avversario con attacchi a lunga portata come \@B@ e \@214+A@ in piedi.\n⏎Impediscigli di avvicinarsi a te e mantieni il vantaggio della distanza.\n⏎Anche il \@A@ in aria di Waldstein ha una buona portata ed è facile da usare.\n⏎\n⏎Se l'avversario è troppo lontano per colpirlo con \@B@ e \@214+B@ in piedi, puoi usare l'attacco a proiettile \@B+C@.\n⏎Quando vuoi aggredire l'avversario, passa dall'Assalto a \@B@ in aria o \@B@ in scatto per un bell'attacco a sorpresa.⏎\k";"";""
"wal_tactics_pressure_start";"\\@MESSAGE@⏎Start with a standing \@B@ and continue into \@B@>\@214+B@.\n⏎Even if your opponent blocks, Waldstein can act before they can as long as you stop at \@214+B@,\n⏎which makes it a strong tool.\n⏎\n⏎If your attacks hit, jump in towards your opponent and follow up with\n⏎aerial \@A@> aerial \@C@> aerial \@6+C@ for more combo damage.\n⏎\k";"\\@MESSAGE@⏎Inizia con \@B@ in piedi e continua con \@B@ > \@214+B@.\n⏎Anche se l'avversario para, Waldstein può agire prima di lui se ti fermi a \@214+B@,\n⏎perciò è uno strumento piuttosto potente.\n⏎\n⏎Se i tuoi attacchi colpiscono, salta verso l'avversario e sferra \@A@ in aria > \@C@ in aria > \@6+C@ in aria a seguire per aumentare i danni della combo.\n⏎\k";"";""
"wal_tactics_mixup_start";"\\@MESSAGE@⏎If your opponent consistently blocks your attacks, try a mix-up\n⏎between the overhead \@236+B@ and the low \@2+B@.\n⏎Both attacks have long ranges, allowing you to force the mix-up from a distance.\n⏎Try using it after sequences like \@A@>\@B@.⏎\k";"\\@MESSAGE@⏎Se l'avversario continua a parare i tuoi attacchi, prova una tattica mista con \@236+B@ discendente e \@2+B@.\n⏎Entrambi gli attacchi hanno una lunga portata, perciò puoi adottare questa tattica mista anche a distanza.\n⏎Prova a usarla dopo sequenze come \@A@ > \@B@.⏎\k";"";""
"wal_tactics_throw_start";"\\@MESSAGE@⏎When you want to mix-up the opponent's guard at close range,\n⏎Waldstein's full circle \@+AorBorC@ command throw is very powerful.\n⏎After it hits, you can Chain Shift into a combo, too.\n⏎\n⏎The \@B@ version of the attack can be throw broken,\n⏎but its extremely long range makes it effective against opponents\n⏎who try to keep their distance with Shield.\n⏎\k";"\\@MESSAGE@⏎Per confondere l'avversario in guardia a distanza ravvicinata,\n⏎la proiezione speciale con \@+AoBoC@ a cerchio completo di Waldstein è molto potente.\n⏎Quando va a segno, puoi anche iniziare una combo con Chain Shift.\n⏎\n⏎La versione \@B@ dell'attacco presta il fianco all'interruzione di proiezione,\n⏎ma la sua portata eccezionale la rende efficace contro gli avversari che cercano di mantenere le distanze con lo Scudo.\n⏎\k";"";""
"wal_tactics_invincible_start";"\\@MESSAGE@⏎When your opponent gets aggressive, use invulnerable attacks like \@623+C@ and full circle \@+C@\n⏎to reverse the situation.\n⏎\n⏎If you use Chain Shift to confirm the situation first,\n⏎you won't miss a chance to deal damage.\n⏎\k";"\\@MESSAGE@⏎Quando l'avversario diventa aggressivo, usa attacchi invulnerabili come \@623+C@ e \@+C@ a cerchio completo per capovolgere la situazione.\n⏎\n⏎Se prima usi Chain Shift per verificare la situazione,\n⏎non perderai l'occasione di infliggere danni.\n⏎\k";"";""
"wal_tactics_antiair_start";"\\@MESSAGE@⏎If your opponent attacks from the air, take them down with anti-air attacks like \@2+C@ and \@3+C@.\n⏎When using \@2+C@ as an anti-air attack, you'll need to input the command earlier than for \@3+C@.\n\n⏎If you Chain Shift from \@3+C@, you can follow up with attacks like \@236+A@.⏎\k";"\\@MESSAGE@⏎Se l'avversario attacca dall'aria, abbattilo con attacchi antiaerei come \@2+C@ e \@3+C@.\n⏎Quando usi \@2+C@ come attacco antiaereo, devi inserire il comando prima rispetto a \@3+C@.\n\n⏎Se usi Chain Shift da \@3+C@, puoi sferrare attacchi a seguire come \@236+A@.⏎\k";"";""
"wal_tactics_ball_invincible_start";"\\@MESSAGE@⏎Try dealing with your opponent's projectiles with \@4 charge 6+C@.\n⏎It makes you invulnerable to projectiles, allowing you to evade while attacking.⏎\k";"\\@MESSAGE@⏎Prova a rispondere ai proiettili dell'avversario con \@4caricato6+C@.\n⏎Ti rende invulnerabile ai proiettili, permettendoti di schivare mentre attacchi.⏎\k";"";""
"car_tactics_footsies_start";"\\@MESSAGE@⏎Carmine's attacks generally cover a lot of the screen.\n⏎Many of his standing attacks cause him to lunge forward,\n⏎allowing him to continually apply pressure once he's made contact.\k⏎\k⏎\\@MESSAGE@⏎A strong tactic is to poke your opponent with long-reaching attacks\n⏎like standing \@C@, \@2+C@, and \@3+C@.\n⏎Prevent them from getting close and stay at an advantageous range.\n⏎\n⏎If you're too far away for \@2+C@ and \@3+C@ to hit, use his projectile attacks like\n⏎\@6+B@ and \@236+A@.\n⏎When charging in, using Assault into an aerial \@C@ is a good route to take.\n⏎\k";"\\@MESSAGE@⏎In generale, gli attacchi di Carmine coprono gran parte dello schermo.\n⏎Molti dei suoi attacchi in piedi sono affondi in avanti,\n⏎perciò può esercitare pressione continua una volta che va a segno.\k⏎\k⏎\\@MESSAGE@⏎Una tattica efficace consiste nel colpire l'avversario con attacchi a lunga portata\n⏎come \@C@ in piedi, \@2+C@ e \@3+C@.\n⏎Impediscigli di avvicinarsi e mantieni il vantaggio della distanza.\n⏎\n⏎Se l'avversario è troppo lontano per colpirlo con \@2+C@ e \@3+C@, usa gli attacchi a proiettile come \@6+B@ e \@236+A@.\n⏎Quando ti lanci alla carica, una buona tattica è usare Assalto e passare a \@C@ in aria.\n⏎\k";"";""
"car_tactics_pressure_start";"\\@MESSAGE@⏎Starting with a standing \@C@, you can continue into \@C@>\@2+C@>\@3+C@.\n⏎If your opponent blocks, you can keep the upper hand by chaining into \@22+A@,\n⏎which will let you act again before your opponent.\n⏎\n⏎If your attacks hit, proceed to \@3+C@ and \@22+B@ to deal more damage.\n⏎\k";"\\@MESSAGE@⏎Partendo da \@C@ in piedi, puoi continuare con \@C@ > \@2+C@ > \@3+C@.\n⏎Se l'avversario para, puoi mantenere il sopravvento concatenando \@22+A@,\n⏎che ti permette di agire di nuovo prima dell'avversario.\n⏎\n⏎Se gli attacchi vanno a segno, continua con \@3+C@ e \@22+B@ e infliggi più danni.\n⏎\k";"";""
"car_tactics_mixup_start";"\\@MESSAGE@⏎Once you get close to your opponent, try a mix-up\n⏎between the overhead \@Z6+C@ and the low \@6+C@>\@2+C@.\n⏎Since \@Z6+C@ is a heavy swing, try to cancel into it from standing \@C@ or other similar options.⏎\k";"\\@MESSAGE@⏎Una volta che ti avvicini all'avversario, prova una tattica mista con \@Z6+C@ discendente e \@6+C@ basso > \@2+C@.\n⏎Dato che \@Z6+C@ è lento a caricare, prova a eseguirlo annullando \@C@ in piedi o mosse simili.⏎\k";"";""
"car_tactics_commandthrow_start";"\\@MESSAGE@⏎When you want to throw off your opponent's guard at close range,\n⏎Carmine's \@214+B+C@ command throw is powerful.\n⏎After it hits, you can Chain Shift into a combo, too.\n⏎\k";"\\@MESSAGE@⏎Quando vuoi confondere l'avversario in guardia a distanza ravvicinata,\n⏎la proiezione speciale con \@214+B+C@ di Carmine è molto potente.\n⏎Quando va a segno, puoi anche iniziare una combo con Chain Shift.\n⏎\k";"";""
"car_tactics_invincible_start";"\\@MESSAGE@⏎When your opponent gets aggressive, use Carmine's invulnerable \@214+B+C@ to reverse the situation.\n⏎\n⏎If you use Chain Shift to confirm the situation first,\n⏎you won't miss a chance to deal damage.\n⏎\k";"\\@MESSAGE@⏎Quando l'avversario diventa aggressivo, usa l'attacco invulnerabile \@214+B+C@ di Carmine per capovolgere la situazione.\n⏎\n⏎Se prima usi il Chain Shift per verificare la situazione,\n⏎non perderai l'occasione di infliggere danni.\n⏎\k";"";""
"car_tactics_antiair_start";"\\@MESSAGE@⏎If your opponent attacks from the air, take them down with \@3+B@ or \@3+C@ anti-air attacks.\n⏎Use \@3+B@ at close range and \@3+C@ when farther away.\n⏎\n⏎You can jump to cancel \@3+B@ into an aerial \@B@ for a combo.\n⏎Starting with \@3+C@, you can combo into attacks like \@22+B@.\n⏎\k";"\\@MESSAGE@⏎Se l'avversario attacca dall'alto, abbattilo con attacchi antiaerei come \@3+B@ o \@3+C@.\n⏎Usa \@3+B@ a distanza ravvicinata e \@3+C@ da più lontano.\n⏎\n⏎Puoi saltare per annullare \@3+B@ in \@B@ in aria per una combo.\n⏎Cominciando con \@3+C@, puoi concatenare combo con attacchi come \@22+B@.\n⏎\k";"";""
"ori_tactics_footsies_start";"\\@MESSAGE@⏎Orie specializes in poking her opponent with her long-reaching attacks.\n⏎She also has many lunging attacks, allowing her to instantly close the distance\n⏎between her and her opponent to fight in her ideal range.\k⏎\k⏎\\@MESSAGE@⏎A strong tactic is to poke your opponent with long-reaching attacks like\n⏎standing \@B@, \@2+B@, aerial \@C@, and \@236+A@.\n⏎Prevent them from getting close and stay at an advantageous range.\n⏎\n⏎If you're too far away for standing \@B@ and \@236+A@ to hit,\n⏎her \@22+B@ and \@236+B@ are also effective choices.\n⏎\k";"\\@MESSAGE@⏎Orie è specializzata nel colpire l'avversario con attacchi a lunga portata.\n⏎Ha anche molti attacchi in affondo, con cui può ridurre in un istante la distanza tra lei e l'avversario e combattere alla distanza ideale.\k⏎\k⏎\\@MESSAGE@⏎Una tattica efficace è colpire l'avversario con respinte a lunga portata come\n⏎\@B@ in piedi, \@2+B@, \@C@ in aria e \@236+A@.\n⏎Impedisci all'avversario di avvicinarsi e mantieni il vantaggio della distanza.\n⏎\n⏎Se l'avversario è troppo lontano per colpirlo con \@B@ in piedi o \@236+A@,\n⏎anche \@22+B@ e \@236+B@ sono scelte efficaci.\n⏎\k";"";""
"ori_tactics_pressure_start";"\\@MESSAGE@⏎Starting with a standing \@B@, you can continue into \@B@>\@2+B@>\@2+C@.\n⏎If your opponent blocks, you can transition to \@214+A@> follow-up \@4+B@\n⏎to keep Orie safe.\n⏎\n⏎If your attacks hit, proceed to \@214+B@>\@2+C@>\@4+C@>\@214+B@ to deal more damage.⏎\k";"\\@MESSAGE@⏎Partendo da \@B@ in piedi, puoi continuare con \@B@ > \@2+B@ > \@2+C@.\n⏎Se l'avversario para, passa a \@214+A@ > \@4+B@ a seguire\n⏎per mantenere Orie al sicuro.\n⏎\n⏎Se gli attacchi vanno a segno, procedi con \@214+B@ > \@2+C@ > \@4+C@ > \@214+B@ per infliggere più danni.⏎\k";"";""
"ori_tactics_mixup_start";"\\@MESSAGE@⏎Once you get close to your opponent, try a mix-up between the overhead \@6+B@ and the low \@2+C@.\n⏎Since \@6+B@ is a large swing, you'll ideally cancel into it from a standing \@B@.\n⏎\n⏎From an Assault, Orie's aerial \@A@ makes for a very fast overhead.\n⏎Use Chain Shift and connect it to an aerial \@C@.⏎\k";"\\@MESSAGE@⏎Una volta che ti avvicini all'avversario, prova una tattica mista con \@6+B@ discendente e \@2+C@ basso.\n⏎Dato che \@6+B@ è lento a caricare, prova a eseguirlo annullando \@B@ in piedi.\n⏎\n⏎Da Assalto, \@A@ in aria di Orie può essere un attacco discendente molto rapido.\n⏎Usa Chain Shift per collegarlo a \@C@ discendente.⏎\k";"";""
"ori_tactics_invincible_start";"\\@MESSAGE@⏎When your opponent gets aggressive, try reversing the situation\n⏎with invulnerable attacks like \@623+B@, \@623+C@, and \@236+B+C@.\n⏎\n⏎If you use Chain Shift to confirm the situation first,\n⏎you won't miss a chance to deal damage.\n⏎\k";"\\@MESSAGE@⏎Quando l'avversario diventa aggressivo, prova a capovolgere la situazione\n⏎con attacchi invulnerabili come \@623+B@, \@623+C@ e \@236+B+C@.\n⏎\n⏎Se prima usi Chain Shift per verificare la situazione,\n⏎non perderai l'occasione di infliggere danni.\n⏎\k";"";""
"ori_tactics_antiair_start";"\\@MESSAGE@⏎If your opponent attacks from the air, take them down with a \@3+B@ anti-air attack.\n⏎You can continue from \@3+B@ to \@214+B@ for additional combo damage.\n⏎\k";"\\@MESSAGE@⏎Se l'avversario attacca dall'alto, abbattilo con un attacco \@3+B@ antiaereo.\n⏎Puoi proseguire da \@3+B@ a \@214+B@ per infliggere altri danni da combo.\n⏎\k";"";""
"gor_tactics_footsies_start";"\\@MESSAGE@⏎Gordeau's attacks have extremely long range,\n⏎allowing him to take the offensive from a distance.\k⏎\k⏎\\@MESSAGE@⏎A strong tactic is to poke your opponent with long-reaching attacks like\n⏎standing \@C@, \@236+A@. and \@623+B@.\n⏎Prevent them from getting close and stay at an advantageous range.\n⏎\n⏎Assault into aerial \@C@ or \@3+C@\n⏎and dashing \@C@ are both effective ways to get in close.\n⏎\k";"\\@MESSAGE@⏎Gli attacchi di Gordeau hanno una portata estremamente lunga,\n⏎che gli consente di attaccare dalla distanza.\k⏎\k⏎\\@MESSAGE@⏎Una tattica efficace è respingere l'avversario con attacchi a lunga portata come \@C@ in piedi, \@236+A@ e \@623+B@.\n⏎Impedisci all'avversario di avvicinarsi e mantieni il vantaggio della distanza.\n⏎\n⏎Un Assalto seguito da \@C@ in aria o \@3+C@\n⏎e \@C@ in scatto sono entrambi modi efficaci per accorciare le distanze.\n⏎\k";"";""
"gor_tactics_pressure_start";"\\@MESSAGE@⏎Starting with a standing \@C@, you can continue into \@C@>\@236+A@.\n⏎If your opponent blocks, stopping at \@236+A@ keeps Gordeau safe.\n⏎\n⏎If your attacks hit, proceed to \@236+A@> follow-up \@6+A@>\@2+C@>\@X@>\@Z aerial C@\n⏎for some sizable additional damage.\n⏎\k";"\\@MESSAGE@⏎Partendo da \@C@ in piedi, puoi continuare con \@C@ > \@236+A@.\n⏎Se l'avversario para, fermati a \@236+A@ per mantenere Gordeau al sicuro.\n⏎\n⏎Se gli attacchi vanno a segno, procedi con \@236+A@ > \@6+A@ a seguire > \@2+C@ > \@X@ > \@Z aerial C@\n⏎per infliggere molti più danni.\n⏎\k";"";""
"gor_tactics_mixup_start";"\\@MESSAGE@⏎When you want to throw off your opponent's guard, try a mix-up\n⏎between the overhead \@6+B@ and the low \@2+B@.\n⏎Since \@6+B@ is a heavy swing, try to cancel into it from standing \@B@ or other similar options.\n⏎\n⏎Gordeau's \@ZC@ is a long-reaching overhead attack.\n⏎Using this, you can mix up the opponent from a distance.\n⏎Cancel it into \@236+B@ for combo damage.⏎\k";"\\@MESSAGE@⏎Quando vuoi confondere l'avversario in guardia prova una tattica mista con \@6+B@ discendente e \@2+B@ basso.\n⏎Dato che \@6+B@ è lento a caricare, prova a eseguirlo annullando \@B@ in piedi o mosse simili.\n⏎\n⏎L'attacco \@ZC@ di Gordeau è un discendente a lunga portata.\n⏎Usandolo, puoi confondere l'avversario dalla distanza.\n⏎Annullalo in \@236+B@ per infliggere danni con le combo.⏎\k";"";""
"gor_tactics_commandthrow_start";"\\@MESSAGE@⏎At close range, Gordeau's \@214+A@ and \@214+C@ command throws are powerful.\n⏎After it hits, you can Chain Shift into a combo, too.\n⏎\k";"\\@MESSAGE@⏎A distanza ravvicinata, le proiezioni speciali con \@214+A@ e \@214+C@ di Gordeau sono molto potenti.\n⏎Quando vanno a segno, puoi anche iniziare una combo con Chain Shift.\n⏎\k";"";""
"gor_tactics_invincible_start";"\\@MESSAGE@⏎When your opponent gets aggressive, try reversing the situation\n⏎with invulnerable attacks like \@623+C@, \@22+C@, and \@214+C@.\n⏎If you use Chain Shift to confirm the situation first,\n⏎you won't miss a chance to deal damage.\n⏎\k";"\\@MESSAGE@⏎Quando l'avversario diventa aggressivo, prova a capovolgere la situazione\n⏎con attacchi invulnerabili come \@623+C@, \@22+C@ e \@214+C@.\n⏎Se prima usi Chain Shift per verificare la situazione,\n⏎non perderai l'occasione di infliggere danni.\n⏎\k";"";""
"gor_tactics_antiair_start";"\\@MESSAGE@⏎If your opponent attacks from the air, take them down with \@2+C@ or \@214+B@ anti-air attacks.\n⏎If the second stage of \@2+C@ lands a counter hit, you can continue into a combo with \@3+C@.\n⏎\n⏎If you wait for your opponent's jump attack to get too close before your \@2+C@, you'll lose the exchange.\n⏎Make sure you input the command early.\n⏎\@214+B@, on the other hand, can win against a jump attack even when performed later,\n⏎making it a useful choice in the heat of the moment.\n⏎\k";"\\@MESSAGE@⏎Se l'avversario attacca dall'alto, abbattilo con attacchi antiaerei come \@2+C@ o \@214+B@.\n⏎Se la seconda fase di \@2+C@ va a segno come colpo di contrasto, puoi continuare in una combo con \@3+C@.\n⏎\n⏎Se aspetti che l'attacco in salto dell'avversario si avvicini troppo prima di usare \@2+C@, avrai la peggio.\n⏎Assicurati di usare il comando con buon anticipo.\n⏎\@214+B@, invece, può vincere contro un attacco in salto anche se eseguito più tardi,\n⏎perciò è una scelta utile quando la situazione si fa tesa.\n⏎\k";"";""
"mer_tactics_footsies_start";"\\@MESSAGE@⏎Merkava has many long-reaching attacks.\n⏎He excels at poking the opponent from longer distances.\n⏎Merkava can also use his hover to initiate surprise attacks.⏎\k⏎\\@MESSAGE@⏎A strong tactic is to poke your opponent with long-reaching attacks like\n⏎standing \@B@, standing\@C@, and \@214+A@.\n⏎Prevent them from getting close and stay at an advantageous range.\n⏎Merkava's aerial \@B@ and aerial \@214+B@ also make for great pokes.\n⏎\n⏎Press \@8@ during a jump to hover, then press \@66@ to quickly charge at your opponent.⏎\k";"\\@MESSAGE@⏎Merkava ha molti attacchi a lunga portata.\n⏎Eccelle nel colpire l'avversario con respinte dalla distanza.\n⏎Merkava può anche usare il suo volo stazionario per sferrare attacchi a sorpresa.⏎\k⏎\\@MESSAGE@⏎Una tattica efficace è respingere l'avversario con attacchi a lunga portata come \@B@ in piedi, \@C@ in piedi e \@214+A@.\n⏎Impedisci all'avversario di avvicinarsi e mantieni il vantaggio della distanza.\n⏎Anche \@B@ in aria e \@214+B@ in aria sono ottime respinte.\n⏎\n⏎Premi \@8@ durante un salto per andare in volo stazionario, quindi premi \@66@ per sfrecciare alla carica contro l'avversario.⏎\k";"";""
"mer_tactics_pressure_start";"\\@MESSAGE@⏎Starting with a standing \@B@, you can continue into \@B@>\@C@.\n⏎If your opponent blocks, use a standing \@A@ to keep Merkava safe.\n⏎\n⏎If your attacks hit, proceed to \@214+B@ to deal more damage.\n⏎\k";"\\@MESSAGE@⏎Partendo da \@B@ in piedi, puoi continuare con \@B@ > \@C@.\n⏎Se l'avversario para, usa \@A@ in piedi per mantenere Merkava al sicuro.\n⏎\n⏎Se gli attacchi vanno a segno, procedi con \@214+B@ per infliggere più danni.\n⏎\k";"";""
"mer_tactics_mixup_start";"\\@MESSAGE@⏎If your opponent consistently blocks your attacks, use overheads like \@4+C@, \@3+C@, and dashing \@C@\n⏎or low attacks like \@2+C@ to mix them up.\n⏎All of those attacks are heavy swings,\n⏎so you should cancel into \@4+C@ and \@3+C@ from moves like \@B@>\@C@.\n⏎\n⏎\k";"\\@MESSAGE@⏎Se l'avversario continua a parare i tuoi attacchi, usa attacchi discendenti come \@4+C@, \@3+C@ e \@C@ in scatto\n⏎o attacchi bassi come \@2+C@ per confonderlo.\n⏎Tutti questi attacchi sono lenti a caricare,\n⏎quindi è utile annullare in \@4+C@ e \@3+C@ da mosse come \@B@ > \@C@.\n⏎\n⏎\k";"";""
"mer_tactics_invincible_start";"\\@MESSAGE@⏎When your opponent gets aggressive, try reversing the situation\n⏎with invulnerable attacks like \@236+C@ and \@623+C@.\n⏎\n⏎If you use Chain Shift to confirm the situation first,\n⏎you won't miss a chance to deal damage.\n⏎\k";"\\@MESSAGE@⏎Quando l'avversario diventa aggressivo, prova a capovolgere la situazione\n⏎con attacchi invulnerabili come \@236+C@ e \@623+C@.\n⏎\n⏎Se prima usi Chain Shift per verificare la situazione,\n⏎non perderai l'occasione di infliggere danni.\n⏎\k";"";""
"mer_tactics_antiair_start";"\\@MESSAGE@⏎If your opponent attacks from the air, take them down with \@4+B@ or \@623+B@ anti-air attacks.\n⏎Use \@4+B@ at close range and \@623+B@ when farther away.\n⏎You can also follow up \@4+B@ with \@2+C@ for additional combo damage.\n⏎\k";"\\@MESSAGE@⏎Se l'avversario attacca dall'alto, abbattilo con attacchi antiaerei \@4+B@ o \@623+B@.\n⏎Usa \@4+B@ a distanza ravvicinata e \@623+B@ da più lontano.\n⏎Puoi sferrare \@2+C@ dopo \@4+B@ per aumentare il danno della combo.\n⏎\k";"";""
"vat_tactics_footsies_start";"\\@MESSAGE@⏎Vatista can use her extensive arsenal of projectiles\n⏎to keep her opponents at a distance.\n⏎\k⏎\\@MESSAGE@⏎A strong tactic is to poke your opponent with long-reaching attacks like\n⏎\@2+B@, standing \@C@, and \@2+C@.\n⏎Prevent them from getting close and stay at an advantageous range.\n⏎\n⏎If you're too far away for Vatista's normal attacks to hit, use \@4 charge 6+A@ and \@6 charge 4+A@.\n⏎To approach your opponent, use an Assault into an aerial \@C@,\n⏎dashing \@B@, or dashing \@C@.\n⏎\k";"\\@MESSAGE@⏎Vatista può usare il suo vasto arsenale di proiettili\n⏎per tenere gli avversari a distanza.\n⏎\k⏎\\@MESSAGE@⏎Una tattica efficace è respingere l'avversario con attacchi a lunga portata come \@2+B@, \@C@ in piedi e \@2+C@.\n⏎Impedisci all'avversario di avvicinarsi e mantieni il vantaggio della distanza.\n⏎\n⏎Se l'avversario è troppo lontano per colpirlo con gli attacchi normali di Vatista,\n⏎usa \@4caricato6+A@ e \@6caricato4+A@.\n⏎Per avvicinarti all'avversario, passa dall'Assalto a \@C@ in aria,\n⏎\@B@ in scatto o \@C@ in scatto.\n⏎\k";"";""
"vat_tactics_pressure_start";"\\@MESSAGE@⏎Starting with \@2+B@, you can continue into \@2+B@>\@2+C@>\@C@.\n⏎If your opponent blocks, use a standing \@A@ to keep Vatista safe.\n⏎\n⏎If your attacks hit, jump cancel into aerial \@B@> aerial \@C@> aerial \@8 charge 2+A@\n⏎to deal more damage.\n⏎\k";"\\@MESSAGE@⏎Partendo da \@2+B@, puoi continuare con \@2+B@ > \@2+C@ > \@C@.\n⏎Se l'avversario para, usa \@A@ in piedi per mantenere Vatista al sicuro.\n⏎\n⏎Se gli attacchi vanno a segno, annulla in salto in \@B@ in aria > \@C@ in aria > \@8caricato2+A@ in aria\n⏎per infliggere più danni.\n⏎\k";"";""
"vat_tactics_mixup_start";"\\@MESSAGE@⏎When you want to throw off your opponent's guard, try a mix-up\n⏎between the overhead aerial \@8 charged 2+B@ and the low \@2+C@.\n⏎\n⏎Try an aerial \@C@ out of an Assault.\n⏎Charge up the \@8@ while the opponent guards it, then immediately press \@2+B@ from a jump.\n⏎\k";"\\@MESSAGE@⏎Quando vuoi confondere l'avversario in guardia, prova una tattica mista tra l'attacco in aria discendente \@8caricato2+B@ e \@2+C@ basso.\n⏎\n⏎Prova \@C@ in aria dopo l'Assalto.\n⏎Carica \@8@ mentre l'avversario resta in guardia, quindi premi immediatamente \@2+B@ da un salto.\n⏎\k";"";""
"vat_tactics_invincible_start";"\\@MESSAGE@⏎When your opponent gets aggressive, try reversing the situation with \@2 charge 8+BorC@.\n⏎\n⏎If you use Chain Shift to confirm the situation first,\n⏎you won't miss a chance to deal damage.\n⏎\k";"\\@MESSAGE@⏎Quando l'avversario diventa aggressivo, prova a capovolgere la situazione con \@2caricato8+BoC@.\n⏎\n⏎Se prima usi Chain Shift per verificare la situazione,\n⏎non perderai l'occasione di infliggere danni.\n⏎\k";"";""
"set_tactics_footsies_start";"\\@MESSAGE@⏎Seth has very fast dashes and backsteps,\n⏎making him excel at speedy rushdown tactics.\n⏎\n⏎He has two different backsteps,\n⏎and you can change their behavior by pressing \@1or2or3@ during backstep.\k⏎⏎\\@MESSAGE@⏎Seth's basic strategy starts with his standing \@B@, \@2+B@, and standing \@C@,\n⏎as they are fast and leave very short openings.\n⏎Once you've stifled your opponent's actions, dash in or use Assault to get close.\n⏎\n⏎If you're too far away for standing \@B@, \@2+B@, and standing \@C@ to hit,\n⏎you can set up Seth's aerial \@236+B@ or try dashing \@C@ for a surprise attack.\n⏎\k";"\\@MESSAGE@⏎Seth ha scatti e passi indietro molto veloci,\n⏎che lo rendono eccellente nelle tattiche rapide di aggressione.\n⏎\n⏎Ha due passi indietro diversi,\n⏎e puoi cambiare il loro comportamento premendo \@1or2or3@ durante il passo indietro.\k⏎⏎\\@MESSAGE@⏎La strategia di base di Seth inizia con \@B@ in piedi, \@2+B@ e \@C@ in piedi,\n⏎dato che sono veloci e lo lasciano scoperto per tempi molto brevi.\n⏎Dopo aver ridotto la capacità d'azione dell'avversario, scatta o usa l'Assalto per avvicinarti.\n⏎\n⏎Se l'avversario è troppo lontano per colpirlo con \@B@ in piedi, \@2+B@ e \@C@ in piedi,\n⏎puoi preparare il campo per \@236+B@ in aria o provare \@C@ in scatto per un attacco a sorpresa.\n⏎\k";"";""
"set_tactics_pressure_start";"\\@MESSAGE@⏎Starting with a standing \@B@, you can continue into \@B@>\@C@> follow-up \@C@,\n⏎then further combo into \@214+BW@.\n⏎If your opponent blocks, use an aerial backdash to create some distance.\n⏎\n⏎If your attacks hit, continue into \@623+B@ to deal more damage.\n⏎\k";"\\@MESSAGE@⏎Partendo da \@B@ in piedi, puoi continuare con \@B@ > \@C@ > \@C@ a seguire,\n⏎quindi proseguire la combo in \@214+BW@.\n⏎Se l'avversario para, usa uno scatto indietro in aria per ristabilire le distanze.\n⏎\n⏎Se gli attacchi vanno a segno, continua con \@623+B@ per infliggere più danni.\n⏎\k";"";""
"set_tactics_mixup_start";"\\@MESSAGE@⏎Once you get close to your opponent, try a mix-up between the overhead \@6+C@ and the low \@2+C@.\n⏎Since \@6+C@ is a heavy swing, try to cancel into it from standing \@C@ or other similar options.\n⏎\k";"\\@MESSAGE@⏎Una volta che ti avvicini all'avversario, prova una tattica mista con \@6+C@ discendente e \@2+C@ basso.\n⏎Dato che \@6+C@ è lento a caricare, prova a eseguirlo annullando \@C@ in piedi o mosse simili.\n⏎\k";"";""
"set_tactics_commandthrow_start";"\\@MESSAGE@⏎At close range, Seth's \@632146+A@ and \@632146+C@ command throws are strong choices.\n⏎\n⏎After the \@A@ version hits, you can use Chain Shift to connect it to a combo.\n⏎After the \@C@ version hits, you can move through the air,\n⏎letting you perform an aerial \@214+A@ to deal more damage.⏎\k";"\\@MESSAGE@⏎A distanza ravvicinata, le proiezioni speciali con \@632146+A@ e \@632146+C@ di Seth sono un'ottima scelta.\n⏎\n⏎Dopo che la versione \@A@ è andata a segno, puoi usare Chain Shift per collegarla a una combo.\n⏎Dopo che la versione \@C@ è andata a segno, puoi muoverti in aria\n⏎e sferrare \@214+A@ in aria per infliggere più danni.⏎\k";"";""
"set_tactics_twosides_start";"\\@MESSAGE@⏎Press forward or backward during \@214+BW@\n⏎to change Seth's position when he reappears.\n⏎When he reappears, you can perform aerial special attacks.\n⏎You can use aerial \@214+A@ to mix up your opponent's guard direction depending on your positioning.\n⏎\k";"\\@MESSAGE@⏎Premi avanti o indietro durante \@214+BW@\n⏎per cambiare la posizione di Seth quando riappare.\n⏎Quando riappare, puoi eseguire attacchi in aria speciali.\n⏎Puoi usare \@214+A@ in aria per modificare la direzione di guardia dell'avversario a seconda della tua posizione.\n⏎\k";"";""
"set_tactics_invincible_start";"\\@MESSAGE@⏎When your opponent gets aggressive, try reversing the situation\n⏎with invulnerable attacks like \@623+C@ and \@632146+C@.\n⏎\n⏎If you use Chain Shift to confirm the situation first,\n⏎you won't miss a chance to deal damage.\n⏎\k";"\\@MESSAGE@⏎Quando l'avversario diventa aggressivo, prova a capovolgere la situazione\n⏎con attacchi invulnerabili come \@623+C@ e \@632146+C@.\n⏎\n⏎Se prima usi Chain Shift per verificare la situazione,\n⏎non perderai l'occasione di infliggere danni.\n⏎\k";"";""
"set_tactics_antiair_start";"\\@MESSAGE@⏎If your opponent attacks from the air, take them down with \@3+B@ or \@3+C@ anti-air attacks.\n⏎\@3+B@ is fast, and \@3+C@ deals high damage.\n⏎Choose the right one for the situation!\n⏎\n⏎You can also connect \@3+B@ and \@3+C@ to \@214+BW@ or other moves for additional combo damage.\n⏎\k";"\\@MESSAGE@⏎Se l'avversario attacca dall'alto, abbattilo con attacchi antiaerei \@3+B@ o \@3+C@.\n⏎\@3+B@ è più veloce e \@3+C@ infligge più danni.\n⏎Scegli quello che ritieni più adatto alla situazione!\n⏎\n⏎Puoi anche concatenare \@3+B@ e \@3+C@ a \@214+BW@ o altre mosse per aumentare il danno della combo.\n⏎\k";"";""
"yuz_tactics_footsies_start";"\\@MESSAGE@⏎Yuzuriha uses her long reach and lightning-quick movement\n⏎to devastate her opponents from a distance.⏎\k⏎⏎\\@MESSAGE@⏎A strong tactic is to poke your opponent with long-reaching attacks like standing \@C@ and \@2+C@.\n⏎In the air, her long-reaching aerial \@C@ is very useful.\n⏎Prevent your opponent from getting close and stay at an advantageous range.\n⏎\n⏎If you're too far away for standing \@C@ and \@2+C@ to hit,\n⏎try \@236+B@ and aerial \@236+A@ instead.\n⏎When you want to get closer to your opponent, an Assault into aerial \@2+C@ is very effective.\n⏎\k";"\\@MESSAGE@⏎Yuzuriha usa la sua lunga portata e i movimenti fulminei\n⏎per devastare gli avversari dalla distanza.⏎\k⏎⏎\\@MESSAGE@⏎Una tattica efficace è respingere l'avversario con attacchi a lunga portata come \@C@ in piedi e \@2+C@.\n⏎Dall'alto, l'attacco a lunga portata \@C@ in aria è molto utile.\n⏎Impedisci all'avversario di avvicinarsi e mantieni il vantaggio della distanza.\n⏎\n⏎Se l'avversario è troppo lontano per colpirlo con \@C@ in piedi e \@2+C@,\n⏎prova invece \@236+B@ e \@236+A@ in aria.\n⏎Quando vuoi avvicinarti all'avversario, passare dall'Assalto a \@2+C@ in aria è una tattica molto efficace.\n⏎\k";"";""
"yuz_tactics_pressure_start";"\\@MESSAGE@⏎Starting with standing \@C@, you can continue into \@C@>\@2+C@, then further combo into \@236+B@.\n⏎If your opponent blocks, press the \@D@ button to cancel out of Yuzuriha's stance and mitigate any openings.\n⏎\n⏎If your attacks hit, proceed to \@236+B@> follow-up \@A@> follow-up \@B@ to deal more damage.\n⏎\k";"\\@MESSAGE@⏎Partendo da \@C@ in piedi, puoi continuare con \@C@ > \@2+C@, poi proseguire la combo con \@236+B@.\n⏎Se l'avversario para, premi \@D@ per annullare la posizione di Yuzuriha e ridurre i varchi di vulnerabilità.\n⏎\n⏎Se gli attacchi colpiscono, procedi con \@236+B@ > \@A@ a seguire > \@B@ a seguire per infliggere più danni.\n⏎\k";"";""
"yuz_tactics_mixup_start";"\\@MESSAGE@⏎When you want to throw off your opponent's guard,\n⏎try a mix-up between the overhead Assault aerial \@2+C@\n⏎and the low standing \@A@.\n⏎\k";"\\@MESSAGE@⏎Quando vuoi confondere l'avversario in guardia,\n⏎prova una tattica mista tra l'Assalto discendente \@2+C@ in aria\n⏎e \@A@ basso in piedi.\n⏎\k";"";""
"yuz_tactics_throw_start";"\\@MESSAGE@⏎Yuzuriha's throw can be followed up with additional attacks after it hits.\n⏎Try this if your opponent consistently guards against your attacks!\n⏎\k";"\\@MESSAGE@⏎Dopo che la proiezione di Yuzuriha va a segno, puoi sferrare attacchi a seguire.\n⏎Prova questa tecnica se l'avversario resta sempre sulla difensiva contro i tuoi attacchi!\n⏎\k";"";""
"yuz_tactics_invincible_start";"\\@MESSAGE@⏎When your opponent gets aggressive, try reversing the situation\n⏎with her invulnerable \@214+C@.\n⏎\n⏎If you use Chain Shift to confirm the situation first,\n⏎you won't miss a chance to deal damage.\n⏎\k";"\\@MESSAGE@⏎Quando l'avversario diventa aggressivo, prova a capovolgere la situazione\n⏎con l'attacco \@214+C@ invulnerabile.\n⏎\n⏎Se prima usi Chain Shift per verificare la situazione,\n⏎non perderai l'occasione di infliggere danni.\n⏎\k";"";""
"yuz_tactics_antiair_start";"\\@MESSAGE@⏎If your opponent attacks from the air, take them down with \@4+B@ or standing \@C@ anti-air attacks.\n⏎Use \@4+B@ at close range and standing \@C@ when farther away.\n⏎\n⏎If you stop their attack with \@4+B@, you can continue into \@2+C@ for additional combo damage.\n⏎Yuzuriha's standing \@C@ can be jump canceled into aerial \@C@ for combo damage, too!\n⏎\k";"\\@MESSAGE@⏎Se l'avversario attacca dall'alto, abbattilo con attacchi antiaerei come \@4+B@ o \@C@ in piedi.\n⏎Usa \@4+B@ a distanza ravvicinata e \@C@ in piedi da lontano.\n⏎\n⏎Se interrompi l'attacco dell'avversario con \@4+B@, puoi continuare con \@2+C@ per infliggere altri danni con la combo.\n⏎Anche l'attacco \@C@ in piedi di Yuzuriha può essere annullato in salto in \@C@ in aria per aumentare i danni da combo!\n⏎\k";"";""
"hil_tactics_footsies_start";"\\@MESSAGE@⏎Hilda keeps her opponents away with her long reach and projectiles.\n⏎She also excels at mixing up the opponent's guard with overhead and low attacks.\k⏎\\@MESSAGE@⏎A strong tactic is to poke your opponent with long-reaching attacks like standing \@B@ and \@2+C@.\n⏎In the air, her aerial \@B@ comes in handy.\n⏎Prevent your opponent from getting close and stay at an advantageous range.\n⏎\n⏎If you're too far away for standing \@B@ and \@2+C@ to hit,\n⏎try \@236+A@ or aerial \@236+A@.\n⏎\k";"\\@MESSAGE@⏎Hilda tiene lontani gli avversari con attacchi a lunga portata e proiettili.\n⏎Eccelle anche nel confondere la guardia dell'avversario con tattiche miste che combinano attacchi discendenti e bassi.\k⏎\\@MESSAGE@⏎Una tattica efficace è respingere l'avversario con attacchi a lunga portata come \@B@ in piedi e \@2+C@.\n⏎Dall'alto, torna utile \@B@ in aria.\n⏎Impedisci all'avversario di avvicinarsi e mantieni il vantaggio della distanza.\n⏎\n⏎Se l'avversario è troppo lontano per colpirlo con \@B@ in piedi e \@2+C@,\n⏎prova \@236+A@ o \@236+A@ in aria.\n⏎\k";"";""
"hil_tactics_pressure_start";"\\@MESSAGE@⏎Starting with a standing \@B@, you can continue into \@B@>\@2+B@>\@2+C@.\n⏎If your opponent blocks, use \@2+A@ to keep Hilda safe.\n⏎\n⏎If your attacks hit, proceed to \@2+C@> follow-up \@2+C@>\@22+A@ to deal more damage.\n⏎\k";"\\@MESSAGE@⏎Partendo da \@B@ in piedi, puoi continuare con \@B@ > \@2+B@ > \@2+C@.\n⏎Se l'avversario para, usa \@2+A@ per mantenere Hilda al sicuro.\n⏎\n⏎Se gli attacchi vanno a segno, procedi con \@2+C@ > \@2+C@ a seguire > \@22+A@ per infliggere più danni.\n⏎\k";"";""
"hil_tactics_mixup_start";"\\@MESSAGE@⏎When your opponent stubbornly guards, try a mix-up\n⏎between the overhead \@ZC@ or held-and-released \@AorBorC@\n⏎and the low \@22+AorB@.\n⏎All of these options have great range, making it easy to mix up your opponent from a distance.\n⏎\n⏎Since \@ZC@ is a heavy swing, try to cancel into it from \@2+C@ or other similar options.\n⏎\k";"\\@MESSAGE@⏎Quando l'avversario si ostina a restare in guardia, prova una tattica mista con \@ZC@\n⏎discendente o \@AoBoC@ mantenuto e rilasciato e \@22+AoB@ basso.\n⏎Tutte queste opzioni hanno una portata notevole, perciò è facile mantenere l'avversario sul chi vive a distanza.\n⏎\n⏎Dato che \@ZC@ è lento a caricare, prova a eseguirlo annullando \@2+C@ o mosse simili.\n⏎\k";"";""
"hil_tactics_invincible_start";"\\@MESSAGE@⏎When your opponent gets aggressive, try reversing the situation\n⏎with Hilda's invulnerable \@41236+D@.\n⏎\n⏎If you use Chain Shift to confirm the situation first,\n⏎you won't miss a chance to deal damage.\n⏎\k";"\\@MESSAGE@⏎Quando l'avversario diventa aggressivo, prova a capovolgere la situazione con l'attacco \@41236+D@ invulnerabile di Hilda.\n⏎\n⏎Se prima usi Chain Shift per verificare la situazione,\n⏎non perderai l'occasione di infliggere danni.\n⏎\k";"";""
"hil_tactics_antiair_start";"\\@MESSAGE@⏎If your opponent attacks from the air, take them down with \@3+B@ or \@3+C@ anti-air attacks.\n⏎Use \@3+B@ at close range and \@3+C@ when farther away.\n⏎\n⏎You can jump to cancel \@3+B@ into aerial \@ZC@ for a combo.\n⏎\@3+C@ can combo into a follow-up \@3+C@.\n⏎\k";"\\@MESSAGE@⏎Se l'avversario attacca dall'alto, abbattilo con attacchi antiaerei \@3+B@ o \@3+C@.\n⏎Usa \@3+B@ a distanza ravvicinata e \@3+C@ da più lontano.\n⏎\n⏎Puoi saltare per annullare \@3+B@ in \@ZC@ in aria per una combo.\n⏎\@3+C@ si può concatenare con \@3+C@ a seguire.\n⏎\k";"";""
"elt_tactics_footsies_start";"\\@MESSAGE@⏎Eltnum is a well-rounded character who uses\n⏎her long-reaching weapons to keep the opponent at distance.\n⏎She also excels in close-range rushdown situations thanks to her nimble dash.\k⏎⏎\\@MESSAGE@⏎Eltnum's basic strategy starts with her fast, safe standing \@B@ and \@2+B@.\n⏎Once you've stifled your opponent's actions, dash in or use Assault to get close.\n⏎\n⏎If you're too far away for standing \@B@ and \@2+B@ to hit,\n⏎standing \@C@, \@2+C@, and \@236+A@ are also effective.\n⏎\k";"\\@MESSAGE@⏎Eltnum è un personaggio equilibrato che usa\n⏎le sue armi a lunga portata per tenere a distanza l'avversario.\n⏎Eccelle anche nelle aggressioni a distanza ravvicinata grazie al suo agile scatto.\k⏎⏎\\@MESSAGE@⏎La strategia di base di Eltnum inizia con attacchi veloci e sicuri come \@B@ in piedi e \@2+B@.\n⏎Dopo aver ridotto la capacità d'azione dell'avversario, scatta o usa l'Assalto per avvicinarti.\n⏎\n⏎Se l'avversario è troppo lontano per colpirlo con \@B@ in piedi e \@2+B@,\n⏎anche \@C@ in piedi, \@2+C@ e \@236+A@ sono efficaci.\n⏎\k";"";""
"elt_tactics_pressure_start";"\\@MESSAGE@⏎Starting with a standing \@B@, you can continue into \@B@>\@2+B@>\@2+C@.\n⏎If your opponent blocks, stopping at standing \@C@> follow-up \@C@\n⏎will let Eltnum act before they can and keep the pressure on.\n⏎\n⏎If your attacks hit, proceed to\@3+C@> vertical jump cancel> aerial \@C@>aerial throw to deal more damage.\n⏎\k";"\\@MESSAGE@⏎Partendo da \@B@ in piedi, puoi continuare con \@B@ > \@2+B@ > \@2+C@.\n⏎Se l'avversario para, fermati a \@C@ in piedi > \@C@ a seguire\n⏎per consentire a Eltnum di agire prima dell'avversario e mantenere la pressione.\n⏎\n⏎Se i tuoi attacchi vanno a segno, procedi con \@3+C@ > annullamento in salto sul posto > \@C@ in aria > proiezione in aria per infliggere più danni.\n⏎\k";"";""
"elt_tactics_mixup_start";"\\@MESSAGE@⏎Once you get close to your opponent, try a mix-up between the overhead \@6+B@ and the low \@2+C@.\n⏎With \@Z6+B@, you can attack overhead while evading attacks to her feet.\n⏎Since \@6+B@ is a heavy swing, try to cancel into it from standing \@B@ or other similar options.\n⏎\n⏎At long range, a mix-up between the overhead dashing \@C@ and the low \@2+C@ can be effective.⏎\k";"\\@MESSAGE@⏎Una volta che ti avvicini all'avversario, prova una tattica mista con \@6+B@ discendente e \@2+C@ basso.\n⏎Con \@Z6+B@, puoi sferrare attacchi discendenti schivando gli attacchi bassi.\n⏎Dato che \@6+B@ è lento a caricare, prova a eseguirlo annullando \@B@ in piedi o altre opzioni simili.\n⏎\n⏎A lunga distanza, una tattica mista tra \@C@ in scatto discendente e \@2+C@ basso può essere efficace.⏎\k";"";""
"elt_tactics_invincible_start";"\\@MESSAGE@⏎When your opponent gets aggressive, try reversing the situation\n⏎with invulnerable attacks like \@623+B@, \@623+C@, and \@421+C@.\n⏎\n⏎If you use Chain Shift to confirm the situation first,\n⏎you won't miss a chance to deal damage.\n⏎\k";"\\@MESSAGE@⏎Quando l'avversario diventa aggressivo, prova a capovolgere la situazione\n⏎con attacchi invulnerabili come \@623+B@, \@623+C@ e \@421+C@.\n⏎\n⏎Se prima usi Chain Shift per verificare la situazione,\n⏎non perderai l'occasione di infliggere danni.\n⏎\k";"";""
"elt_tactics_antiair_start";"\\@MESSAGE@⏎If your opponent attacks from the air, take them down with a \@3+C@ anti-air attack.\n⏎You can neutral jump to cancel \@3+C@ into aerial \@B@ for a combo.⏎\k";"\\@MESSAGE@⏎Se l'avversario attacca dall'alto, abbattilo con un attacco \@3+C@ antiaereo.\n⏎\@3+C@ può essere annullato in salto sul posto in \@B@ in aria per una combo.⏎\k";"";""
"elt_tactics_ball_invincible_start";"\\@MESSAGE@⏎Try dealing with your opponent's projectiles with \@421+A@.\n⏎It makes you invulnerable to projectiles, allowing you to evade while getting closer.⏎\k";"\\@MESSAGE@⏎Prova a rispondere ai proiettili dell'avversario con \@421+A@.\n⏎Ti rende invulnerabile ai proiettili, permettendoti di schivare mentre ti avvicini.⏎\k";"";""
"nan_tactics_footsies_start";"\\@MESSAGE@⏎Nanase keeps her opponent at a distance with her long-reaching attacks,\n⏎while also throwing them for a loop with her speedy aerial maneuvers.\k⏎\\@MESSAGE@⏎A strong tactic is to poke your opponent with long-reaching attacks like standing \@B@ and standing \@C@.\n⏎Prevent them from getting close and stay at an advantageous range.\n⏎\n⏎If you're too far away for standing \@B@ and standing \@C@ to hit,\n⏎you can poke with her aerial \@236+B@ as a poke,\n⏎or try a dashing \@C@ or \@236+B@ for surprise attacks.\n⏎\k";"\\@MESSAGE@⏎Nanase tiene a distanza l'avversario con attacchi a lunga portata,\n⏎e allo stesso tempo lo confonde con le sue rapide manovre aeree.\k⏎\\@MESSAGE@⏎Una tattica efficace è respingere l'avversario con attacchi a lunga portata come \@B@ in piedi e \@C@ in piedi.\n⏎Impedisci all'avversario di avvicinarsi e mantieni il vantaggio della distanza.\n⏎\n⏎Se l'avversario è troppo lontano per colpirlo con \@B@ in piedi e \@C@ in piedi,\n⏎puoi usare \@236+B@ in aria,\n⏎oppure provare \@C@ in scatto o \@236+B@ per attacchi a sorpresa.\n⏎\k";"";""
"nan_tactics_pressure_start";"\\@MESSAGE@⏎Once you've made contact with standing \@B@, you can continue into \@B@>\@C@>\@2+C@.\n⏎If your opponent blocks, use \@2+A@ to keep Nanase safe.\n⏎\n⏎If your attacks hit, proceed to \@236+B@> follow-up \@C@>aerial \@C@>aerial \@2+C@ to deal more damage.\n⏎\k";"\\@MESSAGE@⏎Partendo da \@B@ in piedi, puoi continuare con \@B@ > \@C@ > \@2+C@.\n⏎Se l'avversario para, finisci con \@2+A@ in piedi per tenere Nanase al sicuro.\n⏎\n⏎Se gli attacchi vanno a segno, procedi con \@236+B@ > \@C@ a seguire > \@C@ in aria > \@2+C@ in aria per infliggere più danni.\n⏎\k";"";""
"nan_tactics_mixup_start";"\\@MESSAGE@⏎When your opponent stubbornly guards, try a mix-up between the overhead dashing \@C@\n⏎and the low dashing \@B@. Either one can combo into \@236+B@> follow-up \@C@ if it hits.\n⏎\n⏎From an Assault, Nanase's aerial \@B@ is a very fast overhead.\n⏎Alternate between this and the low dashing \@2+B@ for a strong mix-up. ⏎\k";"\\@MESSAGE@⏎Quando l'avversario si ostina a restare in guardia, prova una tattica mista con \@C@ discendente in scatto e \@B@ basso in scatto.\n⏎Entrambi si possono concatenare in combo con \@236+B@ > \@C@ a seguire, se vanno a segno.\n⏎\n⏎Dall'Assalto, \@B@ in aria di Nanase è un attacco discendente molto veloce.\n⏎Alternalo con \@2+B@ basso in scatto per una tattica mista efficace.⏎\k";"";""
"nan_tactics_invincible_start";"\\@MESSAGE@⏎When your opponent gets aggressive, try reversing the situation\n⏎with invulnerable attacks like \@623+B@ and \@623+C@.\n⏎\n⏎If you use Chain Shift to confirm the situation first,\n⏎you won't miss a chance to deal damage.\n⏎\k";"\\@MESSAGE@⏎Quando l'avversario diventa aggressivo, prova a capovolgere la situazione\n⏎con attacchi invulnerabili come \@623+B@ e \@623+C@.\n⏎\n⏎Se prima usi Chain Shift per verificare la situazione,\n⏎non perderai l'occasione di infliggere danni.\n⏎\k";"";""
"nan_tactics_antiair_start";"\\@MESSAGE@⏎If your opponent attacks from the air, take them down with a \@3+C@ anti-air attack.\n⏎You can neutral jump to cancel \@3+C@ into aerial \@8+C@ for a combo.\n⏎\k";"\\@MESSAGE@⏎Se l'avversario attacca dall'alto, abbattilo con un attacco \@3+C@ antiaereo.\n⏎\@3+C@ può essere annullato in salto sul posto in \@8+C@ in aria per una combo.\n⏎\k";"";""
"nan_tactics_ball_invincible_start";"\\@MESSAGE@⏎Try dealing with your opponent's projectiles with \@236+C@.\n⏎It makes you invulnerable to projectiles, allowing you to evade while getting closer.⏎\k";"\\@MESSAGE@⏎Prova a rispondere ai proiettili dell'avversario con \@236+C@.\n⏎Ti rende invulnerabile ai proiettili, permettendoti di schivare mentre ti avvicini.⏎\k";"";""
"bya_tactics_footsies_start";"\\@MESSAGE@⏎Byakuya is a technically complex character with access\n⏎to both long-reaching attacks and unique setups.\n⏎Restrict your opponent's mobility with his traps and instantly devastate them!\k⏎\\@MESSAGE@⏎A strong tactic is to poke your opponent with long-reaching attacks like\n⏎\@2+B@, standing \@C@, and \@2+C@.\n⏎Prevent them from getting close and stay at an advantageous range.\n⏎\n⏎If you're too far away for \@2+B@, standing \@C@, and \@2+C@ to hit,\n⏎try setting up a trap with \@214+A@ or catching your opponent by surprise with\n⏎dashing \@B@ or dashing \@C@.\n⏎\k";"\\@MESSAGE@⏎Byakuya è un personaggio tecnicamente complesso che ha a disposizione sia attacchi a lunga portata sia preparazioni uniche.\n⏎Limita la mobilità dell'avversario con le sue trappole e devastalo in pochi istanti!\k⏎\\@MESSAGE@⏎Una tattica efficace è respingere l'avversario con attacchi a lunga portata come \@2+B@, \@C@ in piedi e \@2+C@.\n⏎Impedisci all'avversario di avvicinarsi e mantieni il vantaggio della distanza.\n⏎\n⏎Se l'avversario è troppo lontano per colpirlo con \@2+B@, \@C@ in piedi e \@2+C@,\n⏎prova a tendere una trappola con \@214+A@ o a cogliere di sorpresa l'avversario con \@B@ in scatto o \@C@ in scatto.\n⏎\k";"";""
"bya_tactics_pressure_start";"\\@MESSAGE@⏎Once you've made contact with \@2+B@, try continuing into \@2+B@>\@C@>\@2+C@.\n⏎If your opponent blocks, end on \@2+A@ to keep Byakuya safe.\n⏎\n⏎If your attacks hit, proceed to \@236+A@> follow-up \@6+A@> follow-up \@6+A@ to deal more damage.\n⏎\k";"\\@MESSAGE@⏎Una volta a segno con \@2+B@ in piedi, prova a continuare con \@2+B@ > \@C@ > \@2+C@.\n⏎Se l'avversario para, finisci con \@2+A@ in piedi per tenere Byakuya al sicuro.\n⏎\n⏎Se gli attacchi vanno a segno, procedi con \@236+A@ > \@6+A@ a seguire > \@6+A@ a seguire per infliggere più danni.\n⏎\k";"";""
"bya_tactics_mixup_start";"\\@MESSAGE@⏎Once you get close to your opponent, try a mix-up between the overhead \@Z3+C@ and the low \@2+B@.\n⏎\n⏎Since \@Z3+C@ is a heavy swing,\n⏎try to use it after a blocked standing \@C@ or other similar options.⏎\k";"\\@MESSAGE@⏎Una volta che ti avvicini all'avversario, prova una tattica mista con \@Z3+C@ discendente e \@2+B@ basso.\n⏎\n⏎Dato che \@Z3+C@ è lento a caricare,\n⏎prova a usarlo dopo \@C@ in piedi parato o altre opzioni simili.⏎\k";"";""
"bya_tactics_throw_start";"\\@MESSAGE@⏎Try Byakuya's \@623+AorBorC@ command throw against opponents who stubbornly guard.\n⏎This throw's range is limited, so it's best used after a block string.⏎\k";"\\@MESSAGE@⏎Prova la proiezione speciale con \@623+AoBoC@ di Byakuya contro gli avversari che si ostinano a restare in guardia.\n⏎La portata di questa proiezione è limitata, quindi è meglio usarla dopo una serie bloccata.⏎\k";"";""
"bya_tactics_invincible_start";"\\@MESSAGE@⏎When your opponent gets aggressive, try reversing the situation with the invulnerable \@236+C@.\n⏎\n⏎If you use Chain Shift to confirm the situation first,\n⏎you won't miss a chance to deal damage.\n⏎\k";"\\@MESSAGE@⏎Quando l'avversario diventa aggressivo, prova a capovolgere la situazione con l'attacco \@236+C@ invulnerabile.\n⏎\n⏎Se prima usi Chain Shift per verificare la situazione,\n⏎non perderai l'occasione di infliggere danni.\n⏎\k";"";""
"bya_tactics_antiair_start";"\\@MESSAGE@⏎If your opponent attacks from the air, take them down with a \@3+C@ anti-air attack.\n⏎\@3+C@ can be jump canceled into aerial \@B@ for a combo.\n⏎\k";"\\@MESSAGE@⏎Se l'avversario attacca dall'alto, abbattilo con un attacco \@3+C@ antiaereo.\n⏎\@3+C@ può essere annullato in salto in \@B@ in aria per una combo.\n⏎\k";"";""
"aka_tactics_footsies_start";"\\@MESSAGE@⏎Akatsuki is a character who shines during close-quarters combat\n⏎while also having access to great anti-air attacks and projectiles.\n⏎Use his projectiles to take up space, then dash in or double-jump to make your approach.\k⏎\\@MESSAGE@⏎Akatsuki's basic strategy starts with his fast, safe standing \@B@ and \@2+B@.\n⏎Once you've stifled your opponent's actions, dash in or use Assault to get close.\n⏎When you're on the defensive, Akatsuki's fast backstep is a great way to put distance\n⏎between yourself and your opponent.\n⏎\n⏎If you're too far away for standing \@B@ and \@2+B@ to hit, take up space with \@236+A@\n⏎or try dashing \@C@ and \@214+B@ for strong surprise attacks.\n⏎\k";"\\@MESSAGE@⏎Akatsuki è un personaggio che dà il meglio di sé durante i combattimenti ravvicinati\n⏎e ha anche a disposizione ottimi attacchi antiaerei e a proiettile.\n⏎Usa i proiettili per prenderti il tuo spazio, quindi scatta avanti o fai un doppio salto per avvicinarti.\k⏎\\@MESSAGE@⏎La strategia di base di Akatsuki inizia con attacchi veloci e sicuri come \@B@ in piedi e \@2+B@.\n⏎Dopo aver ridotto la capacità d'azione dell'avversario, scatta o usa l'Assalto per avvicinarti.\n⏎Quando sei sulla difensiva, il passo indietro rapido di Akatsuki è un ottimo modo per ristabilire le distanze tra te e l'avversario.\n⏎\n⏎Se l'avversario è troppo lontano per colpirlo con \@B@ in piedi e \@2+B@, prenditi spazio con \@236+A@\n⏎o prova a \@C@ in scatto e \@214+B@ per potenti attacchi a sorpresa.\n⏎\k";"";""
"aka_tactics_pressure_start";"\\@MESSAGE@⏎Once you've made contact with standing \@B@, you can continue into \@B@>\@2+B@>\@2+C@.\n⏎If your opponent blocks, finish up with \@236+A@ to maintain a frame advantage.\n⏎\n⏎If your attacks hit, proceed to \@6+C@>\@214+B@ to deal additional damage.\n⏎\k";"\\@MESSAGE@⏎Una volta a segno con \@B@ in piedi, puoi continuare con \@B@ > \@2+B@ > \@2+C@.\n⏎Se l'avversario para, finisci con \@236+A@ per mantenere il vantaggio di frame.\n⏎\n⏎Se gli attacchi vanno a segno, procedi con \@6+C@ > \@214+B@ per infliggere più danni.\n⏎\k";"";""
"aka_tactics_mixup_start";"\\@MESSAGE@⏎Once you get close to your opponent, try a mix-up between the overhead \@6+B@ and the low \@2+C@.\n⏎Since \@6+B@ is a heavy swing, try to cancel into it from standing \@C@ or other similar options.\n⏎\n⏎From a slightly farther distance, an equally strong mix-up uses the overhead \@214+B@\n⏎and \@214+A@ into \@2+A@ for a low option.\n⏎\k";"\\@MESSAGE@⏎Una volta che ti avvicini all'avversario, prova una tattica mista con \@6+B@ discendente e \@2+C@ basso.\n⏎Dato che \@6+B@ è lento a caricare, prova a eseguirlo annullando \@C@ in piedi o mosse simili.\n⏎\n⏎Da una distanza leggermente maggiore, una tattica mista altrettanto efficace utilizza \@214+B@ discendente\n⏎e \@214+A@ seguito da \@2+A@ come opzione bassa.\n⏎\k";"";""
"aka_tactics_invincible_start";"\\@MESSAGE@⏎When your opponent gets aggressive, try reversing the situation\n⏎with invulnerable attacks like \@22+B@ or \@22+C@.\n⏎You could also try \@B+C@, which can parry your opponent's attack.\n⏎\n⏎If you use Chain Shift to confirm the situation first,\n⏎you won't miss a chance to deal damage.\n⏎\k";"\\@MESSAGE@⏎Quando l'avversario diventa aggressivo, prova a capovolgere la situazione\n⏎con attacchi invulnerabili come \@22+B@ o \@22+C@.\n⏎Puoi anche provare \@B+C@, che para l'attacco dell'avversario.\n⏎\n⏎Se prima usi Chain Shift per verificare la situazione,\n⏎non perderai l'occasione di infliggere danni.\n⏎\k";"";""
"aka_tactics_antiair_start";"\\@MESSAGE@⏎If your opponent attacks from the air, take them down with \@C@ or \@6+C@ anti-air attacks.\n⏎Standing \@C@ can be jump canceled into aerial \@A@ for a combo.\n⏎\n⏎If your \@6+C@ lands a counter hit, you can continue into a combo with \@2+C@.\n⏎\k";"\\@MESSAGE@⏎Se l'avversario attacca dall'alto, abbattilo con attacchi antiaerei \@C@ o \@6+C@.\n⏎Puoi annullare in salto \@C@ in \@A@ in aria per una combo.\n⏎\n⏎Se il colpo di contrasto con \@6+C@ va a segno, puoi concatenare una combo con \@2+C@.\n⏎\k";"";""
"aka_tactics_ball_invincible_start";"\\@MESSAGE@⏎Try dealing with your opponent's projectiles with \@214+C@ or aerial \@214+C@.\n⏎They make you invulnerable to projectiles, allowing you to evade while getting closer.⏎\k";"\\@MESSAGE@⏎Prova a rispondere ai proiettili dell'avversario con \@214+C@ o \@214+C@ in aria.\n⏎Ti rendono invulnerabile ai proiettili, permettendoti di schivare mentre ti avvicini.⏎\k";"";""
"cha_tactics_footsies_start";"\\@MESSAGE@⏎Chaos is a technically complex character who confuses his opponents\n⏎by coordinating attacks with his companion Azhi Dahaka.\n⏎\n⏎His own attack range is relatively short.\n⏎Try poking at your opponent with Azhi Dahaka while rushing in close with Chaos.\k⏎⏎\\@MESSAGE@⏎From a distance, use long-reaching attacks like\n⏎\@6+C@, \@236+A@, and \@214+B@ to go on the offensive.\n⏎\n⏎Once you've stifled your opponent's actions, dash in or use Assault to get close.\n⏎Chaos' standing \@B@ and \@2+B@ are fast, making them great for offensive pressure.\n⏎\k";"\\@MESSAGE@⏎Chaos è un personaggio tecnicamente complesso che confonde gli avversari\n⏎coordinando gli attacchi con il suo compagno Azhi Dahaka.\n⏎\n⏎La sua portata di attacco è relativamente corta.\n⏎Prova a respingere l'avversario con Azhi Dahaka mentre scatti in avanti con Chaos.\k⏎⏎\\@MESSAGE@⏎Dalla distanza, usa attacchi a lunga portata come \@6+C@, \@236+A@ e \@214+B@ per passare all'offensiva.\n⏎\n⏎Dopo aver ridotto la capacità d'azione dell'avversario, scatta o usa l'Assalto per avvicinarti.\n⏎Gli attacchi \@B@ in piedi e \@2+B@ di Chaos sono veloci, perciò sono ottimi per fare pressione in attacco.\n⏎\k";"";""
"cha_tactics_pressure_start";"\\@MESSAGE@⏎Once you've made contact with standing \@B@, you can continue into\n⏎\@B@>\@2+B@>\@2+C@.\n⏎If your opponent blocks, finishing out with \@214+B@ will allow Chaos to act first.\n⏎\n⏎If your attacks hit, proceed to \@C@> follow-up \@C@>\@X@>aerial \@C@>aerial \@2+C@ to deal more damage.\n⏎\k";"\\@MESSAGE@⏎Una volta a segno con \@B@ in piedi, puoi continuare con \@B@ > \@2+B@ > \@2+C@.\n⏎Se l'avversario para, finisci con \@214+B@ per consentire a Chaos di agire per primo.\n⏎\n⏎Se gli attacchi vanno a segno, procedi con \@C@ > \@C@ a seguire > \@X@ > \@C@ in aria > \@2+C@ in aria per infliggere più danni.\n⏎\k";"";""
"cha_tactics_mixup_start";"\\@MESSAGE@⏎Once you get close to your opponent, try a mix-up\n⏎between the overhead Assault into aerial \@2+C@ and the low \@2+A@.\n⏎\k";"\\@MESSAGE@⏎Una volta che ti avvicini all'avversario, prova una tattica mista con Assalto discendente > \@2+C@ in aria e \@2+A@ basso.\n⏎\k";"";""
"cha_tactics_invincible_start";"\\@MESSAGE@⏎When your opponent gets aggressive, try reversing the situation with the invulnerable \@41236+D@.\n⏎\n⏎If you use Chain Shift to confirm the situation first,\n⏎you won't miss a chance to deal damage.\n⏎\k";"\\@MESSAGE@⏎Quando l'avversario diventa aggressivo, prova a capovolgere la situazione con l'attacco \@41236+D@ invulnerabile.\n⏎\n⏎Se prima usi Chain Shift per verificare la situazione,\n⏎non perderai l'occasione di infliggere danni.\n⏎\k";"";""
"cha_tactics_antiair_start";"\\@MESSAGE@⏎If the opponent attacks from the air, take them down with a \@236+B@ anti-air attack.\n⏎You'll need to input the command early, so try to predict your opponent's movement and strike preemptively.\n⏎\k";"\\@MESSAGE@⏎Se l'avversario attacca dall'alto, abbattilo con un attacco \@236+B@ antiaereo.\n⏎Dovrai inserire il comando in anticipo, quindi prova a prevedere il movimento dell'avversario e sferrare un attacco preventivo.\n⏎\k";"";""
"wag_tactics_footsies_start";"\\@MESSAGE@⏎Wagner has great long-range attacks, but she also excels at close-range mix-ups in rushdown situations.\n⏎\n⏎You can enhance her weapons to turn up the heat on your opponents.\k⏎\\@MESSAGE@⏎Wagner's basic strategy starts with her fast, safe standing \@B@ and \@2+B@.\n⏎Once you've stifled your opponent's actions, dash in or use Assault to get close.\n⏎Her \@6+B@ and aerial \@C@ both have great attack range.\n⏎\n⏎If you're too far away for Wagner's normal attacks to hit,\n⏎try her dashing \@C@ and \@236+A@ for surprise attacks.\n⏎\k";"\\@MESSAGE@⏎Wagner ha ottimi attacchi a lunga portata, ma eccelle anche nelle tattiche miste a distanza ravvicinata in aggressione.\n⏎\n⏎Puoi potenziare le sue armi per rendere la situazione scottante per gli avversari.\k⏎\\@MESSAGE@⏎La strategia di base di Wagner inizia con attacchi veloci e sicuri come \@B@ in piedi e \@2+B@.\n⏎Dopo aver ridotto la capacità d'azione dell'avversario, scatta o usa l'Assalto per avvicinarti.\n⏎\@6+B@ ha una portata eccezionale, così come \@C@ in aria.\n⏎\n⏎Se l'avversario è troppo lontano per colpirlo con gli attacchi normali di Wagner,\n⏎prova \@C@ in scatto e \@236+A@ per attacchi a sorpresa.\n⏎\k";"";""
"wag_tactics_pressure_start";"\\@MESSAGE@⏎Once you've made contact with standing \@B@, you can continue into \@B@>\@2+B@>\@6+B@.\n⏎If your opponent blocks, finish up with \@C@>\@A@ to keep Wagner safe.\n⏎\n⏎If your attacks hit, proceed to \@ZC@>\@Z214+A@ to deal additional damage.\n⏎\k";"\\@MESSAGE@⏎Partendo da \@B@ in piedi, puoi continuare con \@B@ > \@2+B@ > \@6+B@.\n⏎Se l'avversario para, finisci con \@C@ > \@A@ per mantenere Wagner al sicuro.\n⏎\n⏎Se gli attacchi vanno a segno, procedi con \@ZC@ > \@Z214+A@ per infliggere più danni.\n⏎\k";"";""
"wag_tactics_mixup_start";"\\@MESSAGE@⏎Once you get close to your opponent, try a mix-up\n⏎between the overhead \@6+C@ or \@ZB+C@ and the low \@2+C@.\n⏎\n⏎Her aerial \@A@ out of an Assault is a quick but powerful overhead.\n⏎Use Chain Shift to combo it into aerial \@C@.\n⏎Alternate this with the low dashing \@2+A@ for a strong mix-up!⏎\k";"\\@MESSAGE@⏎Una volta che ti avvicini all'avversario, prova una tattica mista con \@6+C@ discendente o \@ZB+C@ e \@2+C@ basso.\n⏎\n⏎\@A@ in aria dopo l'Assalto è un attacco discendente veloce ma potente.\n⏎Usa Chain Shift per concatenarlo in una combo con \@C@ in aria.\n⏎Alterna questo attacco con \@2+A@ basso in scatto per una tattica mista efficace!⏎\k";"";""
"wag_tactics_invincible_start";"\\@MESSAGE@⏎When your opponent gets aggressive, try reversing the situation with the invulnerable \@623+BorC@.\n⏎\n⏎If you use Chain Shift to confirm the situation first,\n⏎you won't miss a chance to deal damage.\n⏎\k";"\\@MESSAGE@⏎Quando l'avversario diventa aggressivo, prova a capovolgere la situazione con l'attacco \@623+BoC@ invulnerabile.\n⏎\n⏎Se prima usi Chain Shift per verificare la situazione,\n⏎non perderai l'occasione di infliggere danni.\n⏎\k";"";""
"wag_tactics_antiair_start";"\\@MESSAGE@⏎If your opponent attacks from the air, take them down with a \@3+C@ anti-air attack.\n⏎\@3+C@ can be jump canceled into aerial \@B@ for a combo.\n⏎\k";"\\@MESSAGE@⏎Se l'avversario attacca dall'alto, abbattilo con un attacco \@3+C@ antiaereo.\n⏎\@3+C@ può essere annullato in salto in \@B@\nin aria per una combo.\n⏎\k";"";""
"wag_tactics_ball_invincible_start";"\\@MESSAGE@⏎Try dealing with your opponent's projectiles with \@214+C@.\n⏎It makes you invulnerable to projectiles, allowing you to evade while attacking.⏎\k";"\\@MESSAGE@⏎Prova a rispondere ai proiettili dell'avversario con \@214+C@.\n⏎Ti rende invulnerabile ai proiettili, permettendoti di schivare mentre attacchi.⏎\k";"";""
"enk_tactics_footsies_start";"\\@MESSAGE@⏎Enkidu is a hard hitter with powerful rushdown tactics at close range.\n⏎Many of his moves cause him to lunge far forward, allowing you to keep up the pressure.\n⏎\k⏎\\@MESSAGE@⏎Enkidu's basic strategy starts with his fast, safe standing \@B@ and \@2+B@.\n⏎Once you've stifled your opponent's actions, dash in or use Assault to get close.\n⏎\n⏎If you're too far away for standing \@B@ and \@2+B@ to hit,\n⏎keep your opponent at a distance with the far-reaching \@C@ and \@2+C@\n⏎or catch them by surprise with dashing \@C@ and \@236+B@.\n⏎\k";"\\@MESSAGE@⏎Enkidu è un combattente dalla mano pesante, con potenti tattiche di aggressione ravvicinata.\n⏎Molte delle sue mosse sono affondi che lo fanno avanzare parecchio e permettono di tenere alta la pressione.\n⏎\k⏎\\@MESSAGE@⏎La strategia di base di Enkidu inizia con attacchi veloci e sicuri come \@B@ in piedi e \@2+B@.\n⏎Dopo aver ridotto la capacità d'azione dell'avversario, scatta o usa l'Assalto per avvicinarti.\n⏎\n⏎Se l'avversario è troppo lontano per colpirlo con \@B@ in piedi e \@2+B@,\n⏎mantieni le distanze con attacchi a lunga portata come \@C@ o \@2+C@\n⏎o coglilo di sorpresa con \@C@ in scatto e \@236+B@.\n⏎\k";"";""
"enk_tactics_pressure_start";"\\@MESSAGE@⏎Once you've made contact with standing \@B@, you can continue into \@B@>\@2+B@>\@C@>\@2+C@.\n⏎If your opponent blocks, finish up with \@22+A@ to keep Enkidu safe.\n⏎\n⏎If your attacks hit, proceed to \@6+C@>\@236+A@> follow-up \@6+A@> follow-up \@6+A@ to deal more damage.\n⏎\k";"\\@MESSAGE@⏎Partendo da \@B@ in piedi, puoi continuare con \@B@ > \@2+B@ > \@C@ > \@2+C@.\n⏎Se l'avversario para, finisci con \@22+A@ per tenere Enkidu al sicuro.\n⏎\n⏎Se gli attacchi vanno a segno, procedi con \@6+C@ > \@236+A@ > \@6+A@ a seguire > \@6+A@ a seguire per infliggere più danni.\n⏎\k";"";""
"enk_tactics_mixup_start";"\\@MESSAGE@⏎Once you get close to your opponent, try a mix-up\n⏎with \@ZC@ or \@Z6+C@ as overhead options, or \@2+C@ as a low option.\n⏎Since \@ZC@ and \@Z6+C@ are heavy swings,\n⏎try to cancel into them from \@2+B@ or other similar options.⏎\k";"\\@MESSAGE@⏎Una volta che ti avvicini all'avversario, prova una tattica mista con \@ZC@ o \@Z6+C@ come opzione discendente o \@2+C@ come opzione bassa.\n⏎Dato che \@ZC@ e \@Z6+C@ sono lenti a caricare,\n⏎prova a eseguirli annullando \@2+B@ o opzioni simili.⏎\k";"";""
"enk_tactics_invincible_start";"\\@MESSAGE@⏎When your opponent gets aggressive, try reversing the situation\n⏎with invulnerable attacks like \@623+C@ or \@214+C@, which can parry an attack.\n⏎\n⏎If you use Chain Shift to confirm the situation first,\n⏎you won't miss a chance to deal damage.\n⏎\k";"\\@MESSAGE@⏎Quando l'avversario diventa aggressivo, prova a capovolgere la situazione\n⏎con attacchi invulnerabili come \@623+C@ o \@214+C@, che possono parare un attacco.\n⏎\n⏎Se prima usi Chain Shift per verificare la situazione,\n⏎non perderai l'occasione di infliggere danni.\n⏎\k";"";""
"enk_tactics_antiair_start";"\\@MESSAGE@⏎If your opponent attacks from the air, take them down with \@B+C@ or \@4+C@ anti-air attacks.\n⏎If your \@B+C@ lands a counter hit, you can follow it with \@2+C@.\n⏎\n⏎Compared to \@B+C@, \@4+C@ can win out against jump attacks even when performed a bit later.\n⏎This makes it a useful anti-air choice in the heat of the moment.\n⏎\k";"\\@MESSAGE@⏎Se l'avversario attacca dall'alto, abbattilo con attacchi antiaerei come \@B+C@ o \@4+C@.\n⏎Se metti a segno un colpo di contrasto con \@B+C@, usa \@2+C@ a seguire.\n⏎\n⏎Rispetto a \@B+C@, \@4+C@ può avere la meglio sugli attacchi in salto anche se sferrato con un piccolo ritardo.\n⏎Questo lo rende un'utile scelta antiaerea quando la situazione si fa tesa.\n⏎\k";"";""
"enk_tactics_ball_invincible_start";"\\@MESSAGE@⏎Try dealing with your opponent's projectiles with \@Z3+C@ or \@236+C@.\n⏎They make you invulnerable to projectiles, allowing you to evade while attacking.⏎\k";"\\@MESSAGE@⏎Prova a rispondere ai proiettili dell'avversario con \@Z3+C@ o \@236+C@.\n⏎Ti rendono invulnerabile ai proiettili, permettendoti di schivare mentre attacchi.⏎\k";"";""
"mik_tactics_footsies_start";"\\@MESSAGE@⏎Mika is a powerful close-range fighter with lots of lunging attacks at her disposal.\n⏎Her heavy gauntlets, called Pachelbel Cannon, are unmatched for destructive power.\n⏎They grab Mika's opponents and perform powerful maneuvers with explosive energy.\k⏎\\@MESSAGE@⏎Mika's basic strategy starts with her fast, safe standing \@B@ and standing \@C@.\n⏎Once you've stifled your opponent's actions, dash in or use Assault to get close.\n⏎\n⏎If you're too far away for standing \@B@ and standing \@C@ to hit,\n⏎try her dashing \@B@ and \@623+A@ for surprise attacks.\n⏎\k";"\\@MESSAGE@⏎Mika è una lottatrice potente a distanza ravvicinata e ha a disposizione molti attacchi in affondo.\n⏎I suoi pesanti guanti, chiamati Pachelbel Cannon, non hanno eguali in fatto di potere distruttivo.\n⏎Afferrano gli avversari di Mika ed eseguono manovre potenti con energia esplosiva.\k⏎\\@MESSAGE@⏎La strategia di base di Mika inizia con attacchi veloci e sicuri come \@B@ in piedi e \@C@ in piedi.\n⏎Dopo aver ridotto la capacità d'azione dell'avversario, scatta in avanti o usa l'Assalto per avvicinarti.\n⏎\n⏎Se l'avversario è troppo lontano per colpirlo con \@B@ in piedi e \@C@ in piedi,\n⏎prova gli attacchi a sorpresa in scatto con \@B@ e \@623+A@.\n⏎\k";"";""
"mik_tactics_pressure_start";"\\@MESSAGE@⏎Once you've made contact with standing \@B@, you can continue into \@B@>\@C@>\@2+C@.\n⏎If your opponent blocks, finish up with standing \@A@ to keep Mika safe.\n⏎\n⏎If your attacks hit, proceed to \@3+C@>\@X@>aerial \@ZC@ to deal more damage.\n⏎\k";"\\@MESSAGE@⏎Partendo da \@B@ in piedi, puoi continuare con \@B@ > \@C@ > \@2+C@.\n⏎Se l'avversario para, finisci con \@A@ in piedi per tenere Mika al sicuro.\n⏎\n⏎Se gli attacchi vanno a segno, procedi con \@3+C@ > \@X@ > \@ZC@ in aria per infliggere più danni.\n⏎\k";"";""
"mik_tactics_mixup_start";"\\@MESSAGE@⏎When your opponent stubbornly guards, try a mix-up\n⏎between the overhead dashing \@C@ and the low dashing \@B@.\n⏎\n⏎Her aerial \@B@ out of an Assault is a quick but powerful overhead.\n⏎Use Chain Shift to combo it into aerial \@A@.\n⏎Alternate this with the low dashing \@2+A@ for a strong mix-up!⏎\k";"\\@MESSAGE@⏎Quando l'avversario si ostina a restare in guardia, prova una tattica mista con \@C@ discendente in scatto e \@B@ basso in scatto.\n⏎\n⏎\@B@ in aria dopo l'Assalto è un attacco discendente veloce ma potente.\n⏎Usa Chain Shift per concatenarlo in una combo con \@A@ in aria.\n⏎Alterna questo attacco con \@2+A@ basso in scatto per una tattica mista efficace!⏎\k";"";""
"mik_tactics_throw_start";"\\@MESSAGE@⏎Once you're close to your opponent, her full-circle \@+C@ and \@214+AorBorC@ command throws are\n⏎powerful.\n⏎\n⏎If her full-circle \@+C@ hits, you can Chain Shift into a combo.\n⏎If \@214+C@ hits, you can follow it up with dashing \@C@.\n⏎\n⏎Mika's \@214+AorB@ can be throw broken, but it makes Mika lunge far forward,\n⏎so it's effective against opponents who try to keep their distance with Shield.\n⏎\k";"\\@MESSAGE@⏎Quando ti trovi di fianco all'avversario, le sue proiezioni speciali con \@+C@ a cerchio completo e \@214+AoBoC@ diventano molto potenti.\n⏎\n⏎Se \@+C@ a cerchio completo va a segno, puoi iniziare una combo con Chain Shift.\n⏎Se \@214+C@ colpisce, puoi sferrare \@C@ in scatto a seguire.\n⏎\n⏎\@214+AoB@ è vulnerabile all'interruzione di proiezione, ma fa lanciare Mika molto in avanti,\n⏎quindi è efficace contro gli avversari che cercano di mantenere le distanze con lo Scudo.\n⏎\k";"";""
"mik_tactics_invincible_start";"\\@MESSAGE@⏎When your opponent gets aggressive, try reversing the situation\n⏎with the invulnerable \@623+C@.\n⏎\n⏎If you use Chain Shift to confirm the situation first,\n⏎you won't miss a chance to deal damage.\n⏎\k";"\\@MESSAGE@⏎Quando l'avversario diventa aggressivo, prova a capovolgere la situazione\n⏎con l'attacco \@623+C@ invulnerabile.\n⏎\n⏎Se prima usi Chain Shift per verificare la situazione,\n⏎non perderai l'occasione di infliggere danni.\n⏎\k";"";""
"mik_tactics_antiair_start";"\\@MESSAGE@⏎If your opponent attacks from the air, take them down with a \@3+C@ or \@623+AorB@ anti-air attack.\n⏎Use \@3+C@ at close range and \@623+AorB@ when farther away.\n\n⏎If your \@3+C@ lands a counter hit, you can continue into a combo with standing \@B@.\n⏎\k";"\\@MESSAGE@⏎Se l'avversario attacca dall'alto, abbattilo con un attacco antiaereo \@3+C@ o \@623+AoB@.\n⏎Usa \@3+C@ a distanza ravvicinata e \@623+AoB@ se sei più lontano.\n\n⏎Se il colpo di contrasto con \@3+C@ va a segno, puoi concatenare una combo con \@B@ in piedi.\n⏎\k";"";""
"pho_tactics_footsies_start";"\\@MESSAGE@⏎Phonon is a technically complex character who uses her long whip\n⏎to pull her opponents closer--and knock them away.\k⏎\\@MESSAGE@⏎Phonon's basic strategy revolves around using long-reaching attacks like \@2+B@, \@4+B@, and \@2+C@\n⏎to keep her opponent away.\n⏎Her aerial \@C@ covers a large area, making it effective, too.\n⏎Prevent your opponent from getting close and stay at an advantageous range.\n⏎\n⏎If you're too far away for \@2+B@, \@4+B@, and \@2+C@ to hit,\n⏎try \@3+C@, \@236+A@, and aerial \@236+A@ instead.\n⏎\k";"\\@MESSAGE@⏎Phonon è un personaggio tecnicamente complesso che usa la sua lunga frusta\n⏎per avvicinare gli avversari e per spingerli via. \k⏎\\@MESSAGE@⏎La strategia di base di Phonon ruota attorno ad attacchi a lunga portata come \@2+B@, \@4+B@ e \@2+C@\n⏎per tenere lontano l'avversario.\n⏎Anche il suo \@C@ in aria è efficace, data l'area vasta che copre.\n⏎Impedisci all'avversario di avvicinarsi e mantieni il vantaggio della distanza.\n⏎\n⏎Se l'avversario è troppo lontano per colpirlo con \@2+B@, \@4+B@ e \@2+C@,\n⏎prova invece \@3+C@, \@236+A@ e \@236+A@ in aria.\n⏎\k";"";""
"pho_tactics_pressure_start";"\\@MESSAGE@⏎Once you've made contact with \@2+B@, you can continue into \@2+B@>\@C@>\@2+C@.\n⏎If your opponent blocks, finish up with \@236+A@ to create some distance.\n⏎\n⏎If your attacks hit, proceed to \@214+A@> follow-up \@4+A@ to deal more damage.\n⏎\k";"\\@MESSAGE@⏎Partendo da \@2+B@, puoi continuare con \@2+B@ > \@C@ > \@2+C@.\n⏎Se l'avversario para, finisci con \@236+A@ per creare della distanza.\n⏎\n⏎Se gli attacchi vanno a segno, procedi con \@214+A@ > \@4+A@ a seguire per infliggere più danni.\n⏎\k";"";""
"pho_tactics_mixup_start";"\\@MESSAGE@⏎When your opponent stubbornly guards, try a mix-up\n⏎between the overhead \@Z@ dashing \@B@ and the low dashing \@2+A@.\n⏎\n⏎Her aerial \@A@ out of an Assault is a quick but powerful overhead.\n⏎Use Chain Shift to combo it into aerial \@B@.⏎\k";"\\@MESSAGE@⏎Quando l'avversario si ostina a restare in guardia, prova una tattica mista con \@Z@ \@B@ discendente in scatto e \@2+A@ basso in scatto.\n⏎\n⏎\@A@ in aria dopo l'Assalto è un attacco discendente veloce ma potente.\n⏎Usa Chain Shift per concatenarlo in una combo con \@B@ in aria.⏎\k";"";""
"pho_tactics_invincible_start";"\\@MESSAGE@⏎When your opponent gets aggressive, try reversing the situation with the invulnerable \@623+C@.\n⏎\n⏎If you use Chain Shift to confirm the situation first,\n⏎you won't miss a chance to deal damage.\n⏎\k";"\\@MESSAGE@⏎Quando l'avversario diventa aggressivo, prova a capovolgere la situazione con l'attacco \@623+C@ invulnerabile.\n⏎\n⏎Se prima usi Chain Shift per verificare la situazione,\n⏎non perderai l'occasione di infliggere danni.\n⏎\k";"";""
"pho_tactics_antiair_start";"\\@MESSAGE@⏎If your opponent attacks from the air, take them down with \@623+A@ or \@B+C@ anti-air attacks.\n⏎\@B+C@ covers a large area but is also slow,\n⏎so be ready to go with \@623+A@ if the situation calls for it.\n⏎\k";"\\@MESSAGE@⏎Se l'avversario attacca dall'alto, abbattilo con attacchi antiaerei \@623+A@ o \@B+C@.\n⏎\@B+C@copre una vasta area ma è anche lento,\n⏎quindi preparati a passare a \@623+A@ se la situazione lo richiede.\n⏎\k";"";""
"lnd_tactics_footsies_start";"\\@MESSAGE@⏎Londrekia excels at long-distance combat with his long-reaching attacks.\n⏎He can fight at his own pace, thanks to his arsenal of projectiles and lunging attacks.\n⏎\k⏎\\@MESSAGE@⏎Londrekia's basic strategy starts with his fast, safe standing \@B@ and \@2+B@.\n⏎Once you've stifled your opponent's actions, go on the offensive with \@214+A@ and \@214+C@.\n⏎His \@2+C@, Increased aerial \@3+B@, and \@236+A@ are long-reaching and effective as well.⏎\k";"\\@MESSAGE@⏎Londrekia eccelle nel combattimento a lunga distanza con i suoi attacchi dalla lunga portata.\n⏎Può decidere il ritmo dello scontro grazie al suo arsenale di proiettili e attacchi in affondo.\n⏎\k⏎\\@MESSAGE@⏎La strategia di base di Londrekia inizia con attacchi veloci e sicuri come \@B@ in piedi e \@2+B@.\n⏎Dopo aver ridotto la capacità d'azione dell'avversario, passa all'offensiva con \@214+A@ e \@214+C@.\n⏎Anche \@2+C@, \@3+B@ in aria aumentato e \@236+A@ sono efficaci dalla distanza.⏎\k";"";""
"lnd_tactics_pressure_start";"\\@MESSAGE@⏎Starting with a standing \@B@, you can continue into \@B@>\@C@>\@2+C@.\n⏎If your opponent blocks, finish up with \@236+A@ to create some distance.\n⏎\n⏎If your attacks hit, proceed to \@214+A@> follow-up \@A@> follow-up \@C@ to deal more damage.\n⏎\k";"\\@MESSAGE@⏎Partendo da \@B@ in piedi, puoi continuare con \@B@ > \@C@ > \@2+C@.\n⏎Se l'avversario para, finisci con \@236+A@ per mantenere le distanze.\n⏎\n⏎Se gli attacchi vanno a segno, procedi con \@214+A@ > \@A@ a seguire > \@C@ a seguire per infliggere più danni.\n⏎\k";"";""
"lnd_tactics_mixup_start";"\\@MESSAGE@⏎When you want to throw off your opponent's guard,\n⏎try a mix-up with \@Z@ follow-up \@C@ out of \@214+B@ as an overhead option\n⏎and \@Z@ follow-up \@A@ as a low option.\n⏎It's best to start these with \@B@>\@C@ or a similar block string.\n⏎\@Z@ follow-up \@C@ starts up faster out of \@214+AorBorC@ than it does from \@Z214+C@,\n⏎making it more difficult to block.\n⏎\n⏎Mix-ups between the overhead \@4+C@ follow-up \@C@ and the low \@Z214+A@ are also effective.\n ⏎\k";"\\@MESSAGE@⏎Quando vuoi confondere l'avversario in guardia, prova una tattica mista con \@Z@ \@C@ a seguire dopo\n⏎\@214+B@ come opzione discendente e \@Z@ \@A@ a seguire come opzione bassa.\n⏎È meglio iniziare queste tattiche con \@B@ > \@C@ o una serie bloccata simile.\n⏎\@Z@ \@C@ a seguire inizia più velocemente da \@214+AoBoC@ piuttosto che da \@Z214+C@,\n⏎perciò è più difficile da parare.\n⏎Anche le tattiche miste con \@4+C@ discendente \@C@ a seguire e \@Z214+A@ basso sono efficaci.\n⏎\k";"";""
"lnd_tactics_invincible_start";"\\@MESSAGE@⏎When your opponent gets aggressive, try reversing the situation with the invulnerable \@B+C@.\n⏎\n⏎If you use Chain Shift to confirm the situation first,\n⏎you won't miss a chance to deal damage.\n⏎\k";"\\@MESSAGE@⏎Quando l'avversario diventa aggressivo, prova a capovolgere la situazione con l'attacco \@B+C@ invulnerabile.\n⏎\n⏎Se prima usi Chain Shift per verificare la situazione,\n⏎non perderai l'occasione di infliggere danni.\n⏎\k";"";""
"lnd_tactics_antiair_start";"\\@MESSAGE@⏎If your opponent attacks from the air, take them down with a \@3+C@ anti-air attack.\n⏎\@3+C@ can be jump canceled into aerial \@ZC@ for a combo.\n⏎\k";"\\@MESSAGE@⏎Se l'avversario attacca dall'alto, abbattilo con un attacco \@3+C@ antiaereo.\n⏎\@3+C@ può essere annullato in salto in \@ZC@ in aria per una combo.\n⏎\k";"";""
"tsu_tactics_footsies_start";"\\@MESSAGE@⏎Tsurugi is a character who excels at close-ranged rushdowns.\n⏎He can parry his opponents' attacks as he goes on the offensive.⏎\k⏎\\@MESSAGE@⏎Tsurugi's basic strategy starts with his fast, safe standing \@B@ and \@2+B@.\n⏎In the air, his long-reaching aerial \@C@ is an effective option.\n⏎Once you've stifled your opponent's actions, dash in or use Assault to get close.\n⏎\n⏎At a distance, use \@B+C@ to parry your opponent's attack\n⏎and hit back with \@B+C@> follow-up \@2+AorBorC@ for a strong surprise attack.\n⏎\k";"\\@MESSAGE@⏎Tsurugi è un personaggio che eccelle nelle aggressioni a distanza ravvicinata.\n⏎Può parare gli attacchi degli avversari mentre passa all'offensiva.⏎\k⏎\\@MESSAGE@⏎La strategia di base di Tsurugi inizia con attacchi veloci e sicuri come \@B@ in piedi e \@2+B@.\n⏎Per le tattiche in salto, \@C@ in aria a lunga portata è un'opzione efficace.\n⏎Dopo aver ridotto la capacità d'azione dell'avversario, scatta in avanti o usa l'Assalto per avvicinarti.\n⏎\n⏎Dalla distanza, usa \@B+C@ per parare l'attacco dell'avversario\n⏎e replica con \@B+C@ > \@2+AoBoC@ a seguire per un potente attacco a sorpresa.\n⏎\k";"";""
"tsu_tactics_pressure_start";"\\@MESSAGE@⏎Starting with a standing \@B@, you can continue into \@B@>\@C@>\@2+C@.\n⏎If your opponent blocks, finish up with \@2+A@ to keep Tsurugi safe.\n⏎\n⏎If your attacks hit, proceed to \@236+A@> follow-up \@6+A@ to deal more damage.\n⏎\k";"\\@MESSAGE@⏎Partendo da \@B@ in piedi, puoi continuare con \@B@ > \@C@ > \@2+C@.\n⏎Se l'avversario para, finisci con \@2+A@ per mantenere Tsurugi al sicuro.\n⏎\n⏎Se gli attacchi vanno a segno, procedi con \@236+A@ > \@6+A@ a seguire per infliggere più danni.\n⏎\k";"";""
"tsu_tactics_mixup_start";"\\@MESSAGE@⏎⏎Once you get close to your opponent, try a mix-up between the overhead \@6+C@ and the low \@2+C@.\n⏎Since \@6+C@ is a heavy swing, try to cancel into it from standing \@C@ or other similar options.⏎\k";"\\@MESSAGE@⏎⏎Una volta che ti avvicini all'avversario, prova una tattica mista con \@6+C@ discendente e \@2+C@ basso.\n⏎Dato che \@6+C@ è lento a caricare, prova a eseguirlo annullando \@C@ in piedi o mosse simili.⏎\k";"";""
"tsu_tactics_invincible_start";"\\@MESSAGE@⏎When your opponent gets aggressive, try reversing the situation\n⏎with the invulnerable \@623+BorC@.\n⏎If you use Chain Shift to confirm the situation first,\n⏎you won't miss a chance to deal damage.\n⏎\k";"\\@MESSAGE@⏎Quando l'avversario diventa aggressivo, prova a capovolgere la situazione\n⏎con l'attacco \@623+BoC@ invulnerabile.\n⏎Se prima usi Chain Shift per verificare la situazione,\n⏎non perderai l'occasione di infliggere danni.\n⏎\k";"";""
"tsu_tactics_antiair_start";"\\@MESSAGE@⏎If your opponent attacks from the air, take them down with a \@3+C@ anti-air attack.\n⏎\@3+C@ can be jump canceled into aerial \@B@ for a combo.\n⏎\k";"\\@MESSAGE@⏎Se l'avversario attacca dall'alto, abbattilo con un attacco \@3+C@ antiaereo.\n⏎\@3+C@ può essere annullato in salto in \@B@ in aria per una combo.\n⏎\k";"";""
"kag_tactics_footsies_start";"\\@MESSAGE@⏎Kaguya keeps her opponents at a distance with long-reaching attacks and projectiles,\n⏎while also harassing them with tricky and deceptive movements.⏎\k⏎\\@MESSAGE@⏎A strong tactic is to poke your opponent with long-reaching attacks like standing \@B@ and \@2+C@.\n⏎In the air, her long-reaching aerial \@B@ and aerial \@2+C@ are both effective.\n⏎Prevent your opponent from getting close and stay at an advantageous range.\n⏎\n⏎When far away, try poking your opponent with \@214+AorB@\n⏎before striking from the air with aerial \@236+A@.\n⏎\k";"\\@MESSAGE@⏎Kaguya tiene a distanza gli avversari con attacchi a lunga portata e proiettili,\n⏎infastidendoli anche con movimenti insidiosi e ingannevoli.⏎\k⏎\\@MESSAGE@⏎Una tattica efficace è colpire l'avversario con attacchi a lunga portata come \@B@ in piedi e \@2+C@.\n⏎Dall'alto, gli attacchi a lunga portata \@B@ in aria e \@2+C@ in aria sono entrambi efficaci.\n⏎Impedisci all'avversario di avvicinarsi e mantieni il vantaggio della distanza.\n⏎\n⏎Quando l'avversario è lontano, attaccalo con \@214+AoB@\n⏎prima di colpire dall'alto con \@236+A@ in aria.\n⏎\k";"";""
"kag_tactics_pressure_start";"\\@MESSAGE@⏎Starting with a standing \@B@, you can continue into \@B@> follow-up \@B@>\@2+C@,\n⏎which can further combo into \@236+A@.\n⏎If your opponent blocks, finish up with \@236+A@ to keep Kaguya safe.\n⏎\n⏎If your attacks hit, proceed to \@236+A@> follow-up \@6+A@> follow-up \@6+A@ to deal more damage.\n⏎\k";"\\@MESSAGE@⏎Partendo da \@B@ in piedi, puoi continuare con \@B@ > \@B@ a seguire > \@2+C@,\n⏎che puoi quindi concatenare in combo con \@236+A@.\n⏎Se l'avversario para, finisci con \@236+A@ per tenere al sicuro Kaguya.\n⏎\n⏎Se gli attacchi vanno a segno, procedi con \@236+A@ > \@6+A@ a seguire > \@6+A@ a seguire per infliggere più danni.\n⏎\k";"";""
"kag_tactics_mixup_start";"\\@MESSAGE@⏎When you want to throw off your opponent's guard,\n⏎Kaguya's aerial \@A@ out of an Assault is a speedy overhead option.\n⏎Use Chain Shift to combo it into aerial \@C@.\n⏎Alternate this with the low dashing \@2+A@ for a strong mix-up!⏎\k";"\\@MESSAGE@⏎Quando vuoi confondere l'avversario in guardia, \@A@ in aria di Kaguya dopo l'Assalto è un'opzione discendente veloce.\n⏎Usa Chain Shift per una combo con \@C@ in aria.\n⏎Alterna questa tecnica con \@2+A@ basso in scatto per una tattica\n⏎mista efficace!⏎\k";"";""
"kag_tactics_invincible_start";"\\@MESSAGE@⏎When your opponent gets aggressive, try reversing the situation\n⏎with the invulnerable \@623+C@.\n⏎\n⏎If you use Chain Shift to confirm the situation first,\n⏎you won't miss a chance to deal damage.\n⏎\k";"\\@MESSAGE@⏎Quando l'avversario diventa aggressivo, prova a capovolgere la situazione\n⏎con l'attacco \@623+C@ invulnerabile.\n⏎\n⏎Se prima usi Chain Shift per verificare la situazione,\n⏎non perderai l'occasione di infliggere danni.\n⏎\k";"";""
"kag_tactics_antiair_start";"\\@MESSAGE@⏎If your opponent attacks from the air, take them down with a \@4+B@ anti-air attack.\n⏎\@4+B@ can be jump canceled into aerial \@B@ for a combo.\n⏎\k";"\\@MESSAGE@⏎Se l'avversario attacca dall'alto, abbattilo con un attacco \@4+B@ antiaereo.\n⏎\@4+B@ può essere annullato in salto in \@B@ in aria per una combo.\n⏎\k";"";""
"kuo_tactics_footsies_start";"\\@MESSAGE@⏎Kuon uses his long-reaching attacks and arsenal of projectiles to keep his opponents away,\n⏎all while overwhelming them with an array of unique movements thanks to his levitation.⏎\k⏎\\@MESSAGE@⏎A strong tactic is to poke your opponent with long-reaching attacks like \@6+B@ and standing \@C@.\n⏎Prevent them from getting close and stay at an advantageous range.\n⏎\n⏎If you're too far away for Kuon's normal attacks to hit,\n⏎try \@236+A@ and \@214+A@.\n⏎When you want to get close to your opponent, Assault into aerial \@C@\n⏎or dashing \@B@ are effective.\n⏎\k";"\\@MESSAGE@⏎Kuon usa i suoi attacchi a lunga portata e il suo arsenale di proiettili per tenere lontani gli avversari,\n⏎mentre li sbaraglia con una serie di movimenti unici grazie alla sua levitazione.⏎\k⏎\\@MESSAGE@⏎Una tattica efficace è respingere l'avversario con attacchi a lunga portata come \@6+B@ e \@C@ in piedi.\n⏎Impedisci all'avversario di avvicinarsi e mantieni il vantaggio della distanza.\n⏎\n⏎Se l'avversario è troppo lontano per colpirlo con gli attacchi normali di Kuon,\n⏎prova \@236+A@ e \@214+A@.\n⏎Quando vuoi avvicinarti, passare dall'Assalto a \@C@in aria \n⏎o \@B@ in scatto sono tecniche efficaci.\n⏎\k";"";""
"kuo_tactics_pressure_start";"\\@MESSAGE@⏎Once you've made contact with standing \@6+B@, you can continue into \@6+B@> follow-up \@6+B@> \@C@.\n⏎If your opponent blocks, finish up with standing \@A@ to shorten your recovery time.\n⏎\n⏎If your attacks hit, proceed to \@623+A@>\@22+A@ to deal more damage.\n ⏎\k";"\\@MESSAGE@⏎Partendo da \@6+B@ in piedi, puoi continuare con \@6+B@ > \@6+B@ a seguire > \@C@.\n⏎Se l'avversario para, finisci con \@A@ in piedi per abbreviare i tempi di ripresa.\n⏎\n⏎Se gli attacchi vanno a segno, procedi con \@623+A@ > \@22+A@ per infliggere più danni.\n⏎\k";"";""
"kuo_tactics_mixup_start";"\\@MESSAGE@⏎Once you get close to your opponent, try a mix-up between the overhead dashing \@C@ and the low \@3+C@.\n⏎Since dashing \@C@ is a heavy swing,\n⏎it's best used after the opponent blocks \@214+A@.⏎\k";"\\@MESSAGE@⏎Una volta che ti avvicini all'avversario, prova una tattica mista con \@C@ discendente in scatto e \@3+C@ basso.\n⏎Dato che \@C@ in scatto è lento a caricare,\n⏎è meglio usarlo dopo che l'avversario ha parato \@214+A@.⏎\k";"";""
"kuo_tactics_invincible_start";"\\@MESSAGE@⏎When your opponent gets aggressive, try reversing the situation\n⏎with the invulnerable \@2 charge 8+BorC@.\n⏎\n⏎If you use Chain Shift to confirm the situation first,\n⏎you won't miss a chance to deal damage.\n⏎\k⏎";"\\@MESSAGE@⏎Quando l'avversario diventa aggressivo, prova a capovolgere la situazione\n⏎con l'attacco \@2caricato8+BoC@ invulnerabile.\n⏎\n⏎Se prima usi Chain Shift per verificare la situazione,\n⏎non perderai l'occasione di infliggere danni.\n⏎\k⏎";"";""
"kuo_tactics_antiair_start";"\\@MESSAGE@⏎If your opponent attacks from the air, take them down with a \@2+C@ anti-air attack.\n⏎\@2+C@ can be jump canceled into aerial \@B@ for a combo.\n⏎\k";"\\@MESSAGE@⏎Se l'avversario attacca dall'alto, abbattilo con un attacco \@2+C@ antiaereo.\n⏎\@2+C@ può essere annullato in salto in \@B@ in aria per una combo.\n⏎\k";"";""
"uzu_tactics_footsies_start";"\\@MESSAGE@⏎Uzuki excels at long-distance combat with her long-reaching attacks.\n⏎She can fight at her own pace, thanks to her arsenal of projectiles and lunging attacks.\n⏎\k⏎\\@MESSAGE@⏎A strong tactic is to poke your opponent with long-reaching attacks\n⏎like standing \@C@, \@2+B@, and \@2+C@.\n⏎Prevent them from getting close and stay at an advantageous range.\n⏎Uzuki's aerial \@236+A@ and aerial \@236+B@ also make for great pokes.\n⏎\n⏎If you're too far away for standing \@C@ and \@2+C@ to hit,\n⏎her \@236+A@ and \@22+B@ are also effective choices.\n⏎\k";"\\@MESSAGE@⏎Uzuki eccelle nel combattimento a lunga distanza con i suoi attacchi dalla lunga portata.\n⏎Può decidere il ritmo dello scontro grazie al suo arsenale di proiettili e attacchi in affondo.\n⏎\k⏎\\@MESSAGE@⏎Una tattica efficace consiste nel colpire l'avversario con attacchi a lunga portata\n⏎come \@C@ in piedi, \@2+B@ e \@2+C@.\n⏎Impediscigli di avvicinarsi e mantieni il vantaggio della distanza.\n⏎Anche \@236+A@ in aria e \@236+B@ in aria sono ottime respinte.\n⏎\n⏎Se l'avversario è troppo lontano per colpirlo con \@C@ in piedi o \@2+C@,\n⏎anche \@236+A@ e \@22+B@ sono scelte efficaci.\n⏎\k";"";""
"uzu_tactics_pressure_start";"\\@MESSAGE@⏎Once you've made contact with \@2+B@, you can continue into \@2+B@> \@2+C@> \@C@.\n⏎If your opponent blocks, finish up with standing \@A@ to shorten your recovery time.\n⏎\n⏎If your attacks hit, proceed to standing \@C@ and \@236+A@ to deal more damage.\n⏎\k";"\\@MESSAGE@⏎Partendo da \@2+B@, puoi continuare con \@2+B@ > \@2+C@ > \@C@.\n⏎Se l'avversario para, finisci con \@A@ in piedi per abbreviare i tempi di ripresa.\n⏎\n⏎Se gli attacchi vanno a segno, continua con \@C@ in piedi e \@236+A@ e infliggi più danni.\n⏎\k";"";""
"uzu_tactics_mixup_start";"\\@MESSAGE@⏎If your opponent consistently blocks your attacks, use overheads like \@Z4+C@ and \@236+B@\n⏎or low attacks like \@2+C@ to mix them up.\n⏎All of those attacks are heavy swings,\n⏎so you should cancel into \@Z4+C@ and \@236+B@ from moves like \@2+B@>\@C@.\n⏎\n⏎\k";"\\@MESSAGE@⏎Se l'avversario continua a parare i tuoi attacchi, usa attacchi discendenti come \@Z4+C@ e \@236+B@\n⏎o attacchi bassi come \@2+C@ per confonderlo.\n⏎Tutti questi attacchi sono lenti a caricare,\n⏎quindi è utile annullare in \@Z4+C@ e \@236+B@ da mosse come \@2+B@ > \@C@.\n⏎\n⏎\k";"";""
"uzu_tactics_invincible_start";"\\@MESSAGE@⏎When your opponent gets aggressive, try reversing the situation with \@236+C@.\n⏎\n⏎If you use Chain Shift to confirm the situation first,\n⏎you won't miss a chance to deal damage.\n⏎\k";"\\@MESSAGE@⏎Quando l'avversario diventa aggressivo, prova a capovolgere la situazione con \@236+C@.\n⏎\n⏎Se prima usi Chain Shift per verificare la situazione,\n⏎non perderai l'occasione di infliggere danni.\n⏎\k";"";""
"uzu_tactics_antiair_start";"\\@MESSAGE@⏎If your opponent attacks from the air, take them down with \@3+C@ or \@236+B@ anti-air attacks.\n⏎You can continue from \@3+C@ to \@4+C@ for additional combo damage.\n⏎\n⏎If you wait for your opponent's jump attack to get too close before your \@236+B@, you'll lose the exchange.\n⏎Make sure you input the command early.\n⏎\@3+C@, on the other hand, can win against a jump attack even when performed later,\n⏎making it a useful choice in the heat of the moment.\n⏎\k";"\\@MESSAGE@⏎Se l'avversario attacca dall'alto, abbattilo con attacchi antiaerei come \@3+C@ o \@236+B@.\n⏎Puoi proseguire da \@3+C@ a \@4+C@ per infliggere altri danni da combo.\n⏎\n⏎Se aspetti che l'attacco in salto dell'avversario si avvicini troppo prima di usare \@236+B@, avrai la peggio.\n⏎Assicurati di usare il comando con buon anticipo.\n⏎\@3+C@, invece, può vincere contro un attacco in salto anche se eseguito più tardi,\n⏎perciò è una scelta utile quando la situazione si fa tesa.\n⏎\k";"";""
"ogr_tactics_footsies_start";"\\@MESSAGE@⏎Ogre is a hard hitter with powerful rushdown tactics at close range.\n⏎Many of his moves cause him to lunge far forward, allowing you to keep up the pressure.\n⏎\k⏎\\@MESSAGE@⏎A strong tactic is to poke your opponent with long-reaching attacks\n⏎like standing \@B@, standing \@C@, and \@6+C@.\n⏎Prevent them from getting close and stay at an advantageous range.\n⏎Ogre's aerial \@236+A@ and aerial \@236+B@ also make for great pokes.\n⏎\n⏎If you're too far away for standing \@C@ and \@6+C@ to hit,\n⏎his \@B+C@ and \@214+A@ are also effective choices.\n⏎\k";"\\@MESSAGE@⏎Ogre è un combattente dalla mano pesante, con potenti tattiche di aggressione ravvicinata.\n⏎Molte delle sue mosse sono affondi che lo fanno avanzare parecchio e permettono di tenere alta la pressione.\n⏎\k⏎\\@MESSAGE@⏎Una tattica efficace consiste nel colpire l'avversario con attacchi a lunga portata\n⏎come \@B@ in piedi, \@C@ in piedi e \@6+C@.\n⏎Impediscigli di avvicinarsi e mantieni il vantaggio della distanza.\n⏎\n⏎Anche \@236+A@ in aria e \@236+B@ in aria sono ottime respinte.\n⏎\n⏎Se l'avversario è troppo lontano per colpirlo con \@C@ in piedi o \@6+C@,\n⏎anche \@B+C@ e \@214+A@ sono scelte efficaci.\n⏎\k";"";""
"ogr_tactics_pressure_start";"\\@MESSAGE@⏎Once you've made contact with standing \@B@, try continuing into \@B@>\@C@>\@2+C@.\n⏎If your opponent blocks, end on standing \@A@ to keep Ogre safe.\n⏎\n⏎If your attacks hit, proceed to \@214+B@ to deal more damage.\n⏎\k";"\\@MESSAGE@⏎Una volta a segno con \@B@ in piedi, prova continuare con \@B@ > \@C@ > \@2+C@.\n⏎Se l'avversario para, finisci con \@A@ in piedi per tenere Ogre al sicuro.\n⏎\n⏎Se gli attacchi vanno a segno, procedi con \@214+B@ a seguire per infliggere più danni.\n⏎\k";"";""
"ogr_tactics_mixup_start";"\\@MESSAGE@⏎When you want to throw off your opponent's guard, try a mix-up\n⏎between the overhead \@6+B@ and the low \@2+C@.\n⏎Since \@6+B@ is a heavy swing, try to cancel into it from standing \@C@ or other similar options.\n⏎\k";"\\@MESSAGE@⏎Quando vuoi confondere l'avversario in guardia prova una tattica mista con \@6+B@ discendente e \@2+C@ basso.\n⏎Dato che \@6+B@ è lento a caricare, prova a eseguirlo annullando \@C@ in piedi o mosse simili.\n⏎\k";"";""
"ogr_tactics_commandthrow_start";"\\@MESSAGE@⏎At close range, Ogre's \@632146+A@ and \@632146+C@ command throws are powerful.\n⏎After it hits, you can Chain Shift into a combo, too.\n⏎\k";"\\@MESSAGE@⏎A distanza ravvicinata, le proiezioni speciali con \@632146+A@ e \@632146+C@ di Ogre sono molto potenti.\n⏎Quando vanno a segno, puoi anche iniziare una combo con Chain Shift.\n⏎\k";"";""
"ogr_tactics_invincible_start";"\\@MESSAGE@⏎When your opponent gets aggressive, try reversing the situation\n⏎with invulnerable attacks like \@623+B@ and \@623+C@.\n⏎\n⏎If you use Chain Shift to confirm the situation first,\n⏎you won't miss a chance to deal damage.\n⏎\k";"\\@MESSAGE@⏎Quando l'avversario diventa aggressivo, prova a capovolgere la situazione con attacchi invulnerabili come \@623+B@ e \@623+C@.\n⏎\n⏎Se prima usi un Chain Shift per verificare la situazione,\n⏎non perderai l'occasione di infliggere danni.\n⏎\k";"";""
"ogr_tactics_antiair_start";"\\@MESSAGE@⏎If your opponent attacks from the air, take them down with a \@3+C@ anti-air attack.\n⏎\@3+C@ can be canceled with a neutral jump into aerial \@C@ for a combo.\n⏎\k";"\\@MESSAGE@⏎Se l'avversario attacca dall'alto, abbattilo con un attacco \@3+C@ antiaereo.\n⏎\@3+C@ può essere annullato in salto in \@C@ in aria per una combo.\n⏎\k";"";""
"izu_tactics_footsies_start";"\\@MESSAGE@⏎Izumi is a technical character who uses her long reach and projectiles to keep her opponent in check,\n⏎toying with them along with Elefee.\n⏎\k⏎\\@MESSAGE@⏎She's powerful at a range where she can connect with the tip of long-reaching moves\n⏎like standing \@B@, standing \@C@, \@2+C@, etc.\n⏎In the air, aerial \@C@ is particularly useful thanks to its large attack range.\n⏎Prevent your opponent from closing in and stay at an advantageous range.\n⏎\n⏎If you find yourself too far for \@B@, \@C@, \@2+C@ to reach,\n⏎try \@236+B@, \@214+A@, \@214+B@, and so on.\n⏎\k";"\\@MESSAGE@⏎Izumi è un personaggio dall'abilità tecnica, che sfrutta la sua ampia portata e dei proiettili per tenere a bada l'avversario,\n⏎condividendo il combattimento con Elefee.\n⏎\k⏎\\@MESSAGE@⏎È potente entro una portata in cui può connettersi con l'estremità delle mosse col raggio più ampio,\n⏎come \@B@ in piedi, \@C@ in piedi, \@2+C@, ecc.\n⏎Anche \@C@ a mezz'aria, grazie alla sua ampia portata, è piuttosto efficace.\n⏎Impedisci all'avversario di avvicinarsi e mantieni una distanza vantaggiosa.\n⏎\n⏎Se ti ritrovi in posizione troppo lontana per \@B@, \@C@, \@2+C@,\n⏎prova \@236+B@, \@214+A@, \@214+B@, e così via.\n⏎\k";"";""
"izu_tactics_pressure_start";"\\@MESSAGE@⏎From her standing poke \@B@, Izumi can connect into \@B@> additional \@B@>\@2+C@,\n⏎then further combo into \@236+A@.\n⏎If blocked, stop on \@236+A@ for safety. She won't be left wide open.\n⏎\n⏎If the combo hits the opponent,\n⏎continue into \@236+A@> additional \@A@ to deal more damage.\n⏎\k";"\\@MESSAGE@⏎Dalla sua respinta in piedi \@B@, Izumi può collegare \@B@> aggiungendo \@B@>\@2+C@,\n⏎e quindi concatenare una combo di \@236+A@.\n⏎Se l'azione viene bloccata, fermati su \@236+A@ per sicurezza. In questo modo non resterà completamente esposta.\n⏎\n⏎Se la combo colpisce l'avversario,\n⏎continua con \@236+A@> aggiungendo \@A@ per infliggere più danni.\n⏎\k";"";""
"izu_tactics_mixup_start";"\\@MESSAGE@⏎When you want to throw off your opponent's guard, try a mix-up\n⏎with \@22+A@ or \@ZC@> aerial \@B@ as overhead options, or \@2+C@ as a low option.\n⏎Since \@22+A@ and \@ZC@ are heavy swings, try to cancel into them from standing \@B@ or other similar options.\n⏎\k";"\\@MESSAGE@⏎Se desideri rompere la guardia dell'avversario,\n⏎\@22+A@ o \@ZC@> \@B@ in aria come opzioni discendenti, oppure \@2+C@ come opzione bassa, sono ottime scelte.\n⏎Poiché \@22+A@ e \@ZC@ sono fendenti lunghi, prova a passare a queste mosse annullando \@B@ in piedi.\n⏎\k";"";""
"izu_tactics_invincible_start";"\\@MESSAGE@⏎When your opponent gets aggressive, try reversing the situation with the invulnerable \@B+C@.\n⏎But be careful! You can't use \@B+C@ when Elefee is present.\n⏎\n⏎If you use Chain Shift to confirm the situation first,\n⏎you won't miss a chance to deal damage.\n⏎\k";"\\@MESSAGE@⏎Se l'avversario riesce ad avvicinarsi, prova a contrattaccare con l'invulnerabile \@B+C@.\nMa fai attenzione! Non puoi usare \@B+C@ quando Elefee è presente.\n⏎\n⏎Usalo dopo aver valutato la situazione con Chain Shift\n⏎per infliggere un certo numero di danni.\n⏎\k";"";""
"izu_tactics_antiair_start";"\\@MESSAGE@⏎If the opponent attacks from the air, anti-air them with \@3+C@.\n⏎If you jump-cancel \@3+C@ into aerial \@C@ or similar,\n⏎you can go for a combo attack.\n⏎\k";"\\@MESSAGE@⏎Se l'avversario attacca in volo, esegui un attacco antiaereo con \@3+C@.\n⏎Se annulli in salto \@3+C@ in \@C@ aereo o simili,\n⏎puoi eseguire un attacco combo.\n⏎\k";"";""
"zoh_tactics_footsies_start";"\\@MESSAGE@⏎Zohar has great long-range attacks, but she also excels at close-range mix-ups in rushdown situations.\n⏎\k⏎\\@MESSAGE@⏎Zohar's basic strategy starts with her fast, safe standing \@B@ and \@2+B@.\n⏎Once you've stifled your opponent's actions, dash in or use Assault to get close.\n⏎Her standing \@C@ and aerial \@C@ both have great attack range.\n⏎\n⏎If you're too far away for standing \@B@ and \@2+B@ to hit,\n⏎her \@Z2+C@ and \@236+A@ are also effective choices.\n⏎\k";"\\@MESSAGE@⏎Zohar ha ottimi attacchi a lunga portata, ma eccelle anche nelle tattiche miste a distanza ravvicinata in aggressione.\n⏎\k⏎\\@MESSAGE@⏎La strategia di base di Zohar inizia con attacchi veloci e sicuri come \@B@ in piedi e \@2+B@.\n⏎Dopo aver ridotto la capacità d'azione dell'avversario, scatta o usa l'Assalto per avvicinarti.\n⏎Attacchi come \@C@ in piedi e \@C@ in aria hanno una portata eccezionale.\n⏎\n⏎Se l'avversario è troppo lontano per colpirlo con \@B@ in piedi o \@2+B@,\n⏎anche \@Z2+C@ e \@236+A@ sono scelte efficaci.\n⏎\k";"";""
"zoh_tactics_pressure_start";"\\@MESSAGE@⏎Start with a standing \@B@, continue into \@B@> additional \@B@>\@C@>\@2+C@,\n⏎then follow up with \@236+A@.\n⏎If your opponent blocks, \@236+A@> additional \@A@ is a safe place to stop.\n⏎\n⏎If your attacks hit, continue into \@236+A@> additional \@C@> follow-up \@C@\n⏎to deal more damage.\n⏎\k";"\\@MESSAGE@⏎Dalla sua respinta in piedi \@B@, Zohar può collegare \@B@> aggiungendo \@B@>\@C@>\@2+C@,\n⏎e quindi concatenare una combo di \@236+A@.\n⏎Se l'azione viene bloccata, fermati su \@236+A@> aggiungendo \@A@ per sicurezza. In questo modo non resterà completamente esposta.\n⏎\n⏎Se la combo colpisce l'avversario,\n⏎continua con \@236+A@> aggiungendo \@C@> aggiungendo \@C@ per infliggere più danni.\n⏎\k";"";""
"zoh_tactics_mixup_start";"\\@MESSAGE@⏎When you want to throw off your opponent's guard, try a mix-up\n⏎with \@ZC@ or \@Z4+C@ as overhead options, or \@2+C@ as a low option.\n⏎Since \@ZC@ and \@Z4+C@ are heavy swings, try to cancel into them from standing \@B@> additional \@B@ or other similar options.\n⏎\k";"\\@MESSAGE@⏎Se l'avversario continua a parare i tuoi attacchi, usa attacchi discendenti come \@ZC@ e \@Z4+C@\n⏎o attacchi bassi come \@2+C@ per confonderlo.\n⏎Tutti questi attacchi sono lenti a caricare,\n⏎quindi è utile annullare in \@ZC@ e \@Z4+C@ da mosse come \@B@ > aggiungendo \@B@.\n⏎\k";"";""
"zoh_tactics_invincible_start";"\\@MESSAGE@⏎When your opponent gets aggressive, try reversing the situation\n⏎with \@22+C@, which can parry an attack.\n⏎\n⏎If you use Chain Shift to confirm the situation first,\n⏎you won't miss a chance to deal damage.\n⏎\k";"\\@MESSAGE@⏎Quando l'avversario diventa aggressivo, prova a capovolgere la situazione\n⏎con \@22+C@, che può parare un attacco.\n⏎\n⏎Se prima usi Chain Shift per verificare la situazione,\n⏎non perderai l'occasione di infliggere danni.\n⏎\k";"";""
"zoh_tactics_antiair_start";"\\@MESSAGE@⏎If your opponent attacks from the air, take them down with a \@3+C@ anti-air attack.\n⏎You can continue from \@3+C@ to aerial \@236+B@ for additional combo damage.\n⏎\k⏎";"\\@MESSAGE@⏎Se l'avversario attacca dall'alto, abbattilo con un attacco \@3+C@ antiaereo.\n⏎Puoi proseguire da \@3+C@ a \@236+B@ in aria per infliggere altri danni da combo.\n⏎\k";"";""
"zoh_tactics_ball_invincible_start";"\\@MESSAGE@⏎Try dealing with your opponent's projectiles with \@236+C@.\n⏎It makes you invulnerable to projectiles, allowing you to evade while attacking.⏎\k⏎";"\\@MESSAGE@⏎Prova a rispondere ai proiettili dell'avversario con \@236+C@.\n⏎Ti rende invulnerabile ai proiettili, permettendoti di schivare mentre attacchi.⏎\k⏎";"";""
