"key";"source_en";"source_slot";"target";"note"
"tag_title_000";"Characters and Health Gauges";"Personaggi e barre della salute";"";""
"tag_expla_000";"Let's go over \cFFCD40how to view your character and their Health Gauge!\cX\n⏎\c40FFCDIf you start the game on the Player 1 side, your character will be on the\n⏎left, while your character will be on the right when starting as Player 2.\cX\n⏎Each player's Health Gauge is displayed on their starting side, too.";"Parliamo di come \cFFCD40monitorare il tuo personaggio e la sua barra della salute\cX! \c40FFCDSe inizi il gioco dal\n⏎lato Giocatore 1, il tuo personaggio sarà quello di sinistra, mentre si troverà a destra se\n⏎inizi il gioco come Giocatore 2\cX. Le barre della salute funzionano allo stesso modo: quella del\n⏎Giocatore 1 si trova in alto a sinistra, quella del Giocatore 2 si trova in alto a destra.";"";""
"tag_start_000";"Since characters can move around the stage freely,\n⏎you may end up on the right side during battle,\n⏎even if you started out on the left side.\n⏎\c40FFCDJust remember: the person who stood on the left at the beginning of the round is Player 1, \n⏎and the person on the right is Player 2.\cX\n⏎\n⏎Of course, Health Gauges will stay fixed in the upper left for Player 1 and the upper right for Player 2.\n⏎\k⏎⏎\\@BOXVIEW@< 0,0,0,0,0,0 >⏎\\@BOXVIEW@< 1,3,120,45,490,50 >⏎\\@MESSAGE@⏎Look at the gauge in the upper left for Player 1's health information.⏎\k⏎⏎\\@BOXVIEW@< 0,0,0,0,0,0 >⏎\\@BOXVIEW@< 1,3,670,45,490,50 >⏎\\@MESSAGE@⏎And for the Player 2, refer to the gauge in the upper right.⏎\k⏎⏎\\@BOXVIEW@< 0,0,0,0,0,0 >⏎\\@MESSAGE@⏎\c40FFCDYou'll lose the round if your health is depleted,\cX so paying attention to your remaining health is crucial!\n⏎Be sure to remember how to look at the Health Gauges so you know which one represents you.⏎\k";"Poiché i personaggi si muovono liberamente all'interno del livello,\n⏎durante il combattimento potresti ritrovarti sul lato destro,\n⏎anche se hai iniziato sul lato sinistro.\n⏎\c40FFCDRicorda però: la persona che si trovava a sinistra all'inizio del round è il Giocatore 1, quella che si trovava a destra è il Giocatore 2.\cX\n⏎\n⏎Ovviamente, le barre della salute resteranno fisse; in alto a sinistra per il Giocatore 1, in alto a destra per il Giocatore 2.⏎\k⏎⏎\\@BOXVIEW@< 0,0,0,0,0,0 >⏎\\@BOXVIEW@< 1,3,120,45,490,50 >⏎\\@MESSAGE@⏎Osserva la barra in alto a sinistra per visualizzare le informazioni sulla salute del Giocatore 1.⏎\k⏎⏎\\@BOXVIEW@< 0,0,0,0,0,0 >⏎\\@BOXVIEW@< 1,3,670,45,490,50 >⏎\\@MESSAGE@⏎Per il Giocatore 2, fai riferimento alla barra in alto a destra.⏎\k⏎⏎\\@BOXVIEW@< 0,0,0,0,0,0 >⏎\\@MESSAGE@⏎\c40FFCDSe la tua barra della salute si svuota, perderai il round\cX, ed è quindi fondamentale tenere d'occhio la salute rimanente!\n⏎Ricorda di monitorare la barra giusta, quella che rappresenta il tuo personaggio.⏎\k";"";""
"tag_title_001";"Player 1/Player 2 Character Orientation";"Orientamento dei personaggi";"";""
"tag_expla_001";"Let's recap: \cFFCD40the character on the left side at the beginning of the round\n⏎is Player 1, and Player 2 is on the right.\cX\n⏎Characters \c40FFCDface each other when fighting,\cX so forward and backward directions\n⏎will depend on which side the character is on.";"Ricapitolando: \cFFCD40il personaggio che si trova sul lato sinistro all'inizio del round è il Giocatore 1, mentre quello a destra è il Giocatore 2\cX.\n⏎I personaggi \c40FFCDsono posti uno di fronte all'altro durante il combattimento\cX,\n⏎quindi le direzioni ""avanti"" e ""indietro"" dipendono dal lato su cui si trova il personaggio.";"";""
"tag_start_001";"In Tutorials and Command Lists,\n⏎all input descriptions \c40FFCDassume the character is facing right,\cX\n⏎meaning they're on the Player 1 side.⏎\k⏎⏎\\@MESSAGE@⏎For example, if you hold the directional input \@6@, your character will walk forward, \n⏎but this is only if they're facing right. \n⏎If your character is facing left, meaning they're on the Player 2 side, \n⏎you will need to input the \@4@ directional button to walk forward.\n⏎\n⏎The directions \c40FFCDinvert based on the direction you're facing,\cX\n⏎so instead of thinking ""left"" and ""right,"" think \c40FFCD""forward"" and ""backward.""\cX⏎\k";"Nei tutorial e negli elenchi dei comandi,\n⏎tutte le descrizioni degli input \c40FFCDpresuppongono che il personaggio sia rivolto verso destra\cX,\n⏎ovvero che si trovi sul lato del Giocatore 1.⏎\k⏎⏎\\@MESSAGE@⏎Ad esempio, se tieni premuto l'input direzionale \@6@, il tuo personaggio camminerà in avanti, ma ciò è vero soltanto se è rivolto verso destra.\n⏎Se il tuo personaggio è rivolto verso sinistra, significa che stai giocando dal lato Giocatore 2 e che dovrai premere il pulsante direzionale \@4@ per camminare in avanti.\n⏎\n⏎Le direzioni \c40FFCDsi invertono a seconda della tua posizione\cX,\n⏎dunque, invece di pensare in termini di ""sinistra"" e ""destra"", pensa \c40FFCDai concetti di ""avanti"" e ""indietro""\cX.⏎\k";"";""
"tag_title_002";"Gauges";"Barre";"";""
"tag_expla_002";"The gauges on the left side belong to Player 1, and the gauges on the right side belong to Player 2.\n⏎Now, let's go over the \cFFCD40Health Gauge, EXS Gauge and GRD Gauge!\cX\n⏎Familiarizing yourself with each gauge will be \c40FFCDbeneficial as you fight.\cX";"Le barre sulla sinistra appartengono al Giocatore 1 e quelle sulla destra al Giocatore 2.\n⏎Ora esaminiamo la \cFFCD40barra della salute, la barra EXS e la barra GRD\cX!\n⏎Familiarizzarti con questi indicatori è \c40FFCDmolto importante per il combattimento\cX.";"";""
"tag_start_002";"\\@BOXVIEW@< 0,0,0,0,0,0 >⏎\\@BOXVIEW@< 1,1,120,45,490,50 >⏎\\@MESSAGE@⏎First, let's talk about the most important gauges: the \cFFCD40Health Gauges!\cX\n⏎They're the large gauges displayed at the top of the screen. Yeah, those!\n⏎\n⏎If you land a hit on your opponent, their health will decrease.\n⏎Conversely, if you take a hit from your opponent, your health will decrease.\n⏎To secure a victory, \c40FFCDdeplete your opponent's health before your own runs out.\cX⏎\k⏎⏎\\@BOXVIEW@< 0,0,0,0,0,0 >⏎\\@BOXVIEW@< 1,1,95,623,336,87 >⏎\\@MESSAGE@⏎Next, we have the \cFFCD40EXS Gauges!\cX\n⏎They're the gauges displayed on either edge on the bottom of the screen.\n⏎\n⏎This gauge is used to \c40FFCDexecute powerful moves\cX\n⏎and it increases as you deal and receive damage.\n⏎\n⏎Some characters have an FLS Gauge instead of an EXS Gauge, but they function the same way.⏎\k⏎⏎\\@BOXVIEW@< 0,0,0,0,0,0 >⏎\\@BOXVIEW@< 1,1,501,623,140,87 >⏎\\@MESSAGE@⏎Lastly, let's talk about the \cFFCD40GRD Gauges!\cX\n⏎These are displayed in the bottom center of the screen.\n⏎\n⏎These are unique in that Player 1 and Player 2's gauges are stuck together.\n⏎Well-played offense and defense will cause your gauge to increase, \c40FFCDbuffing your attack power.\cX\n⏎\k⏎\\@BOXVIEW@< 0,0,0,0,0,0 >";"\\@BOXVIEW@< 0,0,0,0,0,0 >⏎\\@BOXVIEW@< 1,1,120,45,490,50 >⏎\\@MESSAGE@⏎Prima di tutto, vediamo le barre più importanti: le \cFFCD40barre della salute\cX!\n⏎Vedi quelle due grandi barre mostrate in cima allo schermo? Sì, proprio quelle!\n⏎\n⏎Se riesci a colpire il tuo avversario, la sua salute diminuirà.\n⏎Se subisci un colpo dall'avversario, sarà la tua salute a scendere.\n⏎Per conquistare la vittoria, \c40FFCDsvuota la barra della salute dell'avversario prima che la tua si esaurisca\cX.⏎\k⏎⏎\\@BOXVIEW@< 0,0,0,0,0,0 >⏎\\@BOXVIEW@< 1,1,95,623,336,87 >⏎\\@MESSAGE@⏎Ora, vediamo le \cFFCD40barre EXS\cX!\n⏎Si tratta delle barre mostrate negli angoli inferiori dello schermo.\n⏎\n⏎Queste barre servono per \c40FFCDeseguire potenti mosse\cX\n⏎e si riempiono via via che infliggete e subite danni.\n⏎\n⏎Alcuni personaggi hanno una barra dell'FLS anziché dell'EXS, che funziona comunque allo stesso modo.⏎\k⏎⏎\\@BOXVIEW@< 0,0,0,0,0,0 >⏎\\@BOXVIEW@< 1,1,501,623,140,87 >⏎\\@MESSAGE@⏎Infine, parliamo delle \cFFCD40barre GRD\cX!\n⏎Sono mostrate in fondo, al centro dello schermo.\n⏎\n⏎La loro peculiarità è che, come vedi, sono unite.\n⏎Delle azioni di attacco e difesa correttamente effettuate faranno riempire la tua barra, \c40FFCDpotenziando la tua forza d'attacco\cX.\n⏎\k⏎\\@BOXVIEW@< 0,0,0,0,0,0 >";"";""
"tag_title_003";"Moves with Command Inputs";"Mosse con input di comandi";"";""
"tag_expla_003";"Attacking involves more than simple, one-button inputs.\n⏎There are many moves that require \cFFCD40command inputs\cX like \@6+B@ and \@236+A@.\n⏎Command inputs \c40FFCDrequire some practice to execute, but they are powerful!\cX";"Per attaccare, non basta usare solo i pulsanti premuti singolarmente.\n⏎Tante mosse richiedono \cFFCD40input di comandi\cX come \@6+B@ e \@236+A@.\n⏎Gli input di comandi \c40FFCDrichiedono un po' di pratica per essere eseguiti correttamente, ma ne varrà la pena: sono molto potenti\cX!";"";""
"tag_start_003";"From this point, we'll go over the techniques you'll need to execute command inputs in order.\n⏎Feel free to skip some challenges if you're used to them,\n⏎but since command inputs are very important, you should go through them all.\k⏎⏎\\@MESSAGE@⏎The best part about fighting games is the\n⏎satisfying feeling you get when executing a crisp and flashy move!\n⏎\n⏎Once you become proficient at command input moves,\n⏎you'll be able to experiment with all sorts of attacks,\n⏎making the game that much more fun! Good luck!\n⏎\k";"Da qui in poi, esamineremo in ordine tutte le tecniche necessarie per eseguire input di comandi.\n⏎Salta pure le sfide relative agli input che già conosci,\n⏎ma dato che si tratta di tecniche molto importanti, ti consigliamo di visionarle tutte.\k⏎⏎\\@MESSAGE@⏎La cosa più bella dei picchiaduro è\n⏎la soddisfazione che si prova nell'eseguire una mossa perfetta e strabiliante!\n⏎\n⏎Quando avrai padroneggiato le mosse con input di comandi\n⏎potrai sperimentare attacchi di ogni tipo,\n⏎rendendo il gioco ancora più divertente. Buona fortuna!\n⏎\k";"";""
"tag_title_004";"Command Input Technique - \@236@";"Tecnica di input di comandi - \@236@";"";""
"tag_expla_004";"For the\@236+A@ command, start by inputting \@2@,\n⏎and from there, rotate through \@2・3・6@.\n⏎End by pressing \@A@ at the same time you reach \@6@.";"Per eseguire il comando \@236+A@, inizia premendo \@2@,\n⏎dopodiché premi con movimento circolare \@2·3·6@.\n⏎Concludi con l'input \@A@ nel momento esatto in cui raggiungi \@6@.";"";""
"tag_start_004";"That way, you'll execute the \@236+A@ command.⏎\k⏎⏎\\@MESSAGE@⏎When executing \@236+A@,\n⏎don't let go of the directional buttons during the \@2・3・6@ input.⏎\n⏎This will \c40FFCDmake it take too much time\cX to complete the input,\n⏎and the move will not trigger.⏎\k⏎⏎\\@MESSAGE@⏎A rule of thumb for command inputs is to \n⏎\c40FFCDhold down the directional button and don't let go while rotating through directions.\cX\n⏎\n⏎For \@236+A@, imagine rotating on the directional buttons for a quarter of a circle.⏎\k";"Così eseguirai il comando \@236+A@.⏎\k⏎⏎\\@MESSAGE@⏎Quando esegui \@236+A@,\n⏎non rilasciare la pressione sui pulsanti direzionali durante l'input di \@2·3·6@.⏎\n⏎Se lo fai, \c40FFCDil completamento dell'input richiederà troppo tempo\cX,\n⏎impedendo l'innesco della mossa.⏎\k⏎⏎\\@MESSAGE@⏎Come regola generale per l'input di comandi, \c40FFCDtieni premuto il pulsante direzionale mentre ruoti fra le varie direzioni\cX.\n⏎\n⏎Per \@236+A@, immagina di premere a rotazione i pulsanti per un quarto di cerchio.⏎\k";"";""
"tag_title_005";"Command Input Technique - \@623@";"Tecnica di input di comandi - \@623@";"";""
"tag_expla_005";"The \@623+A@ input is a bit more challenging.\n⏎Start by pressing \@6@, then then quickly input \@2・3@,\n⏎pressing \@3@ and \@A@ simultaneously.";"L'input di \@623+A@ è un po' più difficile.\n⏎Inizia premendo \@6@, poi premi rapidamente \@2·3@,\n⏎mentre premi simultaneamente \@3@ e \@A@.";"";""
"tag_start_005";"Similarly to the \@236+A@ command,\n⏎letting go of the directional button during the motion\n⏎will result in a failed execution.\n⏎\n⏎Just remember that command inputs require \c40FFCDspeed\cX.⏎\k⏎⏎\\@MESSAGE@⏎A great way to execute \@623+A@\n⏎is to start from \@6@, then quickly input \@236+A@!\n⏎\n⏎In fact, command inputs are pretty flexible, \c40FFCDallowing for some extra directional inputs.\cX\n⏎So the \@623+A@ command input can be also executed\n⏎with inputs like \@6236+A@ and \@6123+A@.⏎\k";"Similmente al comando \@236+A@,\n⏎se lasci andare il pulsante direzionale durante il movimento\n⏎l'esecuzione non avrà successo.\n⏎\n⏎Ricorda solo che gli input di comandi richiedono \c40FFCDvelocità\cX.⏎\k⏎⏎\\@MESSAGE@⏎Un ottimo modo per eseguire \@623+A@\n⏎è partire da \@6@, quindi premere rapidamente \@236+A@!\n⏎\n⏎In realtà, gli input di comandi sono piuttosto flessibili, \c40FFCDe permettono qualche pressione aggiuntiva dei pulsanti direzionali\cX.\n⏎Quindi, il comando \@623+A@ può essere eseguito\n⏎anche con input come \@6236+A@ e \@6123+A@.⏎\k";"";""
"tag_title_006";"Command Input Technique - \@22@";"Tecnica di input di comandi - \@22@";"";""
"tag_expla_006";"The \@22+A@ command requires you to release the directional button\n⏎after your initial \@2@ input, then immediately press \@2@ and \@A@.";"Il comando \@22+A@ richiede che tu rilasci il pulsante\n⏎direzionale dopo l'input iniziale di \@2@,per poi premere immediatamente \@2@ e \@A@.";"";""
"tag_start_006";"The trick is to make the gap between the first \@2@ and the second \@2@\n⏎as \c40FFCDshort as possible.\cX \k";"Il trucco è rendere l'intervallo fra il primo \@2@ e il secondo \@2@ \n\c40FFCDil più breve possibile\cX.\k";"";""
"tag_title_007";"Command Input Technique: \@41236@";"Tecnica di input di comandi - \@41236@";"";""
"tag_expla_007";"For the \@41236+D@ command, start by pressing \@4@,\n⏎then travel a half-circle around, like this: \@4・1・2・3・6@.\n⏎Lastly, press \@D@ as you reach \@6@.";"Per il comando \@41236+D@, inizia premendo \@4@,\n⏎quindi percorri un semicerchio in questo modo: \@4·1·2·3·6@.\n⏎Infine, premi \@D@ non appena raggiungi \@6@.";"";""
"tag_start_007";"This is basically the same as the \@236@ command,\n⏎with a longer \c40FFCDcircular motion\cX.⏎\k";"È praticamente uguale al comando \@236@,\n⏎con un \c40FFCDmovimento circolare più lungo\cX.⏎\k";"";""
"tag_title_008";"Command Input Technique - \@4charge6@";"Tecnica di input di comandi - \@4caricato6@";"";""
"tag_expla_008";"Charge moves are a bit niche!\n⏎The \@4 charge 6+A@ command requires you to hold \@4@ for a certain amount of\n⏎time, effectively ""charging \@4@,"" then press \@6+A@ for a successful execution.";"Le mosse caricate sono un po' particolari!\n⏎Il comando \@4 caricato 6+A@ richiede di tenere premuto \@4@per un po' di tempo,\n⏎""caricando"" così \@4@, per poi premere \@6+A@ ed eseguire la mossa.";"";""
"tag_start_008";"Types of moves that require charging a certain directional input\n⏎this way are known as \c40FFCD""charge moves.""\cX⏎\k⏎⏎\\@MESSAGE@⏎Any backward directional input will count towards charging \@4@.\n⏎This means \@4@, \@7@, and \@1@ inputs will all work.\n⏎\n⏎The required charging time varies from move to move,\n⏎but in general, charge moves need around a \c40FFCD1 second charge.\cX⏎\k";"Le mosse che richiedono la carica di un certo input direzionale\n⏎in questo modo sono dette \c40FFCD""mosse caricate""\cX.⏎\k⏎⏎\\@MESSAGE@⏎Qualsiasi input direzionale all'indietro conterà per la carica di \@4@.\n⏎Questo significa che funzioneranno sia \@4@ e \@7@ che \@1@.\n⏎\n⏎Il tempo di carica richiesto varia di mossa in mossa,\n⏎ma in generale si tratta di \c40FFCD1 secondo\cX.⏎\k";"";""
"tag_skill_008_00";"\@4charge6+A@";"\@4caricato6+A@";"";""
"tag_title_009";"Command Input Technique - \@2charge8@";"Tecnica di input di comandi - \@2caricato8@";"";""
"tag_expla_009";"The \@2charge8+A@ command requires you to hold \@2@ for a certain amount of\n⏎time, effectively ""charging \@2@,"" then press \@8+A@ for a successful execution.";"Il comando \@2caricato8+A@ richiede di tenere premuto \@2@per un po' di tempo,\n⏎""caricando"" così \@2@, per poi premere \@8+A@ ed eseguire la mossa.";"";""
"tag_start_009";"For the \@4charge6@ command, the final directional input must be \@6@ in order to succeed.\n⏎For \@2charge8@, though, the final directional input can be \@7・8 or 9@.⏎\k⏎⏎\\@MESSAGE@⏎When charging \@2@, holding any downward direction will count towards the charge.\n⏎This means \@1@, \@2@ and \@3@ will all work.\n⏎\n⏎An important charge technique to keep in mind is that by charging \@1@,\n⏎you can effectively charge both \@4@ and \@2@ \c40FFCDat the same time.\cX⏎\k";"Affinché il comando \@4caricato6@ sia eseguito correttamente, l'input direzionale finale dovrà essere \@6@.\n⏎Per \@2caricato8@, invece, l'ultimo input direzionale potrà essere \@7·8 o 9@.⏎\k⏎⏎\\@MESSAGE@⏎Quando carichi \@2@, qualsiasi pulsante direzionale verso il basso che tieni premuto contribuirà alla carica.\n⏎Questo significa che funzioneranno sia \@1@ che \@2@ e \@3@.\n⏎\n⏎Un'importante tecnica da tenere a mente è che caricando \@1@,\n⏎puoi caricare sia \@4@ che \@2@ \c40FFCDcontemporaneamente\cX.⏎\k";"";""
"tag_skill_009_00";"\@2charge8+A@";"\@2caricato8+A@";"";""
"tag_title_010";"Command Input Technique - \@8charge2@";"Tecnica di input di comandi - \@8caricato2@";"";""
"tag_expla_010";"The \@8charge2+A@ command requires you to hold \@8@ for a certain amount of\n⏎time, effectively ""charging \@2@,"" then press \@2+A@ for a successful execution.";"Il comando \@8caricato2+A@ richiede di tenere premuto \@8@per un po' di tempo,\n⏎""caricando"" così \@8@, per poi premere \@2+A@ ed eseguire la mossa.";"";""
"tag_start_010";"Any upward direction can charge \@8@,\n⏎and any downward direction works for the final downward input.\n⏎\n⏎Vatista's Transvoranse command is \@8charge2+A@ in midair,\n⏎so charge the directional button \@8@ for \c40FFCDabout a second, then press the button\cX while still airborne.⏎\k";"Qualsiasi input direzionale verso l'alto può caricare \@8@,\n⏎e qualsiasi input direzionale verso il basso permette di caricare l'ultimo comando.\n⏎\n⏎Il comando Transvoranse di Vatista è \@8caricato2+A@ a mezz'aria,\n⏎quindi carica il pulsante direzionale \@8@ per \c40FFCDcirca un secondo, quindi premi il pulsante\cX a mezz'aria.⏎\k";"";""
"tag_skill_010_00";"\@8charge2+A@ in midair";"\@8caricato2+A@ a mezz'aria";"";""
"tag_title_011";"Command Input Technique - \@632146@";"Tecnica di input di comandi - \@632146@";"";""
"tag_expla_011";"A good way to simplify the \@632146+A@ command\n⏎is to think of the \@63214@ half-circle portion and the \@6+A@ portion\n⏎separately.";"Un buon modo per semplificare il comando \@632146+A@\n⏎è pensare al semicerchio \@63214@ e a \@6+A@ come due entità separate.";"";""
"tag_start_011";"Once you travel a half-circle around the directional buttons with \@6・3・2・1・4@,\n⏎press \@6+A@. The trick is to think of the command as having \c40FFCDtwo steps.\cX⏎\k";"Una volta percorso il semicerchio sui pulsanti direzionali con \@6·3·2·1·4@,\n⏎premi \@6+A@. Il trucco è considerare il comando come composto da \c40FFCDdue passaggi\cX.⏎\k";"";""
"tag_title_012";"Command Input Technique - Full Circle Commands";"Tecnica di input dei comandi - Comandi a cerchio completo";"";""
"tag_expla_012";"For Full Circle \@+A@ commands,\n⏎rotate through the directional buttons for a full circle\n⏎before pressing the \@A@ button.";"I comandi Cerchio completo\@+A@ comportano l'inserimento di tutti gli input\n⏎direzionali eseguendo un cerchio completo, concludendo con la pressione del pulsante \@A@.";"";""
"tag_start_012";"You can start a full circle command \c40FFCDfrom any direction\cX.\n⏎This means that if you start on \@4@, you must input\n⏎\@412369874@ or \@478963214@ in a full circular motion, right...?⏎\k⏎⏎\\@MESSAGE@⏎...Actually, there are \c40FFCDsimplified inputs\cX for the 1 Full Circle \@+A@ command:\n⏎\@412369+A@ or \@632147+A@. Both of these are valid inputs.\n⏎\n⏎This method is highly recommended, as you only need to rotate\n⏎from a horizontal position to a diagonally upward position!\n⏎\k";"Puoi avviare un comando a cerchio completo partendo da qualsiasi direzione.\n⏎Questo significa che se parti da \@4@, dovrai premere\n⏎\@412369874@ o \@478963214@ con un movimento circolare completo, giusto?⏎\k⏎⏎\\@MESSAGE@⏎Beh, in realtà ci sono degli \c40FFCDinput semplificati\cX per il comando 1 Cerchio completo \@+A@:\n⏎\@412369+A@ o \@632147+A@. Sono entrambi input validi.\n⏎\n⏎Questo metodo è altamente consigliato, perché dovrai ruotare semplicemente da una posizione orizzontale fino a una posizione diagonale verso l'alto!\n⏎\k";"";""
"tag_skill_012_00";"Full Circle \@+A@";"Cerchio completo\@+A@";"";""
"tag_title_013";"Command Priority";"Priorità dei comandi";"";""
"tag_expla_013";"Certain commands take \cFFCD40priority\cX over others. For example,\n⏎if you input \@6236+A@, the \@623+A@ command will take priority,\n⏎and you'll execute it instead of the \@236+A@ command.";"Alcuni comandi hanno la \cFFCD40priorità\cX su altri. Ad esempio, se premi \@6236+A@,\n⏎il comando\@623+A@ avrà la priorità, e verrà eseguito al posto del comando \@236+A@.";"";""
"tag_start_013";"This is because the \@623+A@ command \c40FFCDhas a higher priority level\cX than the \@236+A@ command.\n⏎\k⏎⏎\\@MESSAGE@⏎The basic reason for this mechanic is to prevent\n⏎unintentional command inputs.\n⏎\n⏎If you feel like your command inputs regularly trigger the wrong moves,\n⏎go to Training Mode and check your inputs.\n⏎\k";"Questo perché il comando \@623+A@ \c40FFCDha un livello di priorità più alto\cX rispetto a \@236+A@.\n⏎\k⏎⏎\\@MESSAGE@⏎Il principale motivo di questo meccanismo è evitare\n⏎input non intenzionali di comandi.\n⏎\n⏎Se hai l'impressione che i tuoi input di comandi inneschino regolarmente le mosse sbagliate,\n⏎accedi alla modalità Addestramento per verificare i tuoi input.\n⏎\k";"";""
"tag_title_014";"Stand";"In piedi";"";""
"tag_expla_014";"Your character stays \cFFCD40standing still\cX while you don't press any buttons on the\n⏎controller. You can execute any action from a standing position,\n⏎such as \c40FFCDmoving with directional inputs\cX or \c40FFCDpressing a button to attack.\cX";"Il tuo personaggio sta \cFFCD40fermo in piedi\cX mentre non premi alcun comando sul controller.\n⏎Puoi eseguire qualsiasi azione da questa posizione,\n⏎come \c40FFCDmuoverti con gli input direzionali\cX o \c40FFCDpremere un pulsante per attaccare\cX.";"";""
"tag_start_014";"Don't fret! We'll go over them one by one!⏎\k";"Non preoccuparti, li esamineremo tutti, uno per uno!⏎\k";"";""
"tag_title_015";"Walk Forward/Backward";"Cammina in avanti/all'indietro";"";""
"tag_expla_015";"Hold \@6@ to \cFFCD40walk forward,\cX and hold \@4@ to \cFFCD40walk backward.\cX\n⏎Walking forward and backward are the \c40FFCDbasics of movement!\cX";"Tieni premuto \@6@ per \cFFCD40camminare in avanti\cX e tieni premuto \@4@ per camminare \cFFCD40all'indietro\cX.\n⏎Camminare in avanti e all'indietro sono \c40FFCDi movimenti base\cX!";"";""
"tag_start_015";"The commands you see in the Tutorial and Command List \c40FFCDassume your character is facing right.\cX\n⏎If you're facing left, remember to invert the inputs: press \@4@ to walk forward and \@6@ to walk backward.";"I comandi che vedi nel Tutorial e nell'Elenco dei comandi \c40FFCDpresuppongono che il tuo personaggio sia rivolto verso destra\cX.\n⏎Se invece è rivolto a sinistra, ricordati di invertire gli input: premi \@4@ per camminare in avanti e \@6@ per camminare all'indietro.";"";""
"tag_skill_015_00";"Walk forward - Hold forward (\@6@ when facing right)";"Cammina in avanti - tieni premuto in avanti (\@6@ se guardi a destra)";"";""
"tag_skill_015_01";"Walk backward - Hold backward (\@4@ when facing right)";"Cammina all'indietro - tieni premuto all'indietro (\@4@ se guardi a destra)";"";""
"tag_title_016";"Crouch";"Rannicchiati";"";""
"tag_expla_016";"You can \cFFCD40crouch\cX by holding the directional button downward.\n⏎You can crouch to \c40FFCDduck under attacks\cX or even \c40FFCDattack\cX from a low position.";"Puoi \cFFCD40rannicchiarti\cX tenendo premuto il pulsante direzionale verso il basso.\n⏎Sfrutta questa posizione per \c40FFCDabbassarti in caso di attacco\cX o per \c40FFCDattaccare\cX dal basso.";"";""
"tag_start_016";"The best directional input for crouching is \@1@!\n⏎That's because it also guards to nullify damage, helping keep you safe.⏎\k";"Il migliore input direzionale per rannicchiarti è \@1@!\n⏎Questo perché ti permette anche di metterti in guardia annullando i danni, proteggendoti.⏎\k";"";""
"tag_skill_016_00";"Crouch - Hold downward (\@1or2or3@)";"Posizione rannicchiata - tieni premuto verso il basso (\@1o2o3@)";"";""
"tag_title_017";"Jump";"Salta";"";""
"tag_expla_017";"You can \cFFCD40jump\cX by pressing the directional button upward.\n⏎You can \c40FFCDjump over attacks\cX or even \c40FFCDattack\cX from an airborne position.";"Puoi \cFFCD40saltare\cX premendo il pulsante direzionale verso l'alto. \n⏎Puoi \c40FFCDschivare gli attacchi saltando\cX o perfino \c40FFCDattaccare\cX mentre sei a mezz'aria.";"";""
"tag_start_017";"The forward jump, executed by pressing \@9@, is recommended when you want to go on the offensive!\n⏎It helps you approach your opponent while also jumping over their attacks!⏎\k";"Il salto in avanti, eseguito premendo \@9@, è consigliato quando vuoi andare all'attacco!\n⏎Ti aiuterà ad avvicinarti all'avversario, schivare inoltre i suoi attacchi!⏎\k";"";""
"tag_skill_017_00";"Neutral Jump - Press up (\@8@)";"Salto sul posto - premi su (\@8@)";"";""
"tag_skill_017_01";"Forward Jump - Press up forward (\@9@ when facing right)";"Salto in avanti - tieni premuto in avanti (\@9@ se guardi a destra)";"";""
"tag_skill_017_02";"Backward Jump - Press up back (\@7@ when facing right)";"Salto all'indietro - tieni premuto all'indietro (\@7@ se guardi a destra)";"";""
"tag_title_018";"Dash";"Scatto";"";""
"tag_expla_018";"You can \cFFCD40dash\cX by pressing \@6@ twice in quick succession.\n⏎If you hold the second \@6@ input, you'll continue running.\n⏎Dashing is \c40FFCDmuch faster\cX than walking, so use it to your advantage!";"Puoi \cFFCD40scattare\cX premendo \@6@ due volte in rapida successione.\n⏎Se tieni premuto il secondo input \@6@, continuerai a correre.\n⏎Scattare è \c40FFCDmolto più veloce\cX che camminare: sfrutta questo movimento a tuo vantaggio!";"";""
"tag_start_018";"\c40FFCDDashing is a basic method\cX of approaching your opponent...\n⏎But keep in mind that some characters can't run for long!\n⏎\k";"\c40FFCDLo scatto è una tecnica di base\cX per avvicinarti al tuo avversario...\n⏎Ma ricorda che alcuni personaggi non possono correre a lungo!\n⏎\k";"";""
"tag_skill_018_00";"Dash - \@66@";"Scatta - \@66@";"";""
"tag_skill_018_01";"Run - Hold \@6@ while dashing";"Corri - tieni premuto \@6@ mentre scatti";"";""
"tag_title_019";"Backstep";"Passo indietro";"";""
"tag_expla_019";"You can \cFFCD40backstep\cX by pressing \@4@ twice in quick succession.\n⏎This will let you instantly \c40FFCDcreate distance\cX between you and your opponent\n⏎while evading their attacks.";"Puoi fare un \cFFCD40passo indietro\cX premendo \@4@ due volte in rapida successione.\n⏎In questo modo \c40FFCDcreerai una distanza\cX immediata fra te e il tuo avversario, schivando inoltre i suoi attacchi.";"";""
"tag_start_019";"You'll be \c40FFCDinvulnerable\cX at the start of a backstep,\n⏎which means you can use it to \c40FFCDevade your opponent's attacks.\cX\n⏎This may come in handy when you find yourself in trouble!⏎";"All'inizio di un passo indietro, sarai \c40FFCDinvulnerabile\cX, il che significa che puoi usarlo per \c40FFCDschivare gli attacchi dell'avversario\cX.\n⏎Potrebbe tornarti molto utile, se ti trovi nei guai!⏎";"";""
"tag_skill_019_00";"Backstep - \@44@";"Passo indietro - \@44@";"";""
"tag_title_020";"Assault";"Assalto";"";""
"tag_expla_020";"\@6+D@ is the \cFFCD40Assault\cX command.\n⏎Assault is \c40FFCDpowerful way to close in on your opponent\cX faster than just jumping.\n⏎Performing a jump attack from an Assault is a very powerful offensive strategy.";"\@6+D@ è il comando per eseguire un \cFFCD40Assalto\cX.\n⏎Questo è \c40FFCDun modo potente per avvicinarti al tuo avversario\cX\n⏎più rapidamente che con un semplice salto.\n⏎Eseguire un attacco in salto durante l'Assalto è una strategia offensiva molto efficace.";"";""
"tag_start_020";"There is a disadvantage to going into a jump attack from an Assault, though.\n⏎Normal jump attacks can be canceled, but jump attacks out of an Assault \c40FFCDcannot be canceled.\cX";"Tuttavia, questa tecnica ha uno svantaggio.\n⏎I normali attacchi in salto sono annullabili, ma gli attacchi in salto durante l'Assalto \c40FFCDnon lo sono\cX.";"";""
"tag_skill_020_00";"Assault - \@6+D@";"Assalto - \@6+D@";"";""
"tag_skill_020_01";"Jump \@A@ - \@A@ before landing";"\@A@ in salto - \@A@ prima dell'atterraggio";"";""
"tag_skill_020_02";"Assault - \@6+D@";"Assalto - \@6+D@";"";""
"tag_skill_020_03";"Jump \@B@ - \@B@ before landing";"\@B@ in salto - \@B@ prima dell'atterraggio";"";""
"tag_skill_020_04";"Assault - \@6+D@";"Assalto - \@6+D@";"";""
"tag_skill_020_05";"Jump \@C@ - \@C@ before landing";"\@C@ in salto - \@C@ prima dell'atterraggio";"";""
"tag_title_021";"Aerial Assault";"Assalto aereo";"";""
"tag_expla_021";"You can perform an \cFFCD40Aerial Assault\cX by pressing \@6+D@ in midair.\n⏎This is a method of approach that sends you \c40FFCDthrough the air at a high speed\cX\n⏎over a certain distance. This can be canceled into a jump attack.";"Puoi eseguire \cFFCD40Assalto aereo\cX premendo \@6+D@ a mezz'aria.\n⏎Questa tecnica ti proietta \c40FFCDin aria a forte velocità\cX e a una certa distanza.\n⏎Può essere annullato e trasformato in un attacco in salto.";"";""
"tag_start_021";"Unlike a ground-based Assault, an Aerial Assault will send you flying a certain distance.\n⏎You may end up jumping over your opponent if you are too close.⏎\k";"A differenza dell'Assalto a terra, l'Assalto aereo ti fa volare per una certa distanza.\n⏎Se l'avversario è troppo vicino, potresti finire per scavalcarlo.⏎\k";"";""
"tag_skill_021_00";"Aerial Assault - \@6+D@ in midair";"Assalto aereo - \@6+D@ a mezz'aria";"";""
"tag_skill_021_01";"Jump \@A@ - \@A@ before landing";"\@A@ in salto - \@A@ prima dell'atterraggio";"";""
"tag_skill_021_02";"Aerial Assault - \@6+D@ in midair";"Assalto aereo - \@6+D@ a mezz'aria";"";""
"tag_skill_021_03";"Jump \@B@ - \@B@ before landing";"\@B@ in salto - \@B@ prima dell'atterraggio";"";""
"tag_skill_021_04";"Aerial Assault - \@6+D@ in midair";"Assalto aereo - \@6+D@ a mezz'aria";"";""
"tag_skill_021_05";"Jump \@C@ - \@C@ before landing";"\@C@ in salto - \@C@ prima dell'atterraggio";"";""
"tag_title_022";"Button Dash/Backstep";"Scatto/Passo indietro con pulsanti";"";""
"tag_expla_022";"\cFFCD40Dashes\cX and \cFFCD40backsteps\cX can be executed with \@6+A+B@ and \@4+A+B@ respectively.\n⏎They function the same as inputting \@66@ and \@44@,\n⏎but \c40FFCDthese button controls allow you to execute them much faster.\cX";"\cFFCD40Gli scatti\cX e \cFFCD40i passi indietro\cX possono essere eseguiti rispettivamente con \@6+A+B@ e \@4+A+B@.\n⏎Funzionano esattamente come se immettessi \@66@ e \@44@,\n⏎ma \c40FFCDsono più rapidi da eseguire\cX.";"";""
"tag_start_022";"Button Dashing requires you to press a directional input and buttons at the same time,\n⏎but once you're used to it, you'll be able to perform dashes and backsteps instantaneously.⏎\k⏎⏎\\@MESSAGE@⏎Directional button inputs leave you vulnerable, since you \c40FFCDcannot block during the input.\cX\n⏎For example, when pressing \@44@, you are vulnerable between the first and second \@4@ inputs.\n⏎But the \@4+A+B@ input makes you backstep immediately, making it safe.\n";"Lo scatto con i pulsanti richiede che tu prema un input direzionale e dei pulsanti contemporaneamente,\n⏎ma una volta fatta l'abitudine, riuscirai a scattare e fare passi indietro istantaneamente.⏎\k⏎⏎\\@MESSAGE@⏎Gli input dei pulsanti direzionali ti lasciano vulnerabile, poiché \c40FFCDnon puoi bloccare mentre li immetti\cX.\n⏎Ad esempio, mentre premi \@44@ sei vulnerabile fra il primo e il secondo input di \@4@.\n⏎L'input di \@4+A+B@ ti permette invece di fare un passo indietro istantaneo, in modo più sicuro.\n";"";""
"tag_skill_022_00";"Button Dash - \@6+A+B@";"Scatto con pulsanti - \@6+A+B@";"";""
"tag_skill_022_01";"Button Backstep - \@4+A+B@";"Passo indietro con pulsanti - \@4+A+B@";"";""
"tag_title_023";"Dash Momentum";"Slancio in scatto";"";""
"tag_expla_023";"\cFFCD40Dash momentum\cX is applied to attacks and jumps you perform while dashing.\n⏎This makes your \c40FFCDattacks reach farther\cX and your \c40FFCDjumps travel farther.\cX";"\cFFCD40Lo slancio in scatto\cX si verifica con attacchi e salti che esegui durante uno scatto.\n⏎Lo slancio ti permette di \c40FFCDspingere più lontano i tuoi attacchi\cX e i tuoi \c40FFCDsalti\cX.";"";""
"tag_start_023";"Holding down \@6@ or \@3@ while dashing will cause you to run.\n⏎If you attack while running, your attack will gain extra momentum,\n⏎and pressing an upward direction will apply momentum to your jump.⏎\k⏎⏎\\@MESSAGE@⏎Dash momentum extends the range of attacks, making them very powerful.\n⏎Practice executing attacks and jumps smoothly while dashing.\n⏎\n⏎The trick is to not release the directional button after dashing.⏎\k";"Tenendo premuto \@6@ o \@3@ mentre scatti, inizierai a correre.\n⏎Se attacchi mentre corri, il tuo attacco accumulerà più slancio,\n⏎e se premi un pulsante direzionale verso l'alto donerai slancio al tuo salto.⏎\k⏎⏎\\@MESSAGE@⏎Lo slancio in scatto estende la portata dei tuoi attacchi, rendendoli molto potenti.\n⏎Allenati a effettuare attacchi e salti fluidi mentre scatti.\n⏎\n⏎Il trucco è non lasciare andare il pulsante direzionale dopo lo scatto.⏎\k";"";""
"tag_skill_023_00";"Dash Momentum Standing \@A@ - \@66+A@";"\@A@ in piedi con slancio in scatto - \@66+A@";"";""
"tag_skill_023_01";"Dash Momentum Crouching \@A@ - \@663+A@";"\@A@ rannicchiato con slancio in scatto - \@663+A@";"";""
"tag_skill_023_02";"Dash Momentum Neutral Jump - \@668@";"Salto sul posto con slancio in scatto - \@668@";"";""
"tag_skill_023_03";"Dash Momentum Forward Jump - \@669@";"Salto in avanti con slancio in scatto - \@669@";"";""
"tag_title_024";"Dash Guard";"Guardia in scatto";"";""
"tag_expla_024";"Since \cFFCD40dashes\cX don't leave openings,\n⏎you can use them to \c40FFCDdash while buffering a guard.\cX\n⏎Practice getting closer to the opponent by inputting \@6+A+B@>\@1@ in quick succession.";"Poiché \cFFCD40gli scatti\cX non lasciano alcun varco,\n⏎puoi \c40FFCDeffettuarli mentre fai buffer a una guardia\cX.\n⏎Allenati ad avvicinarti all'avversario immettendo \@6+A+B@>\@1@ in rapida successione.";"";""
"tag_start_024";"This may not let you continuously run over a long distance,\n⏎but it can help you safely approach your opponent.⏎\k⏎⏎\\@MESSAGE@⏎Dash guarding is effective against opponents who fire projectiles from afar\n⏎and opponents who use strong pokes.\n⏎\n⏎Practice approaching your opponent while dash guarding their projectiles.⏎\k";"Questa tecnica ti impedisce di correre continuamente per lunghe distanze,\n⏎ma ti aiuta ad avvicinarti in sicurezza all'avversario.⏎\k⏎⏎\\@MESSAGE@⏎La guardia in scatto è efficace contro avversari che sparano proiettili da lontano\n⏎e contro quelli che effettuano forti respinte.\n⏎\n⏎Allenati ad avvicinarti all'avversario con una guardia in scatto che ti protegge dai proiettili.⏎\k";"";""
"tag_skill_024_00";"Button Dash - \@6+A+B@";"Scatto con pulsanti - \@6+A+B@";"";""
"tag_skill_024_01";"Guard Buffer - \@4or1@";"Buffer di guardia - \@4o1@";"";""
"tag_skill_024_02";"Guard - \@4or1@";"Guardia - \@4o1@";"";""
"tag_title_025";"Approaching with a Dash Guard";"Avvicinarsi con una guardia in scatto";"";""
"tag_expla_025";"Using a \cFFCD40dash guard,\cX you can \c40FFCDapproach your opponent without taking damage,\cX\n⏎even if they are spamming projectiles from a long distance.";"Usando una \cFFCD40guardia in scatto\cX, puoi \c40FFCDavvicinarti all'avversario senza subire danni\cX,\n⏎anche se ti sta lanciando proiettili da lunga distanza.";"";""
"tag_start_025";"To complete this challenge, use dash guards to\n⏎\c40FFCDget close to the opponent\cX while they spam projectiles.\n⏎You will fail if you get hit by a projectile or jump.⏎\k";"Per completare questa sfida, usa delle guardie in scatto per \c40FFCDavvicinarti all'avversario\cX mentre ti bersaglia di proiettili.\n⏎Fallirai la sfida se un proiettile ti colpisce, oppure se salti.⏎\k";"";""
"tag_skill_025_00";"Get Close to the Opponent - Dash Guard (\@6+A+B>1@) to approach little by little";"Avvicinati all'avversario - guardia in scatto (\@6+A+B>1@) per avvicinarti piano piano";"";""
"tag_title_026";"How to Attack";"Come attaccare";"";""
"tag_expla_026";"You can \cFFCD40attack\cX by pressing an attack button.\n⏎If your attack hits, you'll \c40FFCDdeal damage.\cX\n⏎Try out different attacks, as they all vary in damage and range!";"Puoi \cFFCD40attaccare\cX premendo un pulsante di attacco. Se l'attacco va a segno, \c40FFCDinfliggerai dei danni\cX.\n⏎Prova diversi attacchi, variano tutti per danno e portata!";"";""
"tag_start_026";"Get closer to your opponent by walking forward or jumping,\n⏎then try \c40FFCDdealing damage\cX by pressing an attack button!";"Avvicinati all'avversario camminando in avanti o saltando,\npoi prova \c40FFCDa infliggere danni\cX premendo un pulsante d'attacco!";"";""
"tag_skill_026_00";"Attack - Get close and press an attack button (\@AorBorC@)";"Attacca - avvicinati e premi un pulsante d'attacco (\@AoBoC@)";"";""
"tag_title_027";"Defeating Your Opponent";"Sconfiggere l'avversario";"";""
"tag_expla_027";"The large gauges on the upper part of the screen are\n⏎the \cFFCD40health gauges\cX for you and your opponent.\n⏎Attack your opponent until their \c40FFCDhealth gauge is depleted\cX to defeat them!";"Le grandi barre nella parte superiore dello schermo sono le \cFFCD40barre della salute\cX tua e del tuo avversario.\n⏎Attacca finché non avrai \c40FFCDsvuotato la barra dell'avversario\cX per sconfiggerlo!";"";""
"tag_start_027";"⏎\\@BOXVIEW@< 0,0,0,0,0,0 >⏎\\@BOXVIEW@< 1,1,120,45,1040,50 >⏎⏎\\@MESSAGE@⏎Remember that your health gauge will turn orange when your health is low.⏎\k⏎⏎\\@BOXVIEW@< 0,0,0,0,0,0 >⏎\\@BOXVIEW@< 1,1,670,45,490,50 >⏎⏎\\@MESSAGE@⏎Try to defeat the opponent!\n⏎Attack them until you \c40FFCDdeplete their health gauge.\cX\n⏎\n⏎Try using the \@C@ button to deal high damage\n⏎or tap the \@A@ button for a damage-dealing combo.⏎\k⏎";"⏎\\@BOXVIEW@< 0,0,0,0,0,0 >⏎\\@BOXVIEW@< 1,1,120,45,1040,50 >⏎⏎\\@MESSAGE@⏎Ricorda che la tua barra della salute diventerà arancione quando la tua salute è bassa.⏎\k⏎⏎\\@BOXVIEW@< 0,0,0,0,0,0 >⏎\\@BOXVIEW@< 1,1,670,45,490,50 >⏎⏎\\@MESSAGE@⏎Cerca di sconfiggere l'avversario!\n⏎Attacca finché non avrai \c40FFCDsvuotato la sua barra della salute\cX.\n⏎\n⏎Cerca di usare il pulsante \@C@ per infliggere danni ingenti,\n⏎oppure premi il pulsante \@A@ per una combo d'attacco.⏎\k⏎";"";""
"tag_skill_027_00";"Defeat the Opponent - Attack until the opponent's health is depleted";"Sconfiggi l'avversario - attacca finché la salute dell'avversario non è esaurita";"";""
"tag_title_028";"Normal Attacks";"Attacchi normali";"";""
"tag_expla_028";"\cFFCD40Normal attacks\cX are attacks you can perform with\n⏎just the \@A@, \@B@, and \@C@ buttons. The \@A@ attack deals \c40FFCDlight\cX damage,\n⏎the \@B@ attack deals \c40FFCDmedium\cX damage and the \@C@ attack deals \c40FFCDheavy\cX damage.⏎";"\cFFCD40Gli attacchi normali\cX sono attacchi che puoi eseguire semplicemente con i soli pulsanti \n⏎\@A@, \@B@ e \@C@.\n⏎L'attacco \@A@ infligge danni \c40FFCDleggeri\cX, l'attacco \@B@ infligge danni \c40FFCDmedi\cX e l'attacco \@C@ infligge danni \c40FFCDpesanti\cX.⏎";"";""
"tag_start_028";"For now, you should primarily use \@B@ and \@C@ for higher damage,\n⏎then switch to faster \@A@ attacks when you're up close.⏎\k";"Per ora, usa principalmente \@B@ e \@C@ per danni maggiori,\n⏎passando quindi a rapidi attacchi \@A@ quando ti trovi di fianco all'avversario.⏎\k";"";""
"tag_skill_028_00";"\@A@ attack - \@A@";"Attacco \@A@ - \@A@";"";""
"tag_skill_028_01";"\@B@ attack - \@B@";"Attacco \@B@ - \@B@";"";""
"tag_skill_028_02";"\@C@ attack - \@C@";"Attacco \@C@ - \@C@";"";""
"tag_title_029";"Crouching Attacks";"Attacchi rannicchiati";"";""
"tag_expla_029";"\cFFCD40Crouching attacks\cX are attacks performed while crouching.\n⏎Pressing attack buttons while standing results in standing attacks,\n⏎and \c40FFCDpressing attack buttons while crouching\cX results in crouching attacks.";"\cFFCD40Gli attacchi rannicchiati\cX sono, come dice il nome,\n⏎eseguiti a partire da una posizione rannicchiata.\n⏎Premendo i pulsanti di attacco mentre sei in piedi otterrai attacchi in piedi, mentre \c40FFCDpremendo i pulsanti di attacco in posizione rannicchiata\cX otterrai attacchi in rannicchiati.";"";""
"tag_start_029";"Pressing \@2@ and an attack button simultaneously from a standing position\n⏎will also result in a crouching attack.\n⏎Crouching attacks are low-profile, meaning they'll sometimes let you duck under your opponent's attacks.\n⏎\k";"Premendo \@2@ contemporaneamente a un pulsante d'attacco mentre sei in piedi, otterrai un attacco rannicchiato.\n⏎Gli attacchi rannicchiati sono di basso profilo: ciò significa che a volte ti permetteranno di abbassarti e schivare l'attacco avversario.\n⏎\k";"";""
"tag_skill_029_00";"Crouching \@A@ - \@2+A@";"\@A@ rannicchiato - \@2+A@";"";""
"tag_skill_029_01";"Crouching \@B@ - \@2+B@";"\@B@ rannicchiato - \@2+B@";"";""
"tag_skill_029_02";"Crouching \@C@ - \@2+C@";"\@C@ rannicchiato - \@2+C@";"";""
"tag_title_030";"Jump Attacks";"Attacchi in salto";"";""
"tag_expla_030";"You can perform \cFFCD40jump attacks\cX by pressing an attack button while jumping.\n⏎Jump attacks let you \c40FFCDevade your opponent's attacks while also getting closer\n⏎and attacking them,\cX making them great offensive options.";"Puoi eseguire \cFFCD40attacchi in salto\cX premendo un pulsante d'attacco mentre salti.\n⏎Questa tecnica ti permette di \c40FFCDschivare i colpi avversari mentre ti avvicini a loro attaccandoli\cX; è dunque un'ottima opzione offensiva.";"";""
"tag_start_030";"This is also useful for attacking an \c40FFCDopponent in midair,\cX so keep that in mind.⏎\k";"La tecnica è inoltre molto utile per attaccare un \c40FFCDavversario a mezz'aria\cX, non dimenticarlo!⏎\k";"";""
"tag_skill_030_00";"Jumping \@A@ - \@A@ in midair";"\@A@ in salto - \@A@ a mezz'aria";"";""
"tag_skill_030_01";"Jumping \@B@ - \@B@ in midair";"\@B@ in salto - \@B@ a mezz'aria";"";""
"tag_skill_030_02";"Jumping \@C@ - \@C@ in midair";"\@C@ in salto - \@C@ a mezz'aria";"";""
"tag_title_031";"\@A@ Attacks";"Attacchi \@A@";"";""
"tag_expla_031";"Press the \@A@ button to perform a \@A@ \cFFCD40attack.\cX\n⏎\c40FFCDThese attacks are fast, leaving very little openings.\cX\n⏎Use them at the onset of your offense and at close range!";"Premi il pulsante \@A@ per eseguire un \cFFCD40attacco \@A@\cX.\n⏎\c40FFCDSi tratta di un attacco rapido, che lascia ben pochi varchi.\cX Sfruttalo all'inizio della tua azione di offesa e a distanza ravvicinata!";"";""
"tag_start_031";"They may have short range and deal low damage, but their speed is top notch!\n⏎This is great because they can quickly exploit your opponent's openings\n⏎while also being harder to punish.\n⏎\k";"Questi attacchi hanno una breve portata e infliggono pochi danni, ma la loro velocità è eccezionale!\n⏎Sono perfetti per sfruttare rapidamente i varchi nelle azioni dell'avversario, e sono difficili da punire.\n⏎\k";"";""
"tag_skill_031_00";"Standing \@A@ - \@A@";"\@A@ in piedi - \@A@";"";""
"tag_skill_031_01";"Crouching \@A@ - \@2+A@";"\@A@ rannicchiato - \@2+A@";"";""
"tag_skill_031_02";"Jumping \@A@ -  \@A@ in midair";"\@A@ in salto - \@A@ a mezz'aria";"";""
"tag_title_032";"\@B@ Attacks";"Attacchi \@B@";"";""
"tag_expla_032";"⏎Press the \@B@ button to perform a \@B@ \cFFCD40attack.\cX\n⏎These attacks \c40FFCDstrike a great balance\cX between range and damage.\n⏎Use them for poking from mid-range.";"⏎Premi il pulsante \@B@ per eseguire un \cFFCD40attacco\cX \@B@.\n⏎Questo attacco \c40FFCDbilancia perfettamente\cX portata e danno.\n⏎Usalo per attaccare da media distanza.";"";""
"tag_start_032";"They have better range and deal more damage than \@A@ attacks,\n⏎and they're faster than \@C@ attacks, making them convenient to use.⏎\k";"Questi attacchi presentano una portata più ampia e infliggono più danni degli attacchi \@A@,\n⏎e sono inoltre più veloci degli attacchi \@C@: un'ottima opzione in combattimento.⏎\k";"";""
"tag_skill_032_00";"Standing \@B@ - \@B@";"\@B@ in piedi - \@B@";"";""
"tag_skill_032_01";"Crouching \@B@ - \@2+B@";"\@B@ rannicchiato - \@2+B@";"";""
"tag_skill_032_02";"Jumping \@B@ - \@B@ in midair";"\@B@ in salto - \@B@ a mezz'aria";"";""
"tag_title_033";"\@C@ Attacks";"Attacchi \@C@";"";""
"tag_expla_033";"Press the \@C@ button to perform a \@C@ \cFFCD40attack.\cX\n⏎These attacks have \c40FFCDgreat range and deal high damage,\cX so use them often!\n⏎However, they do leave you wide open, so be careful not to miss.";"Premi il pulsante \@C@ per eseguire un \cFFCD40attacco\cX \@C@.\n⏎Questo attacco ha \c40FFCDuna lunga portata e infligge danni considerevoli\cX, quindi usalo spesso!\n⏎Ti lascia però molto vulnerabile al nemico: assicurati di non mancare il colpo!";"";""
"tag_start_033";"They're also slow to start up, so opt for another option during close range combat.\n⏎\k";"Dato che inoltre ha un avvio più lento, a distanza ravvicinata è meglio scegliere un attacco diverso.\n⏎\k";"";""
"tag_skill_033_00";"Standing \@C@ - \@C@";"\@C@ in piedi - \@C@";"";""
"tag_skill_033_01";"Crouching \@C@ - \@2+C@";"\@C@ rannicchiato - \@2+C@";"";""
"tag_skill_033_02";"Jumping \@C@ - \@C@ in midair";"\@C@ in salto - \@C@ a mezz'aria";"";""
"tag_title_034";"Command Normals";"Attacchi unici";"";""
"tag_expla_034";"By pressing a button while inputting a certain a direction\n⏎or by tapping the same button multiple times, you can perform\n⏎a special type of normal attack called a \cFFCD40command normal\cX.";"Premendo un pulsante mentre selezioni una certa direzione\n⏎o premendo più volte lo stesso pulsante, puoi eseguire un tipo speciale di attacco normale che chiameremo \cFFCD40attacco unico\cX.";"";""
"tag_start_034";"There are many different command normals, like \@6+B@ and \@3+C@.\n⏎Check out the \c40FFCDCommand List,\cX accessible via the Pause menu,\n⏎for a list of command normals available for your character.⏎\k";"Esistono diversi attacchi unici, come \@6+B@ e \@3+C@.\n⏎Dai un'occhiata all'\c40FFCDElenco dei comandi\cX, accessibile dal menu di pausa,\n⏎per consultare una lista di attacchi unici disponibili per il tuo personaggio.⏎\k";"";""
"tag_skill_034_00";"\@6+B@ - \@B@ while pressing \@6@";"\@6+B@ - \@B@ mentre premi \@6@";"";""
"tag_skill_034_01";"\@3+C@ - \@C@ while pressing \@3@";"\@3+C@ - \@C@ mentre premi \@3@";"";""
"tag_skill_034_02";"Aerial \@6+C@ - \@C@ while pressing \@6@ in midair";"\@6+C@ in aria - \@C@ mentre premi \@6@ a mezz'aria";"";""
"tag_title_035";"Canceling Command Normals";"Annullare gli attacchi unici";"";""
"tag_expla_035";"Like normal attacks, \cFFCD40command normals\cX can also be triggered \n⏎from a \c40FFCDPassing Link.\cX However, remember that each command normal has\n⏎different options for canceling after it hits!";"Proprio come gli attacchi normali, anche gli \cFFCD40attacchi unici\cX possono essere attivati partendo da un \c40FFCDPassing Link\cX.\n⏎Tuttavia, ricorda che ogni attacco unico presenta opzioni diverse per essere annullato dopo essere andato a segno!";"";""
"tag_start_035";"For example, Hyde has command normals like \@6+B@ and \@3+C@.\n⏎\@3+C@ has Passing Link options on hit or guard,\n⏎but \@6+B@ has no Passing Link options if your opponent guards against both hits. \n⏎\n⏎Some command normals have no Passing Link options at all.\n⏎\c40FFCDEach command normal has its own unique features,\cX so study them thoroughly.\n⏎\k";"Ad esempio, Hyde ha attacchi unici come \@6+B@ e \@3+C@.\n⏎\@3+C@ ha delle opzioni di Passing Link dopo colpo a segno o guardia,\n⏎ma \@6+B@ non presenta opzioni di Passing Link nel caso in cui il tuo avversario sia in guardia contro entrambi i colpi.\n⏎\n⏎Alcuni attacchi unici non hanno alcuna opzione di Passing Link.\n⏎\c40FFCDOgni attacco unico presenta caratteristiche specifiche,\cX quindi studiali tutti attentamente.\n⏎\k";"";""
"tag_title_036";"Dash Attacks";"Attacchi in scatto";"";""
"tag_expla_036";"You can perform a \cFFCD40dash attack\cX by pressing a button, like \@B@ and \@C@,\n⏎while holding down \@6@ during a dash. These unique moves, only accessible\n⏎while dashing, allow you to \c40FFCDapproach your opponent while attacking.\cX";"Puoi eseguire un \cFFCD40attacco in scatto\cX premendo un pulsante, per es. \@B@ o \@C@, mentre tieni premuto \@6@ durante uno scatto.\n⏎Queste mosse disponibili solo durante lo scatto ti permettono di \c40FFCDavvicinarti all'avversario mentre attacchi\cX.";"";""
"tag_start_036";"Dash attacks are powerful moves that allow you to attack while approaching your opponent.\n⏎\n⏎However, unlike normal attacks, dash attacks \c40FFCDcannot be Passing Linked,\cX \n⏎and they must be performed with a \@6@ input.\n⏎\k";"Gli attacchi in scatto sono mosse potenti che ti permettono di attaccare mentre ti avvicini all'avversario.\n⏎\n⏎Tuttavia, a differenza degli attacchi normali, quelli in scatto \c40FFCDnon possono essere collegati con Passing Link\cX,\n⏎e devono essere eseguiti con \@6@.\n⏎\k";"";""
"tag_skill_036_00";"Dash \@B@ - While dashing, hold \@6@ and press \@B@";"Scatto \@B@ - mentre scatti, tieni premuto \@6@ e premi \@B@";"";""
"tag_skill_036_01";"Dash \@C@ - While dashing, hold \@6@ and press \@C@";"Scatto \@C@ - mentre scatti, tieni premuto \@6@ e premi \@C@";"";""
"tag_title_037";"Increase";"Incremento";"";""
"tag_expla_037";"An \cFFCD40Increase\cX is when you change the properties of an attack\n⏎by holding its button down.\n⏎An Increase can \c40FFCDchange attack properties\cX like damage dealt or on-hit effects.";"Un \cFFCD40incremento\cX si verifica quando cambi le proprietà di un attacco tenendo premuto il suo pulsante.\n⏎Un incremento può \c40FFCDmodificare le proprietà di un attacco\cX, come i danni inferti o gli effetti del colpo.";"";""
"tag_start_037";"An Increase may be indicated with \@Z@.\n⏎Increasable attacks vary depending on the character.\n⏎Hyde, for example, can Increase his standing \@C@ and jump \@C@.⏎\k";"Un incremento può essere indicato con \@Z@.\n⏎Gli attacchi incrementabili variano in base al personaggio.\n⏎Hyde, ad esempio, può incrementare \@C@ in piedi e \@C@ in salto.⏎\k";"";""
"tag_skill_037_00";"Increased Standing \@C@ - Hold \@C@";"\@C@ in piedi incrementato - tieni premuto \@C@";"";""
"tag_skill_037_01";"Increased Jumping \@C@ - Hold \@C@ in midair";"\@C@ in salto incrementato -tieni premuto \@C@ a mezz'aria";"";""
"tag_title_038";"Chain Canceling";"Annullamento a catena";"";""
"tag_expla_038";"You can hit the opponent with consecutive \@2+A@ attacks.\n⏎Performing the \c40FFCDsame normal attack consecutively\cX is known as \cFFCD40Chain Canceling.\cX";"Puoi colpire l'avversario con attacchi \@2+A@ consecutivi.\n⏎Eseguendo lo \c40FFCDstesso attacco normale consecutivamente\cX effettui un \cFFCD40annullamento a catena\cX.";"";""
"tag_start_038";"\@2+A@ is fast, keeping you safe, even if it's blocked.\n⏎Chain canceling it is also a strong option since it allows you to attempt a combo.\n⏎\n⏎By the way, Waldstein is the only character that cannot chain cancel \@2+A@.⏎\k";"\@2+A@ è veloce e ti protegge anche se viene bloccato.\n⏎L'annullamento a catena è inoltre un'ottima opzione perché ti permette di tentare una combo.\n⏎\n⏎A proposito, Waldstein è l'unico personaggio che non può effettuare un annullamento a catena di \@2+A@.⏎\k";"";""
"tag_skill_038_00";"Chain Cancel Crouching \@A@, 3 Hits - \@2+A>2+A>2+A@";"Annullamento a catena di \@A@ rannicchiato, 3 colpi - \@2+A>2+A>2+A@";"";""
"tag_title_039";"Keep-Out Attacks (a.k.a. Pokes)";"Impedimento degli attacchi (respinte)";"";""
"tag_expla_039";"By preemptively performing attacks that \cFFCD40stay active for a long time,\cX\n⏎you can \c40FFCDkeep your opponent from advancing.\cX\n⏎Practice driving opponents away as they try to get close to you.";"Eseguendo attacchi preventivi che \cFFCD40restano attivi a lungo\cX,\n⏎puoi \c40FFCDimpedire al tuo avversario di avanzare\cX.\n⏎Allenati a respingere gli avversari mentre cercano di avvicinarsi.";"";""
"tag_start_039";"The trick is to predict when your opponent will attack\n⏎and attacking just before they do.⏎\k";"Il trucco è prevedere quando l'avversario sferrerà l'attacco\n⏎e anticiparlo attaccando prima che lo faccia lui.⏎\k";"";""
"tag_skill_039_00";"Stop the opponent's attack with a keep-out attack - \@6+B@";"Ferma l'attacco avversario con una respinta - \@6+B@";"";""
"tag_title_040";"Whiff Punishing";"Punizione su vuoto";"";""
"tag_expla_040";"When your opponent's attack misses--or ""whiffs""--\n⏎\cFFCD40hit them back with a fast attack\cX for \c40FFCDguaranteed damage.\cX⏎";"Quando il colpo del tuo avversario va ""a vuoto"", \cFFCD40punisci l'errore con un attacco rapido\cX\n⏎per infliggere \c40FFCDdanni garantiti\cX.";"";""
"tag_start_040";"If you can punish your opponent with a dose of damage when their attack whiffs,\n⏎they'll have to think twice about swinging at you again.⏎\k⏎⏎\\@MESSAGE@⏎However, if you try to punish your opponent's whiff\n⏎with a slower attack, they may recover in time to guard against it.\n⏎Furthermore, fast attacks tend to have shorter range, so you can't stand too far away.\n⏎\k⏎⏎\\@MESSAGE@⏎In this case, \c40FFCDstanding just outside your opponent's attack range\cX\n⏎will allow you to punish their whiffs, even with short-range attacks.\n⏎\n⏎Let's try punishing the opponent's whiff using \@3+B@!⏎\k";"Se riuscirai a punire l'avversario con una dose di danni dopo un attacco andato a vuoto,\n⏎ci penserà due volte prima di attaccarti di nuovo.⏎\k⏎⏎\\@MESSAGE@⏎Tuttavia, se provi a ""punire"" il colpo a vuoto\n⏎con un attacco più lento, l'avversario potrebbe riprendersi in tempo per mettersi in guardia.\n⏎Inoltre, gli attacchi rapidi tendono ad avere una portata più ridotta, quindi dovrai restare di fianco all'avversario.\n⏎\k⏎⏎\\@MESSAGE@⏎In questo caso, trovandoti subito fuori della portata avversaria,\n⏎potrai punire i suoi colpi a vuoto anche con attacchi a raggio ridotto.\n⏎\n⏎Prova a punire un colpo a vuoto dell'avversario con \@3+B@!⏎\k";"";""
"tag_skill_040_00";"Punish the opponent's whiff with a keep-out attack - \@3+B@";"Punisci il colpo a vuoto con una respinta - \@3+B@";"";""
"tag_title_041";"Intercepting with Anti-Air Attacks";"Intercettare con attacchi antiaerei";"";""
"tag_expla_041";"Against opponents that \c40FFCDattack from the air,\cX you'll have to do more than\n⏎standing guards. It's also important to intercept their advances with\n⏎\cFFCD40anti-air attacks\cX--attacks that hit high spots. Attacks that reach diagonally\n⏎upward while keeping your stance low make ideal anti-air attacks.";"Per contrastare gli avversari che \c40FFCDattaccano dall'aria\cX, avrai bisogno di ben più che una semplice\n⏎guardia in piedi. È importante intercettare le loro offensive con \cFFCD40attacchi antiaerei\cX,\n⏎ovvero attacchi alti. I colpi rivolti diagonalmente verso l'alto mentre mantieni una posizione\n⏎abbassata sono attacchi antiaerei ideali.";"";""
"tag_start_041";"Now try to intercept the opponent with \@3+C@ as they jump in to attack!⏎\k";"Ora prova a intercettare l'avversario con \@3+C@ mentre salta in attacco!⏎\k";"";""
"tag_skill_041_00";"Intercept the opponent's jump attack with an anti-air - \@3+C@";"Intercetta l'attacco in salto avversario con un antiaereo - \@3+C@";"";""
"tag_title_042";"Commitment";"Impegno";"";""
"tag_expla_042";"Inputting consecutive attack commands regardless of whether your opponent\n⏎guarded your initial attack or not is known as \c40FFCDcommitting.\cX\n⏎Performing attacks that can combo when they hit, but leave you safe\n⏎when guarded, is a great, low-risk offensive strategy.";"Immettere comandi d'attacco consecutivi indipendentemente dal fatto che il primo attacco vada\n⏎a segno o venga parato è noto come \c40FFCDimpegno\cX. Eseguire attacchi che possono formare combo quando\n⏎vanno a segno, ma che ti tengono al sicuro se sono bloccati,\n⏎è un'ottima strategia offensiva a rischio ridotto.";"";""
"tag_start_042";"Now let's practice committing!\n⏎\n⏎After \@236+B@, Hyde can commit to an \@6+A@ follow-up without opening himself up.\n⏎Perform the full sequence regardless of whether the attack hits or is blocked.\n⏎\k";"E ora, mettiamoci un po' di impegno!\n⏎\n⏎Dopo \@236+B@, Hyde puoi impegnarsi con un \@6+A@ a seguire senza lasciare varchi.\n⏎Esegui l'intera sequenza, sia che l'attacco vada a segno, sia che venga bloccato.\n⏎\k";"";""
"tag_skill_042_00";"\@2+A@";"\@2+A@";"";""
"tag_skill_042_01";"\@2+B@";"\@2+B@";"";""
"tag_skill_042_02";"\@2+C@";"\@2+C@";"";""
"tag_skill_042_03";"\@236+B@";"\@236+B@";"";""
"tag_skill_042_04";"Follow-up \@6+A@";"\@6+A@ a seguire";"";""
"tag_title_043";"Hit Confirming";"Conferma del colpo";"";""
"tag_expla_043";"\c40FFCDMaking sure of whether an attack connected or not before making\n⏎your next move\cX is called \cFFCD40hit confirming.\cX\n⏎If your attack connects, you should proceed with a combo. If your opponent\n⏎guarded it, though, cut your sequence short to mitigate your vulnerability.";"\c40FFCDAssicurarsi che il tuo colpo sia andato a segno prima di effettuare la tua prossima mossa\cX è una\n⏎tecnica detta \cFFCD40""conferma del colpo""\cX. Se il tuo attacco va a segno, puoi procedere con una combo.\n⏎Se l'avversario invece l'ha parato con una guardia, concludi la sequenza per ridurre la tua vulnerabilità.";"";""
"tag_start_043";"Hit confirming is a powerful technique that \c40FFCDminimizes risk while maximizing combo opportunities.\cX\n⏎Ideally, you'll be able to hit confirm with fast attacks, like chain canceled crouching \@A@.\n⏎\k⏎⏎\\@MESSAGE@⏎Let's practice hit confirming!\n⏎\n⏎If your attack hits, keep the combo going.\n⏎If it's blocked, end your sequence.⏎\k";"La conferma del colpo è una tecnica utilissima \c40FFCDche minimizza il rischio massimizzando le opportunità di combo\cX.\n⏎Nel caso ideale, confermerai i colpi con attacchi veloci come l'annullamento a catena di \@A@ rannicchiato.\n⏎\k⏎⏎\\@MESSAGE@⏎Alleniamoci nella conferma del colpo!\n⏎\n⏎Se il tuo attacco va a segno, prosegui con la combo.\n⏎Se viene bloccato, termina la sequenza.⏎\k";"";""
"tag_skill_043_02";"\@2+C@ only on hit";"\@2+C@ dopo colpo a segno";"";""
"tag_title_044";"Attribute-Invulnerable Attacks";"Invulnerabilità contestuale";"";""
"tag_expla_044";"\cFFCD40Attribute-invulnerable attacks\cX are attacks that are\n⏎\c40FFCDinvulnerable against certain types of other attacks,\cX\n⏎such as jump attacks, sweeps and projectiles.";"Gli \cFFCD40attacchi a invulnerabilità contestuale\cX sono attacchi \c40FFCDche resistono a determinate cose\cX,\n⏎come attacchi in salto, spazzate e proiettili.⏎";"";""
"tag_start_044";"For example, my \@3+C@ is invulnerable against attacks aiming at my feet,\n⏎such as \@2+C@, granting me a one-sided advantage against them.⏎\k⏎⏎\\@MESSAGE@⏎Let's try hitting an opponent by using an attribute-invulnerable attack and avoid their own attack.\n⏎\n⏎If you input \@3+C@ just before being hit by \@2+C@,\n⏎the attribute invulnerability will keep you safe while you retaliate.⏎\k";"Ad esempio, \@3+C@ è invulnerabile agli attacchi bassi\n⏎come \@2+C@, e dà quindi un vantaggio contro di essi.⏎\k⏎⏎\\@MESSAGE@⏎Prova a colpire un avversario usando un attacco a invulnerabilità contestuale ed evita i suoi colpi.\n⏎\n⏎Se premi \@3+C@ subito prima di incassare un colpo di \@2+C@,\n⏎l'invulnerabilità ti proteggerà mentre rispondi all'attacco.⏎\k";"";""
"tag_skill_044_00";"Counter the opponent's low attack with an attribute-invulnerable attack - \@3+C@";"Contrasta l'attacco basso con un attacco a invulnerabilità contestuale - \@3+C@";"";""
"tag_title_045";"Attack Recovery";"Ripresa dagli attacchi";"";""
"tag_expla_045";"The \c40FFCDtime it takes before you can act again\cX after an attack hits is known as\n⏎\cFFCD40recovery\cX. Strong attacks have long recovery times, making you susceptible to\n⏎being punished when your opponent guards against them.\n⏎If you manage to block your opponent's strong attack, you can punish them.";"Il \c40FFCDtempo necessario per poter riprendere l'azione\cX dopo aver incassato un attacco è noto come \n⏎\cFFCD40""ripresa""\cX. Gli attacchi più forti hanno tempi di ripresa più lunghi e ti espongono a punizioni se l'avversario li para con una guardia.\n⏎Al contrario, se riesci a bloccare un attacco forte, avrai la possibilità di punire l'avversario.";"";""
"tag_start_045";"Compare the recovery durations of different attacks by making the opponent guard against them\n⏎and seeing whether they can be punished or not.⏎\k";"Confronta i tempi di ripresa dei diversi attacchi sottoponendoli alla guardia avversaria,\n⏎scoprendo inoltre se possono essere puniti.⏎\k";"";""
"tag_skill_045_00";"Crouching \@A@ - \@2+A@";"\@A@ rannicchiato - \@2+A@";"";""
"tag_skill_045_01";"Crouching Guard - \@1@";"Guardia rannicchiata - \@1@";"";""
"tag_skill_045_02";"Crouching \@C@ - \@2+C@";"\@C@ rannicchiato - \@2+C@";"";""
"tag_skill_045_03";"Guard Failure - \@1@";"Guardia fallita - \@1@";"";""
"tag_title_046";"Frame Difference";"Differenza di frame";"";""
"tag_expla_046";"\c40FFCDDiffering recovery times\cX after an attack connects are due to \cFFCD40frame data.\cX When your attack recovery is longer than your opponent's guard recovery, you are at a \c40FFCDframe disadvantage.\cX When your attack recovery is shorter than your opponent's guard recovery, however, you are at a \c40FFCDframe advantage.\cX";"La \c40FFCDdifferenza di tempo di ripresa fra te e l'avversario\cX dopo un attacco andato a segno è dovuta a\n⏎una discrepanza nei \cFFCD40dati di frame\cX. Se il tempo di ripresa del tuo attacco è più lungo di quello\n⏎della guardia dell'avversario, ti troverai in \c40FFCDsvantaggio di frame\cX. Se il tempo di ripresa del tuo \n⏎attacco è più breve di quello della guardia dell'avversario, invece, sarai in \c40FFCDvantaggio di frame\cX.";"";""
"tag_start_046";"Different attacks have different frame lengths, so let's compare them.⏎\n\n⏎The opponent will do a neutral jump immediately after guarding against your attack.\n⏎Your job is similar: jump immediately after making them block your attack.\n⏎\n⏎If you jump slightly later than the opponent does, it means the attack you used has\n⏎a slight frame disadvantage.\n⏎If you jump slightly earlier than the opponent does, your attack has a slight frame advantage.⏎\k⏎⏎\\@MESSAGE@⏎Trying to brute-force your offense with moves with a big disadvantage\n⏎will leave you open to retaliation, since your opponent can move again earlier than you can.⏎\n\n⏎Memorizing precise frame data for every single attack is a tall order,\n⏎but as long you grasp the general concept, you'll make better offensive and defensive decisions.\n⏎\k ";"Attacchi diversi presentano durate diverse in termini di frame. Confrontiamole!⏎\n\n⏎L'avversario eseguirà un salto sul posto subito dopo aver parato il tuo attacco con una guardia.\n⏎Similmente, tu devi saltare subito dopo avergli fatto bloccare il tuo attacco.\n⏎\n⏎Se salti subito dopo l'avversario, significa che l'attacco da te effettuato ha un leggero svantaggio di frame.\n⏎Se salti subito prima, significa che il tuo attacco ha invece un leggero vantaggio di frame.⏎\k⏎⏎\\@MESSAGE@⏎Cercare di costruire un'azione basata solo su mosse offensive ha\n⏎lo svantaggio di esporti a un contrattacco, poiché l'avversario potrà tornare a muoversi prima di te.⏎\n\n⏎Memorizzare i dati di frame di ogni singolo attacco è quasi impossibile.\n⏎Ti basterà capire il concetto generico della differenza di frame per effettuare decisioni di attacco e difesa più efficaci.\n⏎\k";"";""
"tag_skill_046_00";"Crouching \@A@ - \@2+A@";"\@A@ rannicchiato - \@2+A@";"";""
"tag_skill_046_01";"Neutral Jump (slight disadvantage) - \@8@";"Salto sul posto (leggero svantaggio) - \@8@";"";""
"tag_skill_046_03";"Neutral Jump (slight disadvantage) - \@8@";"Salto sul posto (leggero svantaggio) - \@8@";"";""
"tag_skill_046_04";"Increased Standing \@C@ -  Hold \@C@";"\@C@ in piedi incrementato - tieni premuto \@C@";"";""
"tag_skill_046_05";"Neutral Jump (slight advantage) - \@8@";"Salto sul posto (leggero svantaggio) - \@8@";"";""
"tag_title_047";"Reducing Recovery via Passing Link";"Accorciare la ripresa con Passing Link";"";""
"tag_expla_047";"Using \cFFCD40Passing Link\cX, you can \c40FFCDreduce the recovery time\cX of an attack.\n⏎The trick is to link to an attack that has a shorter recovery than\n⏎the original attack.";"Eseguendo un \cFFCD40Passing Link\cX, puoi \c40FFCDridurre il tempo di ripresa\cX di un attacco.\n⏎Il trucco è collegare al primo un secondo attacco dal tempo di ripresa più breve.";"";""
"tag_start_047";"When your opponent guards your strong attacks, mitigate your vulnerability\n⏎by linking into fast attacks like \@A@.⏎\k";"Quando il tuo avversario para con una guardia i tuoi attacchi forti, riduci la tua vulnerabilità collegando attacchi veloci come \@A@.⏎\k";"";""
"tag_skill_047_00";"Standing \@C@ - \@C@";"\@C@ in piedi - \@C@";"";""
"tag_skill_047_02";"Guard Failure - \@4or1@";"Guardia fallita - \@4o1@";"";""
"tag_skill_047_03";"Standing \@C@ - \@C@";"\@C@ in piedi - \@C@";"";""
"tag_skill_047_05";"Crouch \@A@ (mitigate opening) - \@2+A@";"\@A@ rannicchiato (riduce varco) - \@2+A@";"";""
"tag_skill_047_06";"Guard - \@4or1@";"Guardia - \@4o1@";"";""
"tag_title_048";"Counter Hit";"Colpo di contrasto";"";""
"tag_expla_048";"A \cFFCD40counter hit\cX occurs when your attack hits your opponent while\n⏎an attack of their own is starting up. When a counter hit occurs,\n⏎your opponent may \c40FFCDstagger for a long time or be knocked back.\cX";"Un \cFFCD40colpo di contrasto\cX si verifica quando il tuo attacco va a segno nel momento in cui l'avversario sta iniziando il proprio attacco.\n⏎In questo caso, l'avversario potrebbe \c40FFCDbarcollare a lungo o essere spinto via\cX.";"";""
"tag_start_048";"Counter hits give you a chance to follow up with additional attacks.\n⏎Try chasing down the opponent after they are blown back by a counter hit.⏎\k";"I colpi di contrasto ti permettono di concatenare altri attacchi a seguire.\n⏎Rincorri l'avversario dopo averlo spinto indietro con un colpo di contrasto.⏎\k";"";""
"tag_skill_048_00";"\@3+C@ Counter hit - \@3+C@";"Colpo di contrasto \@3+C@ - \@3+C@";"";""
"tag_skill_048_01";"Crouching \@A@ (mitigate opening) - \@2+A@";"\@A@ rannicchiato (riduce varco) - \@2+A@";"";""
"tag_skill_048_02";"Follow up with standing \@B@ - \@B@";"\@B@ in piedi a seguire - \@B@";"";""
"tag_skill_048_03";"\@3+C@ Counter hit - \@3+C@";"Colpo di contrasto \@3+C@ - \@3+C@";"";""
"tag_skill_048_04";"Crouching \@A@ (mitigate opening) - \@2+A@";"\@A@ rannicchiato (riduce varco) - \@2+A@";"";""
"tag_skill_048_05";"Follow up with \@B@ - \@B@";"\@B@ a seguire - \@B@";"";""
"tag_title_049";"Special Attacks";"Attacchi speciali";"";""
"tag_expla_049";"You can perform \cFFCD40special attacks\cX with command inputs like\n⏎\@236+A@ or \@214+A@. Special attacks are \c40FFCDhigh-performance moves\cX\n⏎that generally deal a lot of damage.";"Puoi eseguire \cFFCD40attacchi speciali\cX con input di comandi come \@236+A@ o \@214+A@.\n⏎Gli attacchi speciali sono \c40FFCDmosse dalle alte prestazioni, che generalmente infliggono molti danni\cX.";"";""
"tag_start_049";"As with movement commands, special attack commands also invert left or right,\n⏎based on which direction the character is facing.\n⏎\n⏎If you're not sure how to execute command inputs,\n⏎please check out the \c40FFCDcommand input tutorial.\cX⏎\k";"Proprio come per i comandi di movimento, i comandi degli attacchi speciali invertono la destra e la sinistra in base alla direzione verso cui il personaggio è rivolto.\n⏎\n⏎Se non sai come eseguire gli input di comandi,\n⏎dai un'occhiata al \c40FFCDrelativo tutorial\cX.⏎\k";"";""
"tag_skill_049_00";"Special Attacks - \@236+A@, \@214+A@, etc.";"Attacchi speciali - \@236+A@, \@214+A@, ecc.";"";""
"tag_title_050";"Button-Based Property Changes";"Cambi di proprietà in base ai pulsanti";"";""
"tag_expla_050";"The properties of a special attack \cFFCD40vary depending on which button is pressed\cX\n⏎for its command input, primarily differing in\n⏎\c40FFCDdamage output and recovery duration.\cX";"Le proprietà di un attacco speciale \cFFCD40variano in base ai pulsanti che vengono premuti\cX per l'input dei comandi,\n⏎differenziandosi principalmente in \c40FFCDdanni inferti e durata della ripresa\cX.";"";""
"tag_start_050";"Special attacks executed with the \@A@ button deal less damage but offer faster recovery.\n⏎Special attacks executed with the \@B@ button deal more damage but recover more slowly.\n⏎\n⏎The exact differences between one button and the other may vary depending on the attack,\n⏎so be sure to experiment.⏎\k";"Gli attacchi speciali eseguiti con \@A@ infliggono meno danni ma spesso offrono una ripresa più rapida.\n⏎Gli attacchi speciali eseguiti con \@B@ infliggono più danni ma hanno una ripresa più lenta.\n⏎\n⏎Le differenze esatte fra un pulsante e l'altro variano in base all'attacco, quindi fai pratica per impararle.⏎\k";"";""
"tag_skill_050_00";"Perform a special attack with \@A@ - \@236+A@, \@214+A@ etc.";"Sferra un attacco speciale con \@A@ - \@236+A@, \@214+A@, ecc.";"";""
"tag_skill_050_01";"Perform a special attack with \@B@ - \@236+B@, \@214+B@ etc.";"Sferra un attacco speciale con \@B@ - \@236+B@, \@214+B@, ecc.";"";""
"tag_title_051";"Special Attack Chip Damage";"Danni superficiali da attacco speciale";"";""
"tag_expla_051";"Even if you guard against a special attack, it will still\n⏎\c40FFCDdeal a small amount of damage.\cX\n⏎This is known as \cFFCD40chip damage.\cX";"Anche se pari un attacco speciale con una guardia, questo infliggerà una bassa quantità di danni,\n⏎che definiamo \cFFCD40danni superficiali\cX.";"";""
"tag_start_051";"It's not unusual to find yourself one hit away from death--even after guarding!\n⏎But remember that \c40FFCDchip damage cannot K.O. a character.\cX⏎\k⏎⏎\\@MESSAGE@⏎Let's take a look at chip damage in practice.\n⏎Can you see how your opponent still takes a little bit of damage even after blocking your special attack?⏎\n\n⏎By the way, Hyde can deal chip damage not only with his special attacks,\n⏎but also with any of his normal attacks that involve his sword.\n⏎\k";"Ti capiterà spesso di trovarti a pochi PS dalla morte, anche se la tua guardia è riuscita!\n⏎Ma ricorda, \c40FFCDi danni superficiali non possono mettere K.O. un personaggio\cX.⏎\k⏎⏎\\@MESSAGE@⏎Vediamo i danni superficiali all'atto pratico.\n⏎Vedi come il tuo avversario continua a subire un po' di danni anche dopo aver bloccato il tuo attacco speciale?⏎\n\n⏎A proposito, Hyde può infliggere danni superficiali non solo con gli attacchi speciali,\n⏎ma anche con i suoi attacchi normali con la spada.\n⏎\k";"";""
"tag_skill_051_00";"Make the opponent block a special attack - \@236+A@";"Fai bloccare un attacco speciale all'avversario - \@236+A@";"";""
"tag_skill_051_01";"Make the opponent block a special attack - \@214+A@";"Fai bloccare un attacco speciale all'avversario - \@214+A@";"";""
"tag_skill_051_02";"Make the opponent block a special attack - \@623+A@";"Fai bloccare un attacco speciale all'avversario - \@623+A@";"";""
"tag_title_052";"Projectiles";"Proiettili";"";""
"tag_expla_052";"\cFFCD40Projectiles\cX are attacks that can \c40FFCDhit opponents from far away.\cX\n⏎Using projectiles allows you to deal damage from a distance.⏎";"\cFFCD40I proiettili\cX sono attacchi capaci di \c40FFCDcolpire l'avversario da lontano\cX.\n⏎Con essi potrai infliggere danni anche da una certa distanza.";"";""
"tag_start_052";"Only a select number of characters can use projectile attacks.\n⏎\k⏎⏎\\@MESSAGE@⏎Projectiles are invulnerable and cannot be attacked by the opponent.\n⏎This makes them a safer way to deal damage than physically approaching your opponent.⏎\n\n⏎However, \c40FFCDif your opponent jumps or uses Assault to avoid the projectile,\cX\n⏎they can often catch you during your attack recovery.\n⏎\n⏎When using projectiles, try to be unpredictable,\n⏎and also use them when your opponent is too far away to retaliate.⏎\k⏎⏎\\@MESSAGE@⏎Two projectiles can collide with one another, \c40FFCDcausing a clash that eliminates them both.\cX\n⏎That means that fighting projectiles with projectiles is another great strategy!\n⏎\n⏎However, not all projectiles are created equal. Powerful projectiles or ones that hit several times\n⏎can sometimes \c40FFCDbeat out the other projectile.\cX";"Solo alcuni personaggi possono effettuare attacchi con proiettili.\n⏎\k⏎⏎\\@MESSAGE@⏎I proiettili sono invulnerabili e non possono essere attaccati dall'avversario.\n⏎Questo li rende una tecnica più sicura per infliggere danni, rispetto ad avvicinarsi fisicamente al nemico.⏎\n\n⏎Tuttavia, \c40FFCDse l'avversario salta o usa l'Assalto per evitare il proiettile,\cX\n⏎potrà spesso coglierti fuori guardia mentre ti riprendi dall'attacco.\n⏎\n⏎Quando usi i proiettili, cerca di essere imprevedibile,\n⏎e usali soprattutto quando l'avversario è troppo lontano per contrattaccare.⏎\k⏎⏎\\@MESSAGE@⏎Due proiettili possono scontrarsi, \c40FFCDeliminandosi a vicenda\cX.\n⏎Questo significa che contrastare un proiettile con un altro proiettile è un'ottima strategia!\n⏎\n⏎Tuttavia, i proiettili non sono tutti uguali. Ce ne sono di molto potenti, e quelli che possono colpire più volte\n⏎sono in grado di \c40FFCDannullare l'altro proiettile\cX.";"";""
"tag_skill_052_00";"Hit the opponent with a projectile - \@236+AorBorC@";"Colpisci l'avversario con un proiettile - \@236+AoBoC@";"";""
"tag_title_053";"Invulnerable Attacks";"Attacchi invulnerabili";"";""
"tag_expla_053";"\cFFCD40Invulnerable attacks\cX render your character invulnerable while attacking.\n⏎Using invulnerable attacks allows you to \c40FFCDinterrupt your opponent\cX\n⏎without needing to block their attacks.";"\cFFCD40Gli attacchi invulnerabili\cX rendono il tuo personaggio invincibile durante l'attacco.\n⏎Sfruttarli ti permette di \c40FFCDinterrompere l'avversario\cX senza dover bloccare i suoi attacchi.";"";""
"tag_start_053";"Using invulnerability to avoid your opponent's attack while striking back is powerful,\n⏎but not all characters can use invulnerable attacks.\n⏎\k⏎⏎\\@MESSAGE@⏎In fact, invulnerable attacks are not invulnerable for the entire duration:\n⏎the invulnerability ends at a certain point.\n⏎If your opponent guards against the attack, or if the attack whiffs, you'll be left wide open.\n⏎\k⏎⏎\\@MESSAGE@⏎Let's practice interrupting the opponent's attack sequence with invulnerable attacks.\n⏎\n⏎The opponent will perform the following sequence: \@A@>\@B@>\@C@>charge\@B+C@.\n⏎Try \c40FFCDinterrupting this sequence with an invulnerable attack\cX between the \@C@ attack and the charged \@B+C@.\n⏎\n⏎The trick is to input the special attack command while you're guarding\n⏎and press the button to finish it as soon as you're done guarding.⏎\k ";"Usare attacchi invulnerabili per evitare i colpi del tuo avversario mentre contrattacchi è una tecnica potente,\n⏎ma non tutti i personaggi possono usarla.\n⏎\k⏎⏎\\@MESSAGE@⏎A dire il vero, questi attacchi non sono invulnerabili per l'intera durata dell'azione: a un certo punto, l'invincibilità si esaurisce.\n⏎Se l'avversario si mette in guardia dall'attacco, o se l'attacco va a vuoto, il tuo personaggio sarà completamente esposto.\n⏎\k⏎⏎\\@MESSAGE@⏎Esercitiamoci un po' a interrompere la sequenza offensiva dell'avversario con degli attacchi invulnerabili.\n⏎\n⏎L'avversario eseguirà la seguente sequenza: \@A@>\@B@>\@C@>\@B+C@ caricato.\n⏎Prova a \c40FFCDinterromperla con un attacco invulnerabile\cX fra \@C@ e \@B+C@ caricato.\n⏎\n⏎Il trucco è immettere il comando dell'attacco speciale mentre sei in guardia\n⏎e premere il pulsante per concluderlo non appena esci dalla guardia.⏎\k";"";""
"tag_skill_053_00";"Guard - \@4or1@";"Guardia - \@4o1@";"";""
"tag_skill_053_01";"Interrupt the opponent's sequence with an invulnerable attack - \@623+B@";"Interrompi la sequenza dell'avversario con un attacco invulnerabile - \@623+B@";"";""
"tag_title_054";"Special Attacks with Follow-Up Commands";"Attacchi speciali con comandi a seguire";"";""
"tag_expla_054";"By inputting additional commands during a special attack,\n⏎you can perform unique \cFFCD40follow-up attacks.\cX\n⏎Follow-up attacks allow you to \c40FFCDextend your attack sequence and deal more damage.\cX";"Immettendo comandi aggiuntivi durante un attacco speciale, puoi eseguire dei particolari \cFFCD40attacchi a seguire\cX.\n⏎Questi ti permettono di \c40FFCDestendere la sequenza di attacco e infliggere più danni\cX.";"";""
"tag_start_054";"For some of them, you can choose whether executing the follow-up attack or not,\n⏎which keeps your opponent guessing about the timing they need to interrupt.⏎\k⏎⏎\\@MESSAGE@⏎Let's give follow-up commands a try!\n⏎\n⏎Hyde's \@214+AorBorC@ has a follow-up command.\n⏎By pressing \@4+AorBorC@ during the move, you can execute a unique follow-up attack.⏎\k";"Per alcuni di essi, potrai scegliere se eseguire o meno l'attacco a seguire,\n⏎e l'avversario non saprà se e quando interromperti.⏎\k⏎⏎\\@MESSAGE@⏎Proviamo i comandi degli attacchi a seguire!\n⏎\n⏎Il colpo \@214+AoBoC@ di Hyde ha un attacco a seguire.\n⏎Premendo \@4+AoBoC@ durante la mossa, potrai eseguire un attacco a seguire unico.⏎\k";"";""
"tag_skill_054_00";"Hit the opponent with special attack that has a follow-up command - \@214+AorBorC@";"Colpisci l'avversario con un attacco speciale che ha un comando a seguire - \@214+AoBoC@";"";""
"tag_skill_054_01";"Follow-up command - \@4+AorBorC@";"Comando a seguire - \@4+AoBoC@";"";""
"tag_title_055";"EX Special Attacks";"Attacchi speciali EX";"";""
"tag_expla_055";"You can spend 100% of your EXS gauge to perform \cFFCD40EX Special Attacks\cX\n⏎--\c40FFCDenhanced, more powerful versions\cX of special attacks.\n⏎This is done by pressing the \@C@ button for your special attack input.\n⏎Some EX special attacks require more than 100% EXS.";"Puoi consumare il 100% della tua barra EXS per eseguire \cFFCD40attacchi speciali EX\cX, ovvero \c40FFCDversioni potenziate\cX degli attacchi speciali.\n⏎Puoi farlo premendo \@C@ come input del tuo attacco speciale.\n⏎Alcuni attacchi speciali EX richiedono più del 100% di EXS.";"";""
"tag_start_055";"EX special attacks are more powerful than their normal counterparts.\n⏎They deal more damage and offer faster recovery times and \c40FFCDhigher performance.\cX\n⏎As an added bonus, they make you look way cooler, too--thanks to the flashy scenes\n⏎that appear when you use them.⏎\k⏎⏎\\@MESSAGE@⏎If you attempt to execute an EX special attack with less than 100% EXS,\n⏎you'll perform the \@B@ version of the attack instead.\n⏎This means that when your EXS gauge is low, \@236+B@ and \@236+C@ perform the same special attack.\n⏎\n⏎Let's try activating an EX special attack.\n⏎If you don't know the command for one, you can always refer to the \c40FFCDCommand List,\cX\n⏎accessible from the Pause Menu.⏎\k";"Gli attacchi speciali EX sono più potenti delle loro versioni normali.\n⏎Infliggono \c40FFCDpiù danni e hanno tempi di ripresa più brevi\cX.\n⏎Per di più, hanno animazioni fantastiche!⏎\k⏎⏎\\@MESSAGE@⏎Se tenti di eseguire un attacco speciale EX con meno del 100% di EXS,\n⏎attiverai la sua versione \@B@.\n⏎In pratica, quando la tua barra EXS non è piena, \@236+B@ e \@236+C@ eseguono lo stesso attacco speciale.\n⏎\n⏎Proviamo ad attivare un attacco speciale EX.\n⏎Se non conosci il comando per eseguirne uno, consulta l'\c40FFCDElenco dei comandi\cX,\n⏎accessibile dal menu di pausa.⏎\k";"";""
"tag_skill_055_00";"EX Special Attack - Activate a special attack with the \@C@ button";"Attacco speciale EX - Attiva un attacco speciale con \@C@";"";""
"tag_title_056";"Infinite Worth";"Infinite Worth";"";""
"tag_expla_056";"An \cFFCD40Infinite Worth\cX is a \c40FFCDvery powerful attack\cX that consumes 200% EXS.\n⏎Perform it by inputting \@41236+D@ when your EXS gauge is at 200%.";"\cFFCD40Infinite Worth\cX è un \c40FFCDattacco molto potente\cX che consuma il 200% dell'EXS.\n⏎Eseguilo immettendo \@41236+D@ quando la tua barra EXS è al 200%.";"";""
"tag_start_056";"We know what you're wondering, and yes, an even bigger and flashier cutscene will make you look\n⏎absolutely badass when you do it.\n⏎As if that weren't enough, Infinite Worths are invulnerable attacks that deal a lot of damage,\n⏎making them ideal choices for epic comebacks.⏎\k";"Sappiamo che te lo stai chiedendo, e sì, un'animazione ancora più lunga e appariscente ti darà un'aria da boss totale.\n⏎Come se non fosse abbastanza, gli Infinite Worth sono attacchi invulnerabili che infliggono danni ingenti, la scelta ideale per contrattacchi epici.⏎\k";"";""
"tag_skill_056_00";"Infinite Worth - \@41236+D@";"Infinite Worth - \@41236+D@";"";""
"tag_title_057";"Infinite Worth EXS";"Infinite Worth EXS";"";""
"tag_expla_057";"An \cFFCD40Infinite Worth EXS\cX is the \c40FFCDultimate\cX special attack.\n⏎Perform it by pressing \@A+B+C+D@ when your EXS gauge is high enough\n⏎for a regular Infinite Worth AND you have less than 30% health.";"Un \cFFCD40Infinite Worth EXS\cX è l'attacco speciale \c40FFCDsupremo\cX.\n⏎Eseguilo premendo \@A+B+C+D@ quando la tua barra EXS è abbastanza piena da attivare un Infinite Worth normale e hai meno del 30% di salute.⏎";"";""
"tag_start_057";"If you pull off an Infinite Worth EXS, an epic cutscene will let everyone in the room\n⏎know just how awesome you are.\n⏎These invulnerable, highly damaging attacks make great last resort plays.⏎\k";"Se riesci a eseguire un Infinite Worth EXS, attiverai un filmato epico che dimostrerà a tutti i presenti quant'è figo il tuo personaggio.\n⏎Questi attacchi invulnerabili e dannosissimi sono perfetti per situazioni estreme.⏎\k";"";""
"tag_skill_057_00";"Infinite Worth EXS - \@A+B+C+D@";"Infinite Worth EXS - \@A+B+C+D@";"";""
"tag_title_058";"Infinite Worth EXS Drawbacks";"Svantaggi di Infinite Worth EXS";"";""
"tag_expla_058";"Though Infinite Worth EXS is powerful, it has its downsides. \c40FFCDPerforming an\n⏎Infinite Worth EXS while you're not in the Vorpal state will leave you in the\n⏎GRD Break state.\cX That's not a situation you want to be in, so we suggest only\n⏎using Infinite Worth EXS when you think it'll finish off your opponent.";"Per quanto Infinite Worth EXS sia potente, ha i suoi lati negativi.\n⏎\c40FFCDEseguirlo mentre non sei in stato Vorpal ti lascerà in stato di Interruzione GRD\cX.\n⏎Non è una situazione piacevole, quindi ti suggeriamo di usare un Infinite Worth EXS solo quando pensi che metterà KO l'avversario.";"";""
"tag_start_058";"Also note that the Vorpal state will end when the Infinite Worth EXS does.\n⏎If the attack lands, these drawbacks won't occur.⏎\k";"Ricorda anche che lo stato Vorpal terminerà alla fine di Infinite Worth EXS.\n⏎Se l'attacco colpisce, questi svantaggi non si verificheranno.⏎\k";"";""
"tag_title_059";"Canceling";"Annullamento";"";""
"tag_expla_059";"\c40FFCDCanceling the animation of one move before it finishes\cX and performing\n⏎a different move is called... \cFFCD40canceling!\cX\n⏎Repeatedly tap attack buttons to cancel attack animations into a combo.";"\c40FFCDL'azione di annullare l'animazione di una mossa prima che termini\cX ed eseguire una mossa diversa si chiama... \cFFCD40annullamento\cX!\n⏎Tocca più volte i pulsanti di attacco per annullare le animazioni di attacco in una combo.";"";""
"tag_start_059";"Keep in mind, however, that you cannot cancel an attack that misses your opponent.\n⏎\k⏎⏎\\@MESSAGE@⏎After pressing the \@A@ attack button, immediately press the \@B@ button.\n⏎If you cancel the first attack animation properly, the two attacks should hit the opponent \c40FFCDconsecutively!\cX\n⏎\k";"Ricorda però che non puoi annullare un attacco che manca l'avversario.\n⏎\k⏎⏎\\@MESSAGE@⏎Dopo aver premuto il pulsante di attacco \@A@, premi subito il pulsante \@B@.\n⏎Se annulli correttamente l'animazione del primo attacco, i due attacchi colpiranno l'avversario \c40FFCDconsecutivamente\cX!\n⏎\k";"";""
"tag_skill_059_00";"Hit with Standing \@A@ - \@A@ near the opponent";"Colpisci con \@A@ in piedi - \@A@ vicino all'avversario";"";""
"tag_skill_059_01";"Cancel Standing \@A@ and hit with Standing \@B@ - \@B@ immediately after hit";"Annulla \@A@ in piedi e colpisci con \@B@ in piedi - \@B@, subito dopo il colpo";"";""
"tag_title_060";"Combos";"Combo";"";""
"tag_expla_060";"Because a character cannot guard while already being hit,\n⏎you can use \cFFCD40combos\cX to hit them multiple times.\n⏎⏎Combos are a crucial part of gameplay, as they can \c40FFCDshave off large chunks of your opponent's health!\cX⏎";"Dato che un personaggio non può mettersi in guardia mentre viene già colpito,\n⏎puoi usare le \cFFCD40combo\cX per colpirlo più volte.\n⏎Le combo sono una componente cruciale del gioco, in quanto possono \c40FFCDtogliere molta salute all'avversario\cX!⏎";"";""
"tag_start_060";"The hit counter will increase during a successful combo.\n⏎\k⏎⏎\\@MESSAGE@⏎In this challenge, try performing a \c40FFCD3-hit combo.\cX\n⏎\n⏎After hitting the opponent with the \@A@ button, immediately press the \@B@ button for a 2-hit combo.\n⏎Then continue on and press the \@C@ for a 3-hit combo!\n⏎\n⏎Try rapidly pressing the \@A@ button, \@B@ button, and \@C@ button in order!⏎\k";"Il contatore di colpi aumenterà durante una combo riuscita.\n⏎\k⏎⏎\\@MESSAGE@⏎In questa sfida, prova a eseguire una \c40FFCDcombo da 3 colpi\cX.\n⏎\n⏎Dopo aver colpito l'avversario con \@A@, premi subito \@B@ per una combo da 2 colpi.\n⏎Poi prosegui e premi \@C@ per una combo da 3 colpi!\n⏎\n⏎Prova a premere rapidamente \@A@, \@B@ e \@C@ in quest'ordine!⏎\k";"";""
"tag_skill_060_00";"Land a 3-hit combo - \@A@>\@B@>\@C@ etc.";"Metti a segno una combo da 3 colpi - \@A@>\@B@>\@C@ ecc.";"";""
"tag_title_061";"Canceling into a Special Attack";"Annullamento in attacco speciale";"";""
"tag_expla_061";"With \cFFCD40canceling\cX, you can perform a \c40FFCDnormal attack and a special attack\cX\n⏎consecutively. Try executing a special attack immediately\n⏎after landing a normal attack!";"\cFFCD40Annullando\cX, puoi eseguire \c40FFCDun attacco normale e un attacco speciale\cX di seguito.\n⏎Prova a eseguire un attacco speciale subito dopo aver messo a segno un attacco normale!";"";""
"tag_start_061";"Canceling into special attacks is a bit tricky.\n⏎The key to success is to start inputting the special attack command\n⏎after doing the normal attack input, but \c40FFCDbefore it hits.\cX⏎\k";"Annullare in attacco speciale può essere difficile.\n⏎La chiave del successo è iniziare a inserire il comando di attacco speciale dopo aver dato l'input per l'attacco normale, ma \c40FFCDprima che colpisca\cX.⏎\k";"";""
"tag_skill_061_00";"Hit the opponent with Standing \@C@ - \@C@";"Colpisci l'avversario con \@C@ in piedi - \@C@";"";""
"tag_skill_061_01";"Hit the opponent with \@236+A@ - \@236+A@";"Colpisci l'avversario con \@236+A@ - \@236+A@";"";""
"tag_title_062";"Combos Using Jump Canceling";"Combo che usano l'annullamento in salto";"";""
"tag_expla_062";"Closing the gap between two attacks with a jump is called \cFFCD40jump canceling!\cX\n⏎Using this technique, you can \c40FFCDpursue your opponent after launching them\n⏎in the air with a normal attack.\cX\n⏎Jump cancel combos often deal more damage than grounded combos!";"Chiudere l'intervallo tra due attacchi con un salto si chiama \cFFCD40annullamento in salto!\cX\n⏎Usando questa tecnica, puoi \c40FFCDinseguire l'avversario dopo averlo lanciato in aria con un attacco normale\cX.\n⏎Le combo con annullamento in salto spesso infliggono più danni delle combo a terra!";"";""
"tag_start_062";"Make sure to practice using attacks that launch your opponent into the air--\n⏎and how to follow up with more attacks after that!\n⏎But remember, you can only jump cancel once during any given combo. ⏎\k";"Fai pratica con gli attacchi che lanciano in aria l'avversario...\n⏎e con gli attacchi che puoi sferrare a seguire!\n⏎Ma ricorda: puoi usare l'annullamento in salto solo una volta durante una data combo. ⏎\k";"";""
"tag_skill_062_02";"Jump Cancel - \@9@";"Annulla in salto - \@9@";"";""
"tag_skill_062_03";"\@A@ in midair";"\@A@ a mezz'aria";"";""
"tag_title_063";"Smart Steer";"Manovre smart";"";""
"tag_expla_063";"\cFFCD40Smart Steer\cX allows you to execute combos just by repeatedly tapping\n⏎the \@A@ button. This gives you access to \n⏎\c40FFCDpowerful combos with easy controls\cX, so it's a must-try!";"\cFFCD40Manovre smart\cX ti permette di eseguire combo premendo rapidamente \@A@ più volte.\n⏎Questo ti dà accesso a \c40FFCDcombo potenti con comandi facili\cX, perciò è assolutamente da provare!";"";""
"tag_start_063";"It's simple: once you hit the opponent with a standing \@A@, just continue to repeatedly tap \@A@!\n⏎Be careful not to press any directional buttons while tapping \@A@, though.\n⏎\n⏎Also, remember that if the attack hits, you can directly trigger a finishing move with \@A+B@!⏎\k⏎";"È semplice: una volta che hai colpito l'avversario con \@A@ in piedi, continua a premere rapidamente \@A@ più e più volte!\n⏎Fai attenzione a non premere nessuna direzione mentre premi \@A@, però.\n⏎\n⏎Inoltre, ricorda che se l'attacco colpisce, puoi attivare direttamente una mossa finale con \@A+B@!⏎\k⏎";"";""
"tag_skill_063_00";"Hit the opponent with Smart Steer - Tap Standing \@A@";"Colpisci l'avversario con Manovre smart - Premi rapidamente \@A@ in piedi";"";""
"tag_skill_063_01";"\@B@";"\@B@";"";""
"tag_skill_063_02";"\@C@";"\@C@";"";""
"tag_skill_063_03";"Smart Steer - \@A+B@";"Manovre smart - \@A+B@";"";""
"tag_title_064";"Passing Link";"Passing Link";"";""
"tag_expla_064";"\cFFCD40Passing Link\cX lets you \c40FFCDcancel a normal attack into another normal attack.\cX\n⏎For example, if you press \@A>B>C@ in sequence, you can execute\n⏎a standing \@A@> standing\@B@> standing\@C@ combo.";"Il \cFFCD40Passing Link\cX ti consente di \c40FFCDannullare un attacco normale in un altro attacco normale\cX.\n⏎Ad esempio, se premi \@A>B>C@ in sequenza, puoi eseguire una combinazione\n⏎di \@A@ in piedi > \@B@ in piedi > \@C@ in piedi.";"";""
"tag_start_064";"Using Passing Link, you can perform combos by simply\n⏎inputting attack buttons in order, so be sure to practice it!⏎\k⏎⏎\\@MESSAGE@⏎Note that you cannot use the same move twice during Passing Link.\n⏎\n⏎For example, if you press \@A>B>C>A@,\n⏎the last Standing \@A@ will not activate, because you already used it at the beginning of the sequence.\n⏎\k";"Con il Passing Link puoi eseguire combo usando\n⏎semplicemente i pulsanti di attacco in ordine, perciò ricorda di fare pratica!⏎\k⏎⏎\\@MESSAGE@⏎Ricorda che non puoi usare la stessa mossa due volte durante il Passing Link.\n⏎\n⏎Ad esempio, se premi \@A>B>C>A@,\n⏎l'ultimo \@A@ in piedi non si attiverà, perché l'hai già usato all'inizio della sequenza.\n⏎\k";"";""
"tag_title_065";"Passing Link (Crouching)";"Passing Link (rannicchiato)";"";""
"tag_expla_065";"\cFFCD40Passing Link\cX can be used on \c40FFCDcrouching attacks\cX, too.";"Il \cFFCD40Passing Link\cX può essere usato anche con gli \c40FFCDattacchi rannicchiati\cX.";"";""
"tag_start_065";"Press \@A>B>C@ while holding \@2@\n⏎to execute a crouching \@A@> crouching \@B@> crouching \@C@ combo.⏎\k";"Premi \@A>B>C@ mentre tieni premuto \@2@\n⏎per eseguire una combinazione \@A@ rannicchiato > \@B@ rannicchiato > \@C@ rannicchiato.⏎\k";"";""
"tag_title_066";"Passing Link (Standing/Crouching) ";"Passing Link (in piedi/rannicchiato)";"";""
"tag_expla_066";"You can \c40FFCDcombine\cX both standing and crouching attacks with \cFFCD40Passing Link.\cX\n⏎Of course, since standing attacks and crouching attacks\n⏎with the same button are different attacks,\n⏎you can use standing \@A@ and crouching \@A@ in the same Passing Link!⏎";"Puoi \c40FFCDcombinare\cX attacchi sia in piedi sia rannicchiati con il \cFFCD40Passing Link\cX.\n⏎Ovviamente, dato che gli attacchi in piedi e gli attacchi rannicchiati con lo stesso pulsante sono attacchi diversi,\n⏎puoi usare \@A@ in piedi e \@A@ rannicchiato nello stesso Passing Link!⏎";"";""
"tag_start_066";"Incorporating many attacks into your Passing Link\n⏎will significantly increase your combo damage.⏎\k";"Incorporare molti attacchi nel Passing Link\n⏎aumenterà di molto il danno della combo.⏎\k";"";""
"tag_title_067";"Passing Link (Reverse)";"Passing Link (inverso)";"";""
"tag_expla_067";"\cFFCD40Passing Link\cX works with more than just the \@A>B>C@ sequence.\n⏎In fact, you can \c40FFCDfreely construct combo sequences\cX,\n⏎like \@C>B>A@ and \@A>C>B@.";"Il \cFFCD40Passing Link\cX funziona con più della semplice sequenza \@A>B>C@.\n⏎Di fatto, puoi \c40FFCDcreare liberamente sequenze di combo\cX, come \@C>B>A@ e \@A>C>B@.";"";""
"tag_start_067";"However, you'll need to watch out with sequences like \@C>A@.\n⏎\@A@ attacks usually have shorter range than \@C@ attacks,\n⏎so that \@A@ might miss if you aren't careful.⏎\k";"Tuttavia, dovrai fare attenzione a sequenze come \@C>A@.\n⏎Gli attacchi \@A@ di solito hanno una portata più breve degli attacchi \@C@,\n⏎quindi quel \@A@ potrebbe mancare il colpo se non fai attenzione.⏎\k";"";""
"tag_title_068";"Passing Link (Jumping)";"Passing Link (salto)";"";""
"tag_expla_068";"You can use \cFFCD40Passing Link\cX on jump attacks, as well.\n⏎\c40FFCDPassing Link is essential\cX to aerial gameplay,\n⏎because you can't use Smart Steer in midair.";"Puoi usare il \cFFCD40Passing Link\cX anche sugli attacchi in salto.\n⏎\c40FFCDIl Passing Link è essenziale\cX per il gioco in aria,\n⏎perché non puoi usare le Manovre smart a mezz'aria.";"";""
"tag_start_068";"Let's try using Passing Link with jump attacks.\n⏎\n⏎Passing Link in the air requires quick execution.\n⏎If you mistime your inputs, you'll end up falling back down.⏎\k";"Proviamo a usare il Passing Link con gli attacchi in salto.\n⏎\n⏎Il Passing Link in aria richiede un'esecuzione rapida.\n⏎Se sbagli i comandi, finirai per cadere a terra.⏎\k";"";""
"tag_skill_068_00";"\@A@ in midair";"\@A@ a mezz'aria";"";""
"tag_skill_068_01";"\@B@ in midair";"\@B@ a mezz'aria";"";""
"tag_skill_068_02";"\@C@ in midair";"\@C@ a mezz'aria";"";""
"tag_title_069";"Combos Using Special Attacks";"Combo con attacchi speciali";"";""
"tag_expla_069";"Input a \cFFCD40special attack command from a Passing Link\cX to cancel the recovery of\n⏎your normal attack into a special attack. \c40FFCDComboing into high-damage\n⏎special attacks like this is a bread-and-butter fighting game technique.\cX⏎";"Esegui un \cFFCD40comando di attacco speciale da un Passing Link\cX\n⏎per annullare la ripresa dall'attacco normale in un attacco speciale.\n⏎\c40FFCDCreare combo con attacchi speciali ad alto danno come questo ⏎è una tecnica fondamentale nei picchiaduro\cX.";"";""
"tag_start_069";"Special attacks deal a lot of damage, but they start slowly.\n⏎In most cases, you'll need to cancel from a heavy attack like \@C@ to properly combo into them.⏎\k";"Gli attacchi speciali infliggono molti danni, ma iniziano lentamente.\n⏎Nella maggior parte dei casi, dovrai annullare da un attacco pesante come \@C@ per allineare bene la combo.⏎\k";"";""
"tag_skill_069_00";"Standing \@A@ - \@A@";"\@A@ in piedi - \@A@";"";""
"tag_skill_069_01";"Standing \@B@ - \@B@";"\@B@ in piedi - \@B@";"";""
"tag_skill_069_02";"Standing \@C@ - \@C@";"\@C@ in piedi - \@C@";"";""
"tag_skill_069_04";"Follow-up \@4+B@";"\@4+B@ a seguire";"";""
"tag_skill_069_05";"Follow-up \@4+B@";"\@4+B@ a seguire";"";""
"tag_title_070";"Combos Using Infinite Worth";"Combo che usano Infinite Worth";"";""
"tag_expla_070";"You can cancel into \cFFCD40Infinite Worth\cX from certain normal attacks and \n⏎special attacks. Incorporating Infinite Worth into a combo can\n⏎\c40FFCDgreatly increase your damage output.\cX";"Puoi annullare in \cFFCD40Infinite Worth\cX da alcuni attacchi normali e attacchi speciali.\n⏎Incorporare Infinite Worth in una combo può \c40FFCDaumentare di molto i danni inflitti\cX.";"";""
"tag_start_070";"Try incorporating Infinite Worth into your combo.\n⏎\n⏎You can cancel the landing recovery of Hyde's \@6+B@ follow-up from his \@236+A@ special\n⏎into an EX special attack or Infinite Worth.\n⏎\n⏎The trick is to complete the \@41236+D@ command the moment you land on the ground\n⏎from the follow-up attack.⏎\k";"Prova a incorporare un Infinite Worth nella tua combo.\n⏎\n⏎Puoi annullare la ripresa in atterraggio del \@6+B@ a seguire di Hyde dal suo \@236+A@ speciale\n⏎in un attacco speciale EX o Infinite Worth.⏎\n⏎Il trucco è completare il comando \@41236+D@ nel momento in cui atterri dall'attacco a seguire.⏎\k";"";""
"tag_skill_070_00";"Standing \@A@ - \@A@";"\@A@ in piedi - \@A@";"";""
"tag_skill_070_01";"Standing \@B@ - \@B@";"\@B@ in piedi - \@B@";"";""
"tag_skill_070_02";"Standing \@C@ - \@C@";"\@C@ in piedi - \@C@";"";""
"tag_skill_070_03";"\@236+A@";"\@236+A@";"";""
"tag_skill_070_04";"Follow-up \@6+B@";"\@6+B@ a seguire";"";""
"tag_skill_070_05";"\@41236+D@";"\@41236+D@";"";""
"tag_title_071";"Combos from Jump Attacks";"Combo da attacchi in salto";"";""
"tag_expla_071";"If you hit with a \cFFCD40jump attack\cX while close to the ground, then\n⏎\c40FFCDimmediately perform a ground attack,\cX the two attacks will form a combo.\n⏎Then you can use Passing Link to deal further damage!";"Se colpisci con un \cFFCD40attacco in salto\cX in prossimità del suolo e poi \c40FFCDesegui immediatamente un attacco a terra\cX, i due attacchi formeranno una combo.\n⏎Quindi puoi usare il Passing Link per infliggere ancora più danni!";"";""
"tag_start_071";"Be careful not to hit the opponent too high off the ground!\n⏎That will delay the ground attack, leaving too large a gap between the attacks to connect into a combo.";"Fai attenzione a non colpire l'avversario troppo in alto rispetto a terra!\n⏎Questo ritarderebbe l'attacco a terra, lasciando un varco troppo ampio tra gli attacchi per collegare una combo.";"";""
"tag_skill_071_00";"\@C@ in midair";"\@C@ a mezz'aria";"";""
"tag_title_072";"Damage Scaling";"Variazione di danno";"";""
"tag_expla_072";"The amount of damage each attack does during a combo decreases due to\n⏎\cFFCD40damage scaling.\cX If you \c40FFCDstart off the combo with a highly damaging attack,\cX\n⏎that will increase the overall combo damage.";"La quantità di danno inflitta da ciascun attacco durante una combo diminuisce a causa della \cFFCD40variazione di danno\cX.\n⏎Se \c40FFCDinizi la combo con un attacco con un danno elevato\cX,\n⏎il danno complessivo della combo aumenterà.";"";""
"tag_start_072";"Let's compare the overall damage between a combo that starts with \@A@\n⏎and a combo that starts with \@B@.\n⏎\n⏎You can see that the overall combo damage is higher\n⏎for the combo that starts with a more damaging attack.⏎\k";"Confrontiamo il danno complessivo tra una combo che inizia con \@A@\n⏎e una combo che inizia con \@B@.\n⏎\n⏎Come vedi, il danno complessivo della combo è più alto\n⏎per la combo che inizia con un attacco dal danno più alto.⏎\k";"";""
"tag_skill_072_00";"\@A@ (200 DAMAGE)";"\@A@ (DANNO 200)";"";""
"tag_skill_072_01";"\@B@ (581 DAMAGE)";"\@B@ (DANNO 581)";"";""
"tag_skill_072_02";"\@C@ (981 DAMAGE)";"\@C@ (DANNO 981)";"";""
"tag_skill_072_03";"\@B@ (570 DAMAGE)";"\@B@ (DANNO 570)";"";""
"tag_skill_072_04";"\@C@ (1004 DAMAGE)";"\@C@ (DANNO 1004)";"";""
"tag_title_073";"Bounce Limit";"Limite di rimbalzo";"";""
"tag_expla_073";"If you \cFFCD40bounce your opponent off the wall or floor three times\cX during a combo,\n⏎they will \c40FFCDbecome invulnerable\cX until they recover from being hit. This means\n⏎you won't be able to chase them down any further for additional damage.";"Se \cFFCD40fai rimbalzare l'avversario contro il muro o il pavimento tre volte\cX durante una combo,\n⏎\c40FFCDdiventerà invulnerabile\cX finché non si riprende dal colpo subito.\n⏎Questo significa che non potrai sferrare altri colpi a seguire per infliggere danni aggiuntivi.";"";""
"tag_start_073";"The color of the gauge shown under the hit counter will change color when your opponent is invulnerable.⏎\k⏎⏎\\@MESSAGE@⏎Bounce your opponent off the wall or floor three times\n⏎and see for yourself that you can't deal additional damage.⏎\k";"Il colore della barra sotto il contatore di colpi cambierà quando l'avversario sarà invulnerabile.⏎\k⏎⏎\\@MESSAGE@⏎Fai rimbalzare l'avversario contro il muro o il pavimento tre volte\n⏎per verificare che non puoi infliggere danni aggiuntivi!⏎\k";"";""
"tag_skill_073_00";"Crouching \@C@ (Floor Bounce) - \@2+C@";"\@C@ rannicchiato (rimbalzo sul pavimento) - \@2+C@";"";""
"tag_skill_073_01";"Increased Standing \@C@ -  Hold \@C@";"\@C@ in piedi incrementato - tieni premuto \@C@";"";""
"tag_skill_073_02";"\@B+C@ (Wall Bounce)";"\@B+C@ (rimbalzo sul muro)";"";""
"tag_skill_073_03";"Standing \@B@ - \@B@";"\@B@ in piedi - \@B@";"";""
"tag_skill_073_04";"\@B+C@ (Wall Bounce)";"\@B+C@ (rimbalzo sul muro)";"";""
"tag_skill_073_05";"Standing \@B@ (whiff) - \@B@";"\@B@ in piedi (a vuoto) - \@B@";"";""
"tag_title_074";"Smart Steer to Repeat Moves in Passing Links";"Passing Link della stessa mossa con Manovre smart";"";""
"tag_expla_074";"With \cFFCD40Smart Steer,\cX you can use \c40FFCDmoves that you've already used\cX with Passing Link.\n⏎If you only input \@B>C>A>B@, the last Standing \@B@ won't occur.\n⏎But if you input \@B>C>A>A@, you can perform Standing \@B@ again,\n⏎since it's the second hit of Smart Steer.";"Con \cFFCD40Manovre smart\cX, puoi usare \c40FFCDmosse che hai già usato\cX in un Passing Link.\n⏎Se usi solo il comando \@B>C>A>B@, non eseguirai l'ultimo \@B@ in piedi.\n⏎Ma se usi \@B>C>A>A@, puoi eseguire di nuovo \@B@ in piedi, perché è il secondo colpo di Manovre smart.";"";""
"tag_start_074";"Try using Smart Steer to incorporate two Standing \@B@ attacks in a combo.\n⏎\k⏎⏎\\@MESSAGE@⏎Using this technique will not only deal more damage,\n⏎but also let you extend your Passing Link sequence in a variety of ways if it's blocked.⏎\k";"Prova a usare Manovre smart per incorporare due attacchi \@B@ in piedi in una combo.\n⏎\k⏎⏎\\@MESSAGE@⏎Usare questa tecnica non solo infliggerà più danni,\n⏎ma ti darà anche la possibilità di estendere il Passing Link in diversi modi, se viene parata.⏎\k";"";""
"tag_skill_074_00";"Standing \@B@ - \@B@";"\@B@ in piedi - \@B@";"";""
"tag_skill_074_01";"Standing \@C@ - \@C@";"\@C@ in piedi - \@C@";"";""
"tag_skill_074_02";"Standing \@A@ (Smart Steer) - \@A@";"\@A@ in piedi (Manovre smart) - \@A@";"";""
"tag_skill_074_03";"Standing \@B@ (Smart Steer) - \@A@";"\@B@ in piedi (Manovre smart) - \@A@";"";""
"tag_title_075";"Recovery Scaling";"Variazione di ripresa";"";""
"tag_expla_075";"Every time an attack hits your opponent during a combo, they undergo\n⏎\cFFCD40recovery scaling.\cX This \c40FFCDreduces the time it takes for them to recover from\n⏎being hit\cX later in the combo. The amount of recovery scaling applied varies\n⏎greatly, depending on the attack used to start the combo.";"Ogni volta che un attacco di una tua combo colpisce l'avversario, questo subisce una \cFFCD40variazione\n⏎della ripresa\cX. Questa variazione \c40FFCDriduce il suo tempo di ripresa dai colpi successivi\cX della combo.\n⏎La quantità di variazione di ripresa applicata varia notevolmente, a seconda dell'attacco utilizzato per iniziare la combo.";"";""
"tag_start_075";"Keep in mind that even slight differences in the structure of combos\n⏎lead to differences in how long it takes your opponent to recover.⏎\k⏎⏎\\@MESSAGE@⏎If you start a combo with an \@A@ attack or Assault Jump,\n⏎\c40FFCDrecovery scaling will start at a stricter level,\cX\n⏎meaning you won't be able to continue the combo for very long.\n⏎\n⏎Landing a counter hit will grant a bonus to recovery scaling,\n⏎though, letting you chain longer combos than normal.";"Ricorda che anche lievi differenze nella struttura delle combo\n⏎portano a differenze nel tempo di ripresa dell'avversario.⏎\k⏎⏎\\@MESSAGE@⏎Se inizi una combo con un attacco \@A@ o l'Assalto in salto,\n⏎\c40FFCDla variazione di ripresa inizierà a un livello più limitato\cX,\n⏎il che significa che non potrai continuare la combo per molto.\n⏎\n⏎Tuttavia, mettere a segno un colpo di contrasto darà un bonus alla variazione di ripresa,\n⏎perciò potrai concatenare combo più lunghe del normale.";"";""
"tag_title_076";"Same Attack Limit";"Limite di attacchi uguali";"";""
"tag_expla_076";"If you hit your opponent with \c40FFCDcertain attacks twice or more\cX in the same combo,\n⏎they will immediately recover. That means those moves have a \cFFCD40Same Attack Limit.\cX";"Se colpisci l'avversario con \c40FFCDdeterminati attacchi due o più volte\cX nella stessa combo,\n⏎si riprenderà immediatamente. Questo significa che quelle mosse hanno un \cFFCD40limite di attacchi uguali\cX.";"";""
"tag_start_076";"Generally, attacks that launch your opponent into the air\n⏎or leave them unable to recover for a long time will have Same Attack Limits.";"In generale, gli attacchi che scaraventano in aria l'avversario\n⏎o lo lasciano incapace di riprendersi per molto tempo avranno limiti di attacchi uguali.";"";""
"tag_skill_076_01";"Follow-up \@6+A@";"\@6+A@ a seguire";"";""
"tag_skill_076_03";"Follow-up \@6+A@";"\@6+A@ a seguire";"";""
"tag_skill_076_04";"\@236+A@ (doesn't connect)";"\@236+A@ (non va a segno)";"";""
"tag_title_077";"Delayed Cancel Combos";"Combo con annullamento con ritardo";"";""
"tag_expla_077";"Sometimes you can \c40FFCDextend combos\cX by adjusting your opponent's altitude\n⏎during them--especially air combos.\n⏎This is done with a \cFFCD40Delayed Cancel.\cX";"A volte puoi \c40FFCDestendere le combo\cX facendo in modo che l'avversario cambi altitudine, specialmente le combo aeree.\n⏎Questo è possibile con un \cFFCD40annullamento con ritardo\cX.";"";""
"tag_start_077";"Waiting a little longer than usual before starting an attack is called \cFFCD40delaying.\cX\n⏎By delaying the timing at which you cancel into the next attack in a combo,\n⏎you can also change the timing of when it hits.\n⏎This is called \cFFCD40Delay Canceling.\cX\n⏎\k⏎⏎\\@MESSAGE@⏎For example, you can delay Hyde's \@214+B@ follow-up attack to hit your opponent when they're lower.\n⏎This will give you a chance to chase them down for additional damage when they're knocked down.⏎\k";"Aspettare appena più del solito prima di iniziare un attacco si chiama \cFFCD40ritardo\cX.\n⏎Ritardando il momento in cui annulli nell'attacco successivo di una combo, puoi anche cambiare il tempismo con cui va a segno.\n⏎Questo si chiama \cFFCD40annullamento con ritardo\cX.\n⏎\k⏎⏎\\@MESSAGE@⏎Ad esempio, puoi ritardare l'attacco \@214+B@ a seguire di Hyde per colpire l'avversario quando è più in basso.\n⏎Questo ti darà la possibilità di inseguirlo per sferrare danni aggiuntivi quando è al tappeto.⏎\k";"";""
"tag_skill_077_00";"Crouching \@C@ - \@2+C@";"\@C@ rannicchiato - \@2+C@";"";""
"tag_skill_077_01";"Increased Standing \@C@ - Hold \@C@";"\@C@ in piedi incrementato - tieni premuto \@C@";"";""
"tag_skill_077_03";"Delayed follow-up \@4+B@";"\@4+B@ a seguire con ritardo";"";""
"tag_skill_077_04";"Delayed follow-up \@4+B@";"\@4+B@ a seguire con ritardo";"";""
"tag_title_078";"Guard";"Guardia";"";""
"tag_expla_078";"By holding a backward direction (\@4@ or \@1@),\n⏎you can \cFFCD40block your opponent's attacks\cX and \c40FFCDnullify or reduce their damage.\cX\n⏎The safest option is to use \@1@ for guarding!⏎";"Tenendo premuta una direzione all'indietro (\@4@ o \@1@),\n⏎puoi \cFFCD40parare gli attacchi dell'avversario\cX e \c40FFCDannullare o ridurre i danni subiti\cX.\n⏎L'opzione più sicura è usare \@1@ per la guardia!⏎";"";""
"tag_start_078";"The opponent will approach and attack you. No need to panic! Just try \c40FFCDguarding the attack.\cX⏎\k⏎";"L'avversario si avvicinerà e ti attaccherà. Niente panico! Prova semplicemente a \c40FFCDmetterti in guardia contro l'attacco\cX.⏎\k⏎";"";""
"tag_skill_078_00";"Guard - Hold backward (while facing right: \@4or1@) and guard against the opponent's attack";"Guardia - tieni premuto indietro (guardando a destra: \@4o1@) e mettiti in guardia contro l'attacco dell'avversario";"";""
"tag_title_079";"Crouching Guard";"Guardia rannicchiata";"";""
"tag_expla_079";"Hold the directional button in the \@1@ position for a \cFFCD40Crouching Guard.\cX\n⏎While doing this, your character will \c40FFCDcrouch in place,\n⏎as if ready for an incoming attack.\cX";"Tieni premuto il pulsante direzionale in posizione \@1@ per una \cFFCD40guardia rannicchiata\cX.\n⏎Quando lo fai, il tuo personaggio si \c40FFCDrannicchia sul posto, come per prepararsi a un attacco in arrivo\cX.";"";""
"tag_start_079";"The opponent will attack you. Try a crouching guard.⏎\k";"L'avversario ti attaccherà. Prova una guardia rannicchiata.⏎\k";"";""
"tag_skill_079_00";"Crouching Guard - \@1@";"Guardia rannicchiata - \@1@";"";""
"tag_title_080";"Standing Guard";"Guardia in piedi";"";""
"tag_expla_080";"Hold the directional button in the \@4@ position for a \cFFCD40Standing Guard.\cX\n⏎While doing this, your character will \c40FFCDwalk backwards, as if ready for\n⏎an incoming attack.\cX Remember that \c40FFCDonly standing guards can block jump attacks!\cX";"Tieni premuto il pulsante direzionale in posizione \@4@ per una \cFFCD40guardia in piedi\cX.\n⏎Mentre lo fai, il tuo personaggio \c40FFCDcamminerà all'indietro,\n⏎come per prepararsi a un attacco in arrivo\cX.\n⏎Ricorda che solo la guardia in piedi può parare gli attacchi in salto!";"";""
"tag_start_080";"The opponent will use a jump attack. Try a standing guard.⏎\k";"L'avversario userà un attacco in salto. Prova una guardia in piedi.⏎\k";"";""
"tag_skill_080_00";"Standing Guard - \@4@";"Guardia in piedi - \@4@";"";""
"tag_title_081";"Crouching Guard Against Low Attacks";"Guardia rannicchiata contro gli attacchi bassi";"";""
"tag_expla_081";"\cFFCD40Low attacks\cX are attacks that can only be blocked by \c40FFCDcrouching guards.\cX\n⏎While on the ground, watch for low attacks and block them while crouching.";"\cFFCD40Gli attacchi bassi\cX sono attacchi che possono essere parati solo in \c40FFCDguardia rannicchiata\cX.\n⏎Mentre sei a terra, fai attenzione agli attacchi bassi e parali con la guardia rannicchiata.";"";""
"tag_start_081";"The opponent will run up and use a low attack. Try a crouching guard.⏎\k";"L'avversario correrà verso di te e userà un attacco basso. Prova una guardia rannicchiata.⏎\k";"";""
"tag_skill_081_00";"Crouching Guard - \@1@";"Guardia rannicchiata - \@1@";"";""
"tag_title_082";"Standing Guard Against Overhead Attacks";"Guardia contro gli attacchi discendenti";"";""
"tag_expla_082";"\cFFCD40Overhead attacks\cX are powerful and \c40FFCDcan only be blocked while standing.\cX\n⏎Overheard attacks have fewer variations than low attacks.\n⏎They're slower, too. But remember that crouching guards won't stop them!";"Gli \cFFCD40attacchi discendenti\cX sono potenti e \c40FFCDpossono essere parati solo in piedi\cX.\n⏎Gli attacchi discendenti hanno meno variazioni rispetto agli attacchi bassi.\n⏎Inoltre, anche se sono più lenti, ricorda che le guardie rannicchiate non li fermeranno!";"";""
"tag_start_082";"The opponent will run up and use an overhead attack. Try a standing guard.";"L'avversario correrà e userà un attacco discendente. Prova una guardia in piedi.";"";""
"tag_skill_082_00";"Standing Guard - \@4@";"Guardia in piedi - \@4@";"";""
"tag_title_083";"Blocking Jump Attack Combos";"Parare le combo con attacco in salto";"";""
"tag_expla_083";"Once you've blocked a jump attack, quickly switch from a standing guard\n⏎to a crouching guard! \cFFCD40Guard switching\cX like this is a \c40FFCDcrucial\cX part of defense.\n⏎Practice it so you don't get hit by low attacks!";"Dopo aver parato un attacco in salto,\n⏎passa rapidamente dalla guardia in piedi alla guardia rannicchiata!\n⏎\cFFCD40Cambiare guardia\cX in questo modo è una tecnica difensiva \c40FFCDfondamentale\cX.\n⏎Fai pratica e non farti colpire dagli attacchi bassi!";"";""
"tag_start_083";"As a general rule, you'll want to focus on standing guards\n⏎when your opponent jumps in and crouching guards when they've landed.⏎\k⏎⏎\\@MESSAGE@⏎In this challenge, you'll practice guarding a jump attack right before a low attack!\n⏎\n⏎Hold \@4@ to use a \c40FFCDstanding guard against the jump attack,\cX\n⏎then hold \@1@ when the opponent lands to\n⏎\c40FFCDcrouching guard against their incoming low attack\cX.";"Come principio generale, ti consigliamo di usare la guardia in piedi quando l'avversario salta e la guardia rannicchiata quando è a terra.⏎\k⏎⏎\\@MESSAGE@⏎In questa sfida ti eserciterai a metterti in guardia contro un attacco in salto subito seguito da un attacco basso!\n⏎\n⏎Tieni premuto \@4@ per usare una \c40FFCDguardia in piedi contro l'attacco in salto\cX,\n⏎poi tieni premuto \@1@ quando l'avversario atterra per ⏎\c40FFCDpassare alla guardia rannicchiata contro l'attacco basso\cX.";"";""
"tag_skill_083_00";"Switching Between Standing and Crouching Guard";"Passaggio dalla guardia in piedi alla guardia rannicchiata";"";""
"tag_title_084";"Aerial Guard";"Guardia a mezz'aria";"";""
"tag_expla_084";"Some attacks, like projectiles, can be be \cFFCD40blocked in the air.\cX\n⏎However, attacks that can be blocked in midair are few and far between.\n⏎This means that you are usually \c40FFCDvulnerable while in midair.\cX";"Alcuni attacchi, come i proiettili, possono essere \cFFCD40parati a mezz'aria\cX.\n⏎Tuttavia, gli attacchi che puoi parare a mezz'aria sono davvero rari.\n⏎Perciò, normalmente sei \c40FFCDvulnerabile mentre sei a mezz'aria\cX.";"";""
"tag_start_084";"The opponent will attack.\n⏎Press a backward direction to try an aerial guard.⏎\k";"L'avversario attaccherà.\n⏎Premi una direzione all'indietro per eseguire una guardia a mezz'aria.⏎\k";"";""
"tag_skill_084_00";"Jump - \@7or8or9@";"Salto - \@7o8o9@";"";""
"tag_skill_084_01";"Aerial Guard - \@7or4or1@ in midair";"Guardia a mezz'aria - \@7o4o1@ a mezz'aria";"";""
"tag_title_085";"Blocking a 50/50 Mix-up";"Parare una tattica mista 50/50";"";""
"tag_expla_085";"Characters that have overhead attacks they can use on the ground\n⏎will often use them to perform a \cFFCD4050/50 mix-up\cX,\n⏎keeping you guessing between an overhead and a low attack.\n⏎When that happens, \c40FFCDuse a crouching guard and watch for the overhead\cX.";"I personaggi che possono sferrare attacchi discendenti a terra\n⏎li useranno spesso per \cFFCD40tattiche miste 50/50\cX, per tenerti sulle spine senza sapere se attaccheranno dall'alto o dal basso.\n⏎In quei casi, \c40FFCDusa una guardia rannicchiata e fai attenzione all'attacco discendente\cX.";"";""
"tag_start_085";"The opponent will perform a sequence of attacks that includes both lows and overheads.\n⏎Crouching guard against the low attacks and switch to a standing guard\n⏎when you see the overhead attack coming.⏎\k";"L'avversario eseguirà una sequenza che include attacchi sia bassi sia discendenti.\n⏎Usa la guardia rannicchiata contro gli attacchi bassi e passa a una guardia in piedi quando vedi arrivare l'attacco discendente.⏎\k";"";""
"tag_skill_085_00";"Block the 50/50 mix-up - \@4or1@";"Para la tattica mista 50/50 - \@4o1@";"";""
"tag_title_086";"Blocking a Cross-Up";"Parare una virata";"";""
"tag_expla_086";"When you jump over your opponent's head and attack them from behind,\n⏎that's called a \cFFCD40Cross-Up.\cX You can guard against a cross-up\n⏎by \c40FFCDpressing either a forward or backward direction.\cX";"Scavalcare l'avversario e attaccarlo alle spalle è una tattica che chiameremo \cFFCD40virata\cX.\n⏎Per metterti in guardia contro una virata, \c40FFCDpremi una direzione in avanti o all'indietro\cX.";"";""
"tag_start_086";"Try blocking a cross-up attack with either \@4@ or \@6@.⏎\k";"Prova a bloccare una virata con \@4@ o \@6@.⏎\k";"";""
"tag_skill_086_00";"Guard - \@4or6@";"Guardia - \@4o6@";"";""
"tag_title_087";"Guard Lock";"Guardia assoluta";"";""
"tag_expla_087";"When you're blocking an incoming attack, you cannot do anything but guard.\n⏎An opponent that is \c40FFCDblocking consecutive attacks\cX is in a state known as\n⏎\cFFCD40Guard Lock\cX.";"Quando stai parando un attacco in arrivo, non puoi fare altro che restare in guardia.\n⏎Un avversario che sta \c40FFCDparando attacchi consecutivi\cX è in uno stato chiamato \cFFCD40guardia assoluta\cX.";"";""
"tag_start_087";"A character in Guard Lock will continue to block incoming attacks,\n⏎even if their player lets go of the directional button.\n⏎However, low attacks won't be blocked automatically!\n⏎The player must manually perform a crouching guard to block those.⏎\k";"Un personaggio in guardia assoluta continuerà a parare gli attacchi in arrivo anche se il suo giocatore rilascia il pulsante direzionale.\n⏎Tuttavia, gli attacchi bassi non verranno parati automaticamente! Il giocatore deve mettersi in guardia rannicchiata manualmente per pararli.⏎\k";"";""
"tag_skill_087_00";"Guard - \@4or1@";"Guardia - \@4o1@";"";""
"tag_title_088";"Fuzzy Guard";"Guardia alternata";"";""
"tag_expla_088";"\cFFCD40Fuzzy Guard\cX is a technique that involves \c40FFCDswitching guard stances in the\n⏎correct order\cX to block your opponent's mix-ups without guessing. It works\n⏎against mix-ups with varied timings between the overhead and low attack.";"\cFFCD40La guardia alternata\cX è una tecnica in cui \c40FFCDsi cambia posizione di guardia nell'ordine corretto\cX\n⏎per parare le tattiche miste dell'avversario senza tirare a indovinare. Funziona contro le tattiche miste con tempistiche diverse tra attacco discendente e attacco basso.";"";""
"tag_start_088";"Overhead attacks are slower to start than low attacks, meaning their attack timing is slower.\n⏎If you switch from crouching guard to standing guard as the overhead attack begins,\n⏎you can safely guard against the mix-up, provided you time the switch correctly.⏎\k⏎⏎\\@MESSAGE@⏎The opponent will run up and perform an overhead/low mix-up.\n⏎Your job is to switch from crouching to standing guard\n⏎at the right moment to perform a Fuzzy Guard.⏎\k";"Gli attacchi discendenti sono più lenti a partire rispetto agli attacchi bassi, perciò il loro tempismo di attacco è più lento.\n⏎Se passi dalla guardia rannicchiata alla guardia in piedi all'inizio dell'attacco discendente,\n⏎puoi proteggerti dalla tattica mista, se usi il giusto tempismo per il cambio.⏎\k⏎⏎\\@MESSAGE@⏎L'avversario correrà verso di te ed eseguirà una tattica mista discendente/bassa.\n⏎Il tuo compito è passare dalla guardia rannicchiata a quella in piedi\n⏎al momento giusto per eseguire una guardia alternata.⏎\k";"";""
"tag_skill_088_00";"Guard - \@4or1@";"Guardia - \@4o1@";"";""
"tag_title_089";"Fuzzy Mashing";"Colpo alternato";"";""
"tag_expla_089";"\cFFCD40Fuzzy Mashing\cX also works against mix-ups with varying timings.\n⏎This technique will let you \c40FFCDblock if the opponent performs a fast attack,\n⏎or hit back if they perform a slower attack.\cX";"Anche il \cFFCD40colpo alternato\cX è utile contro le tattiche miste a tempi variabili.\n⏎Con questa tecnica potrai \c40FFCDparare se l'avversario esegue un attacco veloce o rispondere se esegue un attacco più lento\cX.";"";""
"tag_start_089";"Fuzzy mashing is effective against 50/50 mix-ups involving a jump attack and an empty jump low.\n⏎When you see the opponent jump at you, wait for them with standing guard,\n⏎then input standing \@A@ just before they land.\n⏎This will result in you blocking the opponent's attack if they execute a jump attack\n⏎and interrupting the opponent if they opt for an empty jump low attack.⏎\k⏎⏎\\@MESSAGE@⏎The opponent will perform a jump attack or an empty jump low attack.\n⏎If they jump attack, block it. If they empty jump low,\n⏎mash \@A@ to interrupt and counter their sequence.⏎\k";"Il colpo alternato è efficace contro le tattiche miste 50/50 che usano un attacco in salto e un attacco basso a salto vuoto.\n⏎Quando vedi l'avversario saltare verso di te, aspettalo in guardia in piedi,\n⏎poi usa \@A@ in piedi appena prima che atterri.\n⏎In questo modo parerai l'attacco dell'avversario se esegue un attacco in salto\n⏎e interromperai l'avversario se preferisce l'attacco basso a salto vuoto.⏎\k⏎⏎\\@MESSAGE@⏎L'avversario eseguirà un attacco in salto o un attacco basso a salto vuoto.\n⏎Se attacca in salto, paralo. Se sferra un attacco basso a salto vuoto, martella \@A@ per interromperlo e contrastare la sequenza.⏎\k";"";""
"tag_skill_089_00";"Counter the Empty Jump Low with Fuzzy Standing \@A@ - \@4+A@";"Contrasta l'attacco basso a salto vuoto con \@A@ in piedi alternato - \@4+A@";"";""
"tag_title_090";"Throw";"Proiezione";"";""
"tag_expla_090";"You can perform a \cFFCD40throw\cX by pressing \@A+D@. Throws have short range, but they\n⏎\c40FFCDcannot be blocked.\cX If your opponent consistently guards against your attacks,\n⏎try going in for a throw! Start by dashing to get close to them.";"Puoi eseguire una \cFFCD40proiezione\cX premendo \@A+D@.\n⏎Le proiezioni hanno una portata ridotta, ma \c40FFCDnon possono essere parate.\cX\n⏎Se l'avversario resta sempre in guardia contro i tuoi attacchi, tenta una proiezione!\n⏎Inizia scattando avanti per ridurre le distanze. ⏎";"";""
"tag_start_090";"Be careful! Throws will miss against opponents in the air.\n⏎\k";"Fai attenzione! Le proiezioni non vanno a segno contro gli avversari a mezz'aria.\n⏎\k";"";""
"tag_skill_090_00";"Throw - \@A+D@ near the opponent";"Proiezione - \@A+D@ vicino all'avversario";"";""
"tag_title_091";"Back Throw";"Proiezione all'indietro";"";""
"tag_expla_091";"Press \@4+A+D@ to throw your opponent in the opposite direction.\n⏎This is known as a \cFFCD40Back Throw.\cX\n⏎You can use back throws to \c40FFCDswitch sides\cX with your opponent!";"Premi \@4+A+D@ per lanciare l'avversario con una proiezione nella direzione opposta. Questa tecnica si chiama \cFFCD40proiezione all'indietro\cX.\n⏎Puoi usare le proiezione all'indietro per \c40FFCDcambiare lato\cX rispetto all'avversario!";"";""
"tag_start_091";"Let's say you're backed into the wall.\n⏎A back throw can instantly turn the tables on your opponent\n⏎and stick them in the corner instead!⏎\k";"Facciamo che sei con le spalle al muro.\n⏎Una proiezione all'indietro può ribaltare lo scontro in un istante\n⏎e mettere all'angolo l'avversario al posto tuo!⏎\k";"";""
"tag_skill_091_00";"Back Throw - \@4+A+D@ near the opponent";"Proiezione all'indietro - \@4+A+D@ vicino all'avversario";"";""
"tag_title_092";"Throwing Successfully";"Mettere a segno una proiezione";"";""
"tag_expla_092";"\cFFCD40Throws\cX are strong, but due to their \c40FFCDshort range,\n⏎they can be easily interrupted with an attack.\cX\n⏎Practice throwing the opponent while avoiding their attacks!";"Le \cFFCD40proiezioni\cX sono forti, ma data la loro \c40FFCDportata ridotta è facile interromperle con un attacco\cX.\n⏎Esercitati a lanciare l'avversario evitando i suoi attacchi!";"";""
"tag_start_092";"In this challenge, watch the opponent's movement as you approach them.\n⏎When you see an opening, try to throw them!⏎\k";"In questa sfida, osserva il movimento dell'avversario mentre ti avvicini.\n⏎Quando noti un varco da sfruttare, prova una proiezione!⏎\k";"";""
"tag_skill_092_00";"Throw - \@A+D@ near the opponent";"Proiezione - \@A+D@ vicino all'avversario";"";""
"tag_title_093";"Throw Break";"Interruzione di proiezione";"";""
"tag_expla_093";"If your opponent tries to throw you, and you input your own throw command\n⏎right as you're grabbed, you can perform a \cFFCD40Throw Break,\cX\n⏎nullifying their throw.";"Se l'avversario cerca di afferrarti per una proiezione e proprio in quell'istante tu usi il tuo comando di proiezione,\n⏎puoi eseguire un'\cFFCD40interruzione di proiezione\cX, annullando la proiezione dell'avversario.";"";""
"tag_start_093";"When realize that you've been grabbed, it's already too late for a throw break.\n⏎You must anticipate your opponent's moves and \c40FFCDinput the throw command early.\cX\n⏎\k⏎⏎\\@MESSAGE@⏎Once your opponent comes into throw range,\n⏎it's important to input your throw break command \c40FFCDas if you're trying to throw them yourself.\cX\n⏎\n⏎Note that throw breaks also work against Waldstein's Full Circle\@+B@.⏎\k";"Una volta che l'avversario ti ha afferrato, è già troppo tardi per un'interruzione di proiezione.\n⏎Devi giocare d'anticipo e \c40FFCDusare il comando di proiezione un istante prima.\cX\n⏎\k⏎⏎\\@MESSAGE@⏎Una volta che l'avversario entra a portata di proiezione,\n⏎è importante usare il comando di proiezione \c40FFCDcome se fossi tu a provare ad afferrarlo\cX.\n⏎\n⏎Ricorda che le interruzioni di proiezione funzionano anche contro Cerchio completo\@+B@ di Waldstein.⏎\k";"";""
"tag_skill_093_00";"Throw Break - \@A+D@ when grabbed";"Interruzione di proiezione - \@A+D@ quando ti afferrano";"";""
"tag_title_094";"Throw Break Frame Difference";"Differenza di frame nelle interruzioni di proiezione";"";""
"tag_expla_094";"If you perform a successful \cFFCD40throw break,\cX you will be able to \c40FFCDmove earlier than\n⏎your opponent.\cX Thanks to this frame advantage, you can trap any opponent\n⏎that tries to mash out of the situation.";"Se metti a segno un'\cFFCD40interruzione di proiezione\cX, potrai \c40FFCDmuoverti prima dell'avversario\cX.\n⏎Grazie a questo vantaggio di frame, puoi intrappolare qualsiasi avversario che cerchi di uscire dalla situazione martellando attacchi.";"";""
"tag_start_094";"In this challenge, the opponent will try to mash out with crouching \@B@ after your throw break.\n⏎Use a standing \@C@ to deal a counter hit after the throw break.⏎\k";"In questa sfida, l'avversario proverà a martellare \@B@ rannicchiato dopo la tua interruzione di proiezione.\n⏎Usa \@C@ in piedi come colpo di contrasto dopo l'interruzione di proiezione.⏎\k";"";""
"tag_skill_094_00";"Throw Break - \@A+D@ when grabbed";"Interruzione di proiezione - \@A+D@ quando ti afferrano";"";""
"tag_skill_094_01";"Frame Trap the Opponent with a Standing \@C@ - \@C@";"Usa un contrattacco a esca sull'avversario con \@C@ in piedi - \@C@";"";""
"tag_title_095";"Strike/Throw Mix-ups";"Tattiche miste colpo/proiezione";"";""
"tag_expla_095";"Guarding can block attacks, but it will lose to throws. But if you're\n⏎anticipating a throw and try a throw break, you'll lose the exchange if your\n⏎opponent goes for a strike. Force your opponent into \c40FFCDdifficult\cX \cFFCD40strike/throw\n⏎mix-ups\cX whenever you can.";"La guardia può parare gli attacchi, ma perde contro le proiezioni. Se però ti aspetti una\n⏎proiezione e provi a interromperla, perderai lo scambio se l'avversario tenta il colpo.\n⏎Dato che è \c40FFCDdifficile\cX reagire alle \cFFCD40tattiche miste colpo/proiezione\cX,\n⏎cerca di usarle ogni volta che puoi sull'avversario.";"";""
"tag_start_095";"The opponent will run up and perform a strike/throw mix-up.\n⏎Do your best to avoid taking damage. ⏎\k";"L'avversario correrà verso di te ed eseguirà una tattica mista colpo/proiezione.\n⏎Fai del tuo meglio per evitare di subire danni. ⏎\k";"";""
"tag_skill_095_00";"Guard or Throw Break";"Guardia o interruzione di proiezione";"";""
"tag_title_096";"Drift Throw";"Proiezione a deriva";"";""
"tag_expla_096";"If you input \@6+A+B+D@, you can perform a \cFFCD40Drift Throw\cX--a throw with dash\n⏎momentum. If your opponent is just a little too far away for a normal throw\n⏎you can use a drift throw to \c40FFCDextend the throw range\cX and catch them.";"Se \@6+A+B+D@, puoi eseguire una \cFFCD40proiezione a deriva\cX,\n⏎cioè una proiezione sullo slancio dello scatto.\n⏎Se l'avversario è un po' troppo lontano per una proiezione normale, puoi usare una proiezione\n⏎a deriva per \c40FFCDaumentare la portata della proiezione\cX e prenderlo lo stesso.";"";""
"tag_start_096";"Drift throw takes advantage of a feature of this game\n⏎that lets you perform an attack or a throw while dashing,\n⏎making you slide forward during the action.⏎\k⏎";"La proiezione a deriva sfrutta una caratteristica di questo gioco\n⏎per cui puoi eseguire un attacco o una proiezione durante lo scatto,\n⏎slittando in avanti durante l'azione.⏎\k";"";""
"tag_skill_096_00";"Drift Throw - \@6+A+B+D@";"Proiezione a deriva - \@6+A+B+D@";"";""
"tag_title_097";"Throw Break Window";"Finestra di interruzione di proiezione";"";""
"tag_expla_097";"There is actually a \c40FFCDslight window of time\cX in which you an perform a \cFFCD40throw\n⏎break\cX after you've been grabbed by your opponent's throw. Even if you're\n⏎about to be thrown, there's no need to panic. Stay calm and break the throw.";"C'è una \c40FFCDfinestra temporale molto stretta\cX in cui puoi eseguire un'\cFFCD40interruzione di proiezione\cX dopo che la proiezione dell'avversario ti afferra.\n⏎Anche se stanno per scaraventarti via, non c'è bisogno di farsi prendere dal panico. Mantieni la calma e interrompi la proiezione.";"";""
"tag_start_097";"By delaying your throw break inputs, you can deal with strike/throw mix-ups effectively.\n⏎\k⏎⏎\\@MESSAGE@⏎When you see your opponent approach,\n⏎try slightly delaying the throw break input during a crouching guard.\n⏎This should cover both options: guard when your opponent strikes,\n⏎and throw break when they attempt a throw.\n⏎\k";"Ritardando i comandi di interruzione di proiezione, puoi gestire in modo efficace le tattiche miste colpo/proiezione.\n⏎\k⏎⏎\\@MESSAGE@⏎Quando vedi avvicinarsi l'avversario,\n⏎prova a ritardare leggermente il comando di proiezione in guardia rannicchiata.\n⏎Così coprirai entrambe le opzioni: guardia quando l'avversario colpisce, interruzione di proiezione quando tenta una proiezione.\n⏎\k";"";""
"tag_skill_097_00";"Guard or Throw Break -  \@4or1@ or \@A+D@ when grabbed";"Guardia o interruzione di proiezione - \@4o1@ o \@A+D@ quando ti afferrano";"";""
"tag_title_098";"Throw and Throw Breaks During Block Stun";"Proiezioni e interruzioni di proiezione in stordimento";"";""
"tag_expla_098";"\cFFCD40Throws\cX and certain special attacks can \c40FFCDgrab your opponent while they're\n⏎block stunned.\cX These cases give the player being grabbed a longer chance\n⏎for a throw break. So if your opponent grabs you while you're guarding,\n⏎don't worry! You'll have a little extra time for a throw break.";"Le \cFFCD40proiezioni\cX e alcuni attacchi speciali possono \c40FFCDafferrare l'avversario mentre è in stordimento \n⏎da parata\cX. In questi casi, il giocatore afferrato ha più tempo per l'interruzione di proiezione.\n⏎Perciò, se l'avversario ti afferra mentre sei in guardia, non preoccuparti!\n⏎Avrai un po' di tempo in più per l'interruzione di proiezione.";"";""
"tag_start_098";"Even while guarding, you'll want to anticipate your opponent's throws\n⏎and be ready to break them at a moment's notice.\n⏎\k⏎⏎\\@MESSAGE@⏎Outside of normal throws, Waldstein's Full Circle \@+A@ and Gordeau's \@214+A@\n⏎can also grab opponents while they guard.\n⏎\n⏎Let's try breaking the opponent's throw after they grab you while you guard.\n⏎The \cFFCD40golden flash\cX will indicate the correct throw break input timing.⏎\k";"Anche mentre sei in guardia, gioca d'anticipo sulle proiezioni dell'avversario\n⏎e preparati a interromperle con minimo preavviso.\n⏎\k⏎⏎\\@MESSAGE@⏎Oltre alle proiezioni normali, anche Cerchio completo\@+A@ di Waldstein e \@214+A@ di Gordeau\n⏎possono afferrare gli avversari mentre sono in guardia.\n⏎\n⏎Proviamo a interrompere la proiezione dell'avversario dopo che ti afferra mentre sei in guardia.\n⏎Il \cFFCD40lampo dorato\cX mostrerà il momento corretto per l'interruzione di proiezione.⏎\k";"";""
"tag_skill_098_00";"Guard - \@4or1@";"Guardia - \@4o1@";"";""
"tag_skill_098_01";"Throw Break - \@A+D@ when grabbed";"Interruzione di proiezione - \@A+D@ quando ti afferrano";"";""
"tag_title_099";"Throw Vulnerability";"Vulnerabilità di proiezione";"";""
"tag_expla_099";"Trying a \cFFCD40throw break\cX too early will cause it to fail. What's worse, it will\n⏎put you in a state of \c40FFCDThrow Vulnerability\cX for a short period of time. Any\n⏎additional throw breaks that you attempt while in this state will be ignored!";"Se provi un'\cFFCD40interruzione di proiezione\cX troppo presto, non riuscirà.\n⏎Quel che è peggio, ti metterà in uno stato di \c40FFCDvulnerabilità di proiezione\cX\n⏎per un breve periodo di tempo.\n⏎Se provi altre interruzioni di proiezione mentre sei in questo stato, verranno ignorate!";"";""
"tag_start_099";"In this challege, we'll take a closer look at throw vulnerability.\n⏎The opponent will dash in and try to throw you.\n⏎Your job is to try breaking the opponent's throw by pressing \@1+A+D@.\n⏎\n⏎Instead of simply throwing you, the opponent will do \@A@ into a throw.\n⏎This will show you that your throw break input was too early,\n⏎and that you're left unable to throw break.⏎\k";"In questa sfida, guarderemo più da vicino la vulnerabilità di proiezione.\n⏎L'avversario scatterà in avanti e proverà una proiezione contro di te.\n⏎Il tuo compito è usare buffer per un'interruzione di proiezione premendo \@1+A+D@.\n⏎\n⏎Invece di una semplice proiezione, l'avversario userà \@A@ per poi passare alla proiezione.\n⏎Questo dimostra che hai usato il tuo comando di interruzione di proiezione troppo presto, e non potrai eseguire l'interruzione di proiezione.⏎\k";"";""
"tag_skill_099_00";"Pressing \@1+A+D@ before being grabbed - \@1+A+D@";"Interruzione di proiezione prima di essere afferrato - \@1+A+D@";"";""
"tag_skill_099_01";"Be thrown while vulnerable";"Subisci una proiezione mentre sei vulnerabile";"";""
"tag_title_100";"Throw Break/Crouching \@A@ Option Select";"Scelta multipla interruzione di proiezione/\@A@ rannicchiato";"";""
"tag_expla_100";"If you input \@2+A+D@, you'll perform a \cFFCD40throw break\cX if you're thrown,\n⏎and a crouching \@A@ in all other cases.\n⏎You can \c40FFCDbuffer attacks\cX into a throw break command like this.";"Se \@2+A+D@, eseguirai un'\cFFCD40interruzione di proiezione\cX se subisci una proiezione,\n⏎e \@A@ rannicchiato in tutti gli altri casi.\n⏎Puoi \c40FFCDfare buffer a un attacco\cX con un comando di interruzione di proiezione come questo.";"";""
"tag_start_100";"This is tricky for your opponent to deal with,\n⏎since you'll break any attempt they make to throw you,\n⏎and the fast crouching \@A@ will interrupt any other attacks.⏎\k⏎⏎\\@MESSAGE@⏎In this challenge, the opponent will run up and either throw, perform a crouching \@A@, or do nothing.\n⏎Try dealing with this mix-up using a throw break/crouching \@A@ option select.\n⏎\n⏎Stay in a crouching guard, then once the opponent enters throwing range,\n⏎press \@2+A+D@ after a slight delay.\n⏎\n⏎If the opponent tries a throw, you'll break it. If they try a strike, you'll block it.\n⏎And if they do nothing, you'll perform a crouching \@A@.⏎\k";"L'avversario si troverà in difficoltà,\n⏎dato che interromperai qualsiasi tentativo di proiezione,\n⏎e il rapido \@A@ rannicchiato interromperà qualsiasi altro attacco.⏎\k⏎⏎\\@MESSAGE@⏎In questa sfida, l'avversario correrà verso di te ed eseguirà una proiezione, un \@A@ rannicchiato o non farà nulla.\n⏎Prova a contrastare questa tattica mista usando una scelta multipla interruzione di proiezione/\@A@ rannicchiato.\n⏎\n⏎Resta in posizione di guardia rannicchiata; quindi, una volta che l'avversario entra nel raggio di proiezione,\n⏎premi \@2+A+D@ dopo un leggero ritardo.\n⏎\n⏎Se l'avversario tenta una proiezione, la interromperai. Se tenta un colpo, lo parerai.\n⏎E se non fa nulla, eseguirai un \@A@ rannicchiato.⏎\k";"";""
"tag_skill_100_00";"Throw Break with Throw Break/Crouching \@A@ Option Select - \@2+A+D@";"Interruzione di proiezione con scelta multipla interruzione di proiezione\@A@ rannicchiato - \@2+A+D@";"";""
"tag_title_101";"Throw Break/Normal Anti-Air Option Select";"Scelta multipla interruzione di proiezione/att. antiaereo";"";""
"tag_expla_101";"The throw break/crouching \@A@ option select will always lose to an Assault.\n⏎That's where the \cFFCD40Throw Break/Normal Anti-Air Option Select\cX comes into play.\n⏎If the opponent grabs you, you'll do a \c40FFCDthrow break.\cX If they strike, you'll block.\n⏎If they do nothing or Assault, you'll perform an anti-air attack.";"La scelta multipla interruzione di proiezione/\@A@ rannicchiato perde sempre contro l'Assalto.\n⏎Qui torna utile la \cFFCD40scelta multipla interruzione di proiezione/att. antiaereo\cX.\n⏎Se l'avversario ti afferra, eseguirai un'\c40FFCDinterruzione di proiezione\cX.\n⏎Se colpisce, parerai. Se non fa nulla o usa l'Assalto, eseguirai un attacco antiaereo normale.";"";""
"tag_start_101";"Hyde's \@3+C@ is an anti-air attack, and you can input \@3+A+C+D@\n⏎to buffer \@3+C@ into a throw break.\n⏎\n⏎Additionally, pressing \@1@ immediately after the \@3+C@ input\n⏎will also buffer a crouching guard. That's pretty handy!\n⏎\k⏎⏎\\@MESSAGE@⏎In this challenge, the opponent will run up and perform either a throw, a crouching \@A@, or an Assault.\n⏎Try dealing with this mix-up using a throw break \@3+C@ option select.\n⏎\n⏎Stay in a crouching guard, then once the opponent enters throwing range,\n⏎press \@3+A+C+D@ after a slight delay.\n⏎\n⏎If the opponent tries a throw, you'll break it. If they try a strike, you'll block it.\n⏎And if they use an Assault, you'll perform \@3+C@.⏎\k";"\@3+C@ di Hyde è un attacco antiaereo e puoi usare \@3+A+C+D@\n⏎per passare furtivamente da \@3+C@ a un'interruzione di proiezione.\n⏎\n⏎Inoltre, premendo \@1@ subito dopo il comando \@3+C@\n⏎farai buffer a una guardia rannicchiata. È piuttosto utile!\n⏎\k⏎⏎\\@MESSAGE@⏎In questa sfida, l'avversario correrà verso di te ed eseguirà una proiezione, un \@A@ rannicchiato o l'Assalto.\n⏎Prova ad affrontare questa tattica mista con una scelta multipla interruzione di proiezione\@3+C@.\n⏎\n⏎Resta in posizione di guardia rannicchiata; quindi, una volta che l'avversario entra nel raggio di proiezione,\n⏎premi \@3+A+C+D@ dopo un leggero ritardo.\n⏎\n⏎Se l'avversario tenta una proiezione, la interromperai. Se tenta un colpo, lo parerai.\n⏎Se usa l'Assalto, eseguirai \@3+C@.⏎\k";"";""
"tag_skill_101_00";"Throw Break using a Throw Break/Anti-Air Option Select - \@3+A+C+D@";"Interruzione di proiezione con scelta multipla interruzione di proiezione/attacco antiaereo - \@3+A+C+D@";"";""
"tag_title_102";"Throw Break/Backstep Option Select";"Scelta multipla interruzione di proiezione/passo indietro";"";""
"tag_expla_102";"If you attempt a throw break/attack option select and your opponent does nothing,\n⏎your attack will whiff. Try a \cFFCD40Throw Break/Backstep Option Select.\cX\n⏎If they grab you, you'll do a \c40FFCDthrow break.\cX\n⏎If they strike, you'll block. If they do nothing, you'll backstep.";"Se provi una scelta multipla interruzione di proiezione/attacco e l'avversario la evita senza fare\n⏎nulla, l'attacco andrà a vuoto e la tua posizione sarà completamente esposta. È qui che serve una\n⏎\cFFCD40scelta multipla interruzione di proiezione/passo indietro\cX. Se l'avversario ti afferra, eseguirai\n⏎un'\c40FFCDinterruzione di proiezione\cX. Se colpisce, lo parerai. Se non fa nulla, farai un passo indietro.";"";""
"tag_start_102";"This technique is especially effective with characters that have fast backsteps. ⏎\k⏎⏎\\@MESSAGE@⏎In this challenge, the opponent will run up and perform either a throw, a crouching \@A@, or an Assault.\n⏎Try dealing with this mix-up using a throw break/backstep option select.\n⏎\n⏎Stay in a crouching guard, then once the opponent enters throwing range,\n⏎press \@4+A+B+D@ after a slight delay.\n⏎\n⏎If your opponent tries a throw, you'll break it. If they try a strike, you'll block it.\n⏎And if they Assault, you'll perform a backstep.⏎\k";"Questa tecnica è particolarmente efficace con personaggi che hanno passi indietro rapidi.⏎\k⏎⏎\\@MESSAGE@⏎In questa sfida, l'avversario correrà verso di te ed eseguirà una proiezione, un \@A@ rannicchiato o l'Assalto.\n⏎Prova a contrastare questa tattica mista usando una scelta multipla interruzione di proiezione/passo indietro.\n⏎\n⏎Resta in posizione di guardia rannicchiata; quindi, una volta che l'avversario entra nel raggio di proiezione,\n⏎premi \@4+A+B+D@ dopo un leggero ritardo.\n⏎\n⏎Se l'avversario tenta una proiezione, la interromperai. Se tenta un colpo, lo parerai.\n⏎Se tenta l'Assalto, eseguirai un passo indietro.⏎\k";"";""
"tag_skill_102_00";"Throw Break using a Throw Break/Backstep Option Select - \@4+A+B+D@";"Interruzione di proiezione con scelta multipla interruzione di proiezione/passo indietro - \@4+A+B+D@";"";""
"tag_title_103";"Throw Break/Jump Attack Option Select";"Scelta multipla interruzione di proiezione/attacco in salto";"";""
"tag_expla_103";"If you attempt a throw break option select and your opponent avoids it, you'll\n⏎be left open to attack. But with a \cFFCD40Throw Break/Jump Attack Option Select,\cX\n⏎you can buffer a \c40FFCDthrow break\cX while escaping into the air and putting distance\n⏎between your opponent and yourself, reducing your risk.";"Se tenti una scelta multipla interruzione di proiezione e l'avversario la evita, sarai vulnerabile\n⏎agli attacchi. Ma con una \cFFCD40scelta multipla interruzione di proiezione/attacco in salto\cX, \n⏎puoi fare buffer a un'\c40FFCDinterruzione di proiezione\cX mentre scappi in salto e metti distanza tra te e l'avversario, riducendo i rischi.";"";""
"tag_start_103";"This works especially well with jump \@A@ attacks that strike diagonally downward.⏎\k⏎⏎\\@MESSAGE@⏎In this challenge, the opponent will run up and perform either a throw, a crouching \@A@, or an Assault.\n⏎Try dealing with this mix-up using a throw break/backward jump attack option select.\n⏎\n⏎Stay in a crouching guard, then once the opponent enters throwing range,\n⏎wait a split second before pressing \@71+A@.\n⏎Keep \@A@ held down, then press \@D@ with a slight delay.\n\n⏎⏎If your opponent tries a throw, you'll break it. If they try a strike, you'll block it.\n⏎And if they Assault, you'll perform a backward jump \@A@ attack.⏎\k";"Funziona particolarmente bene con attacchi \@A@ in salto che colpiscono in diagonale verso il basso.⏎\k⏎⏎\\@MESSAGE@⏎In questa sfida, l'avversario correrà ed eseguirà una proiezione, un \@A@ rannicchiato o l'Assalto.\n⏎Prova a contrastare questa tattica mista usando una scelta multipla interruzione di proiezione/attacco in salto all'indietro.\n⏎\n⏎Rimani in guardia rannicchiata; poi, una volta che l'avversario entra a portata di proiezione,\n⏎attendi una frazione di secondo prima di premere\@71+A@.\n⏎Tieni premuto \@A@, quindi premi \@D@ con un leggero ritardo.\n⏎Se l'avversario tenta una proiezione, la interromperai. Se tenta un colpo, lo parerai.\n⏎Se tenta l'Assalto, eseguirai un attacco \@A@ in salto all'indietro.⏎\k";"";""
"tag_skill_103_00";"Throw Break using a Throw Break/Backward Jump \@A@ - hold \@71+A@, delayed \@D@";"Interruzione di proiezione con interruzione di proiezione\@A@ in salto all'indietro - tieni premuto \@71+A@, \@D@ con ritardo";"";""
"tag_title_104";"Throw Break/Veil Off Option Select";"Scelta multipla interruzione di proiezione/Veil Off";"";""
"tag_expla_104";"Throw break/attack option selects can lose against faster attacks.\n⏎With a \cFFCD40Throw Break/Veil Off Option Select,\cX though, you'll \c40FFCDthrow break\cX\n⏎if your opponent grabs you, and otherwise,\n⏎you can use the invulnerability provided by Veil Off to retaliate.";"Le scelte multiple interruzione di proiezione/attacco possono fallire contro gli attacchi più \n⏎veloci. Con una \cFFCD40scelta multipla interruzione di proiezione/Veil Off\cX, però, \c40FFCDinterromperai la\n⏎proiezione\cX se l'avversario ti afferra, mentre in caso contrario potrai usare l'invulnerabilità di\n⏎Veil Off per rispondere per le rime.";"";""
"tag_start_104";"Note that if your health is under 30% and your EXS Gauge is at 200%,\n⏎this particular technique won't work, because you'll perform an Infinite Worth EXS instead.⏎\k⏎⏎\\@MESSAGE@⏎In this challenge, the opponent will run up and perform either a throw, a crouching \@A@, or an Assault.\n⏎Try dealing with this mix-up using a throw break/Veil Off option select.\n⏎\n⏎Stay in a crouching guard, then once the opponent enters throwing range,\n⏎wait a split second before pressing \@A+B+C+D@.\n⏎\n⏎If the opponent tries a throw, you'll break it.\n⏎If they try a strike or an Assault, you'll retaliate with Veil Off.\n⏎\k";"Ricorda che, se la tua salute è inferiore al 30% e la tua barra EXS è al 200%,\n⏎questa tecnica non funzionerà, perché invece eseguirai un Infinite Worth EXS.⏎\k⏎⏎\\@MESSAGE@⏎In questa sfida, l'avversario correrà verso di te ed eseguirà una proiezione, un \@A@ rannicchiato o l'Assalto.\n⏎Prova a contrastare questa tattica mista usando una scelta multipla interruzione di proiezione/Veil Off.\n⏎\n⏎Rimani in guardia rannicchiata; poi, quando l'avversario entra a portata di proiezione,\n⏎attendi una frazione di secondo prima di premere \@A+B+C+D@.\n⏎\n⏎Se l'avversario tenta una proiezione, la interromperai.\n⏎Se tenta un colpo o l'Assalto, risponderai con Veil Off.\n⏎\k";"";""
"tag_skill_104_00";"Throw Break/Veil Off Option Select - \@A+B+C+D@";"Scelta multipla interruzione di proiezione/Veil Off - \@A+B+C+D@";"";""
"tag_title_105";"Mix-ups Using Low Attacks";"Tattiche miste con attacchi bassi";"";""
"tag_expla_105";"\cFFCD40Low attacks\cX can \c40FFCDonly be blocked with a crouching guard.\cX\n⏎They're effective against opponents that tend to dodge backwards!";"\cFFCD40Gli attacchi bassi\cX possono \c40FFCDessere parati solo con una guardia rannicchiata\cX.\n⏎Sono efficaci contro gli avversari che tendono a schivare all'indietro!";"";""
"tag_start_105";"Backwards walking and backsteps require backwards directional inputs.\n⏎A \c40FFCDlow attack\cX can often damage your opponent when they try these,\n⏎since they can't block it with a standing guard.\n⏎\k⏎⏎\\@MESSAGE@⏎In other words, you can put low attacks to work to prevent your opponents from backing away too much.\n⏎\n⏎Use low attacks against your opponents when they back away--⏎and keep your eyes peeled for them\n⏎when you want to back off yourself!\n⏎\k";"Camminare e fare passi all'indietro richiede comandi direzionali all'indietro.\n⏎Quando l'avversario prova a muoversi in quel modo, puoi danneggiarlo con un \c40FFCDattacco basso\cX, perché non potrà pararlo con una guardia in piedi.\n⏎\k⏎⏎\\@MESSAGE@⏎In altre parole, puoi sfruttare gli attacchi bassi per evitare che gli avversari indietreggino troppo.\n⏎\n⏎Usa attacchi bassi contro gli avversari quando indietreggiano...\n⏎e fai attenzione agli attacchi bassi quando sei tu a indietreggiare!\n⏎\k";"";""
"tag_skill_105_00";"Crouching \@A@ (Low Attack) - \@2+A@";"\@A@ rannicchiato (attacco basso) - \@2+A@";"";""
"tag_skill_105_01";"\@3+B@ (Low Attack)  - \@3+B@";"\@3+B@ (attacco basso) - \@3+B@";"";""
"tag_skill_105_02";"Crouching \@C@ (Low Attack) - \@2+C@";"\@C@ rannicchiato (attacco basso) - \@2+C@";"";""
"tag_title_106";"Going Overhead with Jump Attacks";"Attacchi in salto discendenti";"";""
"tag_expla_106";"All jump attacks are also \cFFCD40overhead attacks\cX, meaning they can \c40FFCDonly be blocked\n⏎with standing guards.\cX\n⏎If your opponent won't stop using crouching guards, try a jump attack on them!";"Tutti gli attacchi in salto sono anche \cFFCD40attacchi discendenti\cX, il che significa che \c40FFCDpossono essere parati solo da una guardia in piedi\cX.\n⏎Se l'avversario continua a usare le guardie rannicchiate, prova a sferrare un attacco in salto!";"";""
"tag_skill_106_00";"Jumping \@A@ - \@A@ In midair";"\@A@ in salto - \@A@ a mezz'aria";"";""
"tag_skill_106_01";"Jumping \@B@ - \@B@ in midair";"\@B@ in salto - \@B@ a mezz'aria";"";""
"tag_skill_106_02";"Jumping \@C@ - \@C@ in midair";"\@C@ in salto - \@C@ a mezz'aria";"";""
"tag_title_107";"Going Overhead with Assaults";"Assalti con attacchi discendenti";"";""
"tag_expla_107";"You can perform a jump attack out of an \cFFCD40Assault.\cX These jump attacks\n⏎make for very fast overheads, making them \c40FFCDstrong mix-up options.\cX\n⏎Try to chain them into combos, too!";"Puoi eseguire un attacco in salto uscendo da \cFFCD40Assalto\cX.\n⏎Questi attacchi in salto permettono di sferrare attacchi discendenti molto rapidi, perciò sono \c40FFCDottime opzioni per le tattiche miste\cX.\n⏎Prova anche a concatenarli nelle combo!";"";""
"tag_start_107";"Like a normal jump, Assault also launches you into the air,\n⏎allowing you to evade low attacks and throws as you advance.⏎\k";"Come un salto normale, anche l'Assalto ti lancia in aria,\n⏎permettendoti di schivare attacchi bassi e proiezioni mentre avanzi.⏎\k";"";""
"tag_skill_107_00";"Assault";"Assalto";"";""
"tag_skill_107_01";"\@C@ in midair";"\@C@ a mezz'aria";"";""
"tag_title_108";"Empty Jump Low Attacks";"Attacchi bassi a salto vuoto";"";""
"tag_expla_108";"When you jump without doing anything in midair, then perform a \c40FFCDlow attack upon landing,\cX\n⏎that's called an \cFFCD40Empty Jump Low Attack.\cX Only standing guards can block jump attacks,\n⏎but they can't block low attacks, so this technique can catch opponents off guard.";"Saltare senza fare nulla a mezz'aria per poi sferrare un \c40FFCDattacco basso mentre atterri\cX si chiama\n⏎\cFFCD40attacco basso a salto vuoto\cX. Gli attacchi in salto sono discendenti, perciò possono essere\n⏎parati solo con guardie in piedi, che non possono parare attacchi bassi. Questa tecnica è quindi\n⏎utile contro gli avversari che continuano a parare i tuoi attacchi in salto.";"";""
"tag_start_108";"If your opponent is focused on anticipating jump attacks,\n⏎they'll have a hard time responding if you land without attacking in midair.⏎\k⏎⏎\\@MESSAGE@⏎Now let's try an empty jump low mix-up.⏎\n\n⏎Right after landing from a jump, perform a fast low attack with \@2+A@.\n⏎This won't work if your \@2+A@ input is too late,\n⏎so time your execution properly with your landing.⏎\k";"Se l'avversario è concentrato sull'anticipare gli attacchi in salto,\n⏎si troverà spiazzato se atterri senza attaccare a mezz'aria.⏎\k⏎⏎\\@MESSAGE@⏎Ora proviamo una tattica mista con salto a vuoto e attacco in basso.⏎\n\n⏎Appena tocchi terra dopo un salto, sferra un attacco basso veloce con \@2+A@.\n⏎Non funzionerà se \@2+A@il comando arriva troppo tardi,\n⏎perciò sincronizza l'esecuzione con l'atterraggio.⏎\k";"";""
"tag_skill_108_00";"Forward Jump - \@9@";"Salto in avanti - \@9@";"";""
"tag_skill_108_01";"Crouching \@A@ - \@2+A@";"\@A@ rannicchiato - \@2+A@";"";""
"tag_skill_108_02";"Forward Jump - \@9@";"Salto in avanti - \@9@";"";""
"tag_skill_108_03";"Crouching \@A@ - \@2+A@";"\@A@ rannicchiato - \@2+A@";"";""
"tag_skill_108_04";"Forward Jump - \@9@";"Salto in avanti - \@9@";"";""
"tag_skill_108_05";"Crouching \@A@ - \@2+A@";"\@A@ rannicchiato - \@2+A@";"";""
"tag_title_109";"Overhead Combos Using Aerial Assaults";"Combo discendenti con assalti aerei";"";""
"tag_expla_109";"Jump attacks performed out of an \cFFCD40Aerial Assault\cX can be canceled. By using\n⏎Passing Link on the jump attack, \c40FFCDyou can execute an overhead combo\cX which can\n⏎break through the defenses of opponents who crouch right after standing guards.";"Gli attacchi in salto eseguiti da \cFFCD40Assalto aereo\cX possono essere annullati.\n⏎Usando un Passing Link sull'attacco in salto, \c40FFCDpuoi eseguire una combo di attacchi discendenti\cX\n⏎che può sfondare la difesa degli avversari che si rannicchiano subito dopo la guardia in piedi.";"";""
"tag_start_109";"Now let's try a jump attack Passing Link out of an Aerial Assault.\n⏎The trick is to perform the jump attack early.⏎\k";"Ora proviamo un Passing Link con attacco in salto dopo l'Assalto aereo.\n⏎Il trucco è eseguire l'attacco in salto in anticipo.⏎\k";"";""
"tag_skill_109_00";"Aerial Assault - \@6+D@ in midair";"Assalto aereo - \@6+D@ a mezz'aria";"";""
"tag_skill_109_01";"Jumping \@B@ - \@B@ before landing";"\@B@ in salto - \@B@ prima dell'atterraggio";"";""
"tag_skill_109_02";"Jumping \@A@ - \@A@ before landing";"\@A@ in salto - \@A@ prima dell'atterraggio";"";""
"tag_title_110";"Empty Attacks out of Assaults";"Attacchi a vuoto dagli Assalti";"";""
"tag_expla_110";"Since jump attacks have shorter landing recovery times than Assault,\n⏎you can \cFFCD40intentionally whiff a jump attack out of an Assault\cX\n⏎to \c40FFCDrecover more quickly after you land.\cX";"Dato che gli attacchi in salto hanno tempi di ripresa all'atterraggio più brevi rispetto\n⏎all'Assalto, puoi \cFFCD40mandare intenzionalmente a vuoto\cX un attacco in salto dopo l'Assalto\n⏎per \c40FFCDriprenderti più in fretta dopo l'atterraggio\cX.";"";""
"tag_start_110";"Assaults are sharply angled jumps that make for strong overhead attacks.\n⏎If you manage to add empty lows and throws to the mix, you'll become even more deadly.⏎\k";"Gli Assalti sono salti diagonali che permettono di sferrare potenti attacchi discendenti.\n⏎Se riesci ad aggiungere alla tattica attacchi bassi a vuoto e proiezioni, diventerai ancora più letale.⏎\k";"";""
"tag_skill_110_00";"Assault - \@6+D@";"Assalto - \@6+D@";"";""
"tag_skill_110_01";"Jump \@C@ (whiff) - \@C@ in midair";"\@C@ in salto (a vuoto) - \@C@ a mezz'aria";"";""
"tag_skill_110_02";"Crouching \@A@ after landing - \@2+A@";"\@A@ rannicchiato dopo l'atterraggio - \@2+A@";"";""
"tag_skill_110_03";"Assault - \@6+D@";"Assalto - \@6+D@";"";""
"tag_skill_110_04";"Jump \@C@ (whiff) - \@C@ in midair";"\@C@ in salto (a vuoto) - \@C@ a mezz'aria";"";""
"tag_skill_110_05";"Throw after landing - \@A+D@";"Proiezione dopo l'atterraggio - \@A+D@";"";""
"tag_title_111";"Baiting Throw Break Option Selects";"Esca per le scelte multiple con interruzione di proiezione";"";""
"tag_expla_111";"\cFFCD40The throw break/anti-air option select is a strong defensive tool\cX\n⏎that beats throw, Assault, and fast attacks.\n⏎You can counter it, however, by \c40FFCDbaiting out the option select\cX and punishing it when it misses.";"\cFFCD40La scelta multipla interruzione di proiezione/attacco antiaereo è un'arma difensiva potente\cX\n⏎che batte proiezioni, Assalti e attacchi veloci.\n⏎Puoi contrastarla, tuttavia, \c40FFCDgettando un'esca per la scelta multipla\cX e punendo il colpo mancato.";"";""
"tag_start_111";"The plan is to bait your opponent into using a throw break/attack option select so you can punish it.⏎\k⏎⏎\\@MESSAGE@⏎When you approach the opponent, they'll try a throw break/anti-air option select.\n⏎Even if you attack as usual, they'll still be able to easily block you.\n⏎\n⏎To counter this strategy, you can bait out their option select from a Guard Reversal,\n⏎or you can get close to them and quickly backstep, causing their attack to whiff.\n⏎Then they'll be open to punishment!⏎\k";"Il piano è gettare un'esca perché l'avversario usi una scelta multipla interruzione di proiezione/attacco, in modo che tu possa punirlo.⏎\k⏎⏎\\@MESSAGE@⏎Quando ti avvicini all'avversario, proverà una scelta multipla interruzione di proiezione/attacco antiaereo.\n⏎Anche se attacchi normalmente, ti parerà con facilità.\n⏎\n⏎Per contrastare questa strategia, getta un'esca per la scelta multipla da un'inversione di guardia,\n⏎oppure avvicinati e indietreggia rapidamente, mandando il suo attacco a vuoto.\n⏎Allora sarà scoperto per la punizione!⏎\k";"";""
"tag_skill_111_00";"Crouching \@A@ - \@2+A@";"\@A@ rannicchiato - \@2+A@";"";""
"tag_skill_111_01";"Crouching \@C@ (Guard Reversal bait) - \@2+C@";"\@C@ rannicchiato (esca da inversione guardia) - \@2+C@";"";""
"tag_skill_111_02";"Backstep near opponent - \@4+A+B@";"Passo indietro vicino all'avversario - \@4+A+B@";"";""
"tag_skill_111_03";"Punish the whiff - \@6+B@";"Punisci il colpo a vuoto - \@6+B@";"";""
"tag_title_112";"Mashing After Guarding";"Martellare dopo la guardia";"";""
"tag_expla_112";"When your opponent tries a strong attack with a long recovery, and you block\n⏎it, that's your chance to \c40FFCDinterrupt their offense with a fast attack.\cX\n⏎\cFFCD40Mash out\cX quick \@A@ and \@B@ attacks to try and turn the tables!";"Quando l'avversario prova un attacco potente con una ripresa lunga e tu lo pari, hai la possibilità di \c40FFCDinterrompere la sua offensiva con un attacco veloce\cX.\n⏎\cFFCD40Martella\cX attacchi \@A@ e \@B@ rapidi per provare a capovolgere la situazione!";"";""
"tag_start_112";"When you're defending, it's important to keep guarding so you don't take damage.\n⏎However, eventually you'll need to stop guarding and mash your way out of the pressure.⏎\k⏎⏎\\@MESSAGE@⏎After you block a particularly heavy attack that leaves your opponent vulnerable,\n⏎you'll be able to act again before your opponent, giving you the upper hand.\n⏎You'll likely be able to interrupt the opponent's offense using \@A@ attacks or other quick moves.\n⏎\n⏎The opponent will repeatedly dash in and attack you.\n⏎\c40FFCDOnce you block a heavy attack,\cX retaliate with an attack of your own.⏎\k";"Quando ti difendi, è importante mantenere la guardia in modo da non subire danni.\n⏎Tuttavia, prima o poi dovrai abbassare la guardia e respingere la pressione martellando con gli attacchi.⏎\k⏎⏎\\@MESSAGE@⏎Dopo aver parato un attacco particolarmente potente che rende l'avversario vulnerabile,\n⏎potrai reagire in anticipo sull'avversario e prendere il sopravvento.\n⏎Probabilmente potrai interrompere l'offensiva dell'avversario usando attacchi \@A@ o altre mosse rapide.\n⏎\n⏎L'avversario proverà più volte a scattare in avanti e attaccarti.\n⏎\c40FFCDUna volta parato un attacco potente\cX, rispondi con un tuo attacco.⏎\k";"";""
"tag_skill_112_00";"Guard - \@1@";"Guardia - \@1@";"";""
"tag_skill_112_01";"Crouching \@A@ - \@2+A@";"\@A@ rannicchiato - \@2+A@";"";""
"tag_skill_112_02";"Guard - \@1@";"Guardia - \@1@";"";""
"tag_skill_112_03";"Crouching \@B@ - \@2+B@";"\@B@ rannicchiato - \@2+B@";"";""
"tag_title_113";"Guard Thrust";"Spinta in guardia";"";""
"tag_expla_113";"If you press \@6+A+B+C@ while blocking your opponent's attacks, you can\n⏎\c40FFCDcancel your guard and retaliate in an invulnerable state.\cX\n⏎This is called \cFFCD40Guard Thrust.\cX Note that this technique requires you to have\n⏎at least 100% in your EXS Gauge.";"Se premi \@6+A+B+C@ mentre pari gli attacchi dell'avversario,\n⏎puoi \c40FFCDannullare la guardia e attaccare restando invulnerabile\cX.\n⏎Questa manovra si chiama \cFFCD40spinta in guardia\cX.\n⏎Ricorda che per questa tecnica devi essere in avere almeno il 100% della barra EXS.";"";""
"tag_start_113";"Guard Thrust can safely deflect your opponent's offensive pressure.\n⏎Try it when you think you're in a sticky situation!\n⏎\n⏎Guard Thrust doesn't deal any damage!\n⏎\n⏎Try deflecting your opponent's offense using Guard Thrust.⏎\k";"La spinta in guardia può deviare senza pericolo la pressione offensiva dell'avversario.\n⏎Provala quando ti senti in una situazione difficile!\n⏎\n⏎La spinta in guarda non infligge danni!\n⏎\n⏎Prova a deviare l'attacco dell'avversario usando la spinta in guardia.⏎\k";"";""
"tag_skill_113_00";"Guard - \@1@";"Guardia - \@1@";"";""
"tag_skill_113_01";"Guard Thrust - \@6+A+B+C@ while guarding";"Spinta in guardia - \@6+A+B+C@ durante la guardia";"";""
"tag_title_114";"Guaranteed Punish After Guarding";"Punizione garantita dopo la guardia";"";""
"tag_expla_114";"Attacking your opponent after blocking their attack, \c40FFCDwhen your attack is\n⏎guaranteed to hit,\cX is called a \cFFCD40Guaranteed Punish.\cX If your opponent tries\n⏎an attack that leaves them vulnerable after you block it, you can use fast\n⏎attacks to strike back. Use \@A@ and other fast attacks to punish your opponent.";"Attaccare l'avversario dopo aver parato il suo attacco, \c40FFCDquando è garantito che il tuo attacco\n⏎andrà a segno\cX, si chiama \cFFCD40punizione garantita\cX. Se l'avversario prova a usare un attacco che\n⏎lo lascia vulnerabile dopo che l'hai parato, puoi usare attacchi veloci per rispondere.\n⏎Usa \@A@ e altri attacchi veloci per punire l'avversario.";"";""
"tag_start_114";"Your punishing attack must be fast enough to hit your opponent before they recover\n⏎from their attack to guarantee punishment.\n⏎You'll see a ""PUNISH"" display pop up when you've punished them successfully.\n⏎\n⏎Try blocking the opponent's crouching \@C@,\n⏎then punish them with crouching \@A@.\n⏎\k⏎";"Il tuo attacco punitivo deve essere abbastanza veloce da colpire l'avversario prima che si riprenda dall'attacco perché la punizione sia garantita.\n⏎Vedrai apparire la parola PUNISH sullo schermo quando la punizione va a segno.\n⏎\n⏎Prova a parare l'attacco \@C@ rannicchiato dell'avversario,\n⏎quindi puniscilo con \@A@ rannicchiato.\n⏎\k⏎";"";""
"tag_skill_114_00";"Guard - \@1@";"Guardia - \@1@";"";""
"tag_skill_114_01";"Crouching \@A@ - \@2+A@";"\@A@ rannicchiato - \@2+A@";"";""
"tag_title_115";"Punishing Attacks with Long Recovery";"Punire gli attacchi con ripresa lunga";"";""
"tag_expla_115";"Combos that start with \@B@ and \@C@ attacks do more damage that ones that\n⏎start with \@A@ attacks. That means it's better to \cFFCD40punish attacks with\n⏎long recovery times\cX with \@B@ and \@C@ attacks instead of \@A@ attacks.\n⏎You'll \c40FFCDdeal more damage\cX with their combos.";"Le combo che iniziano con attacchi \@B@ e \@C@ infliggono più danni di quelle che iniziano con\n⏎attacchi \@A@. Questo significa che è meglio \cFFCD40punire gli attacchi con tempi di ripresa lunghi\cX\n⏎con attacchi \@B@ e \@C@ invece che con attacchi \@A@.\n⏎\c40FFCDInfliggerai più danni\cX con le loro combo.";"";""
"tag_start_115";"Let's try blocking an attack with a long recovery time,\n⏎then punishing it with a combo that starts with standing \@B@.⏎\k";"Proviamo a parare un attacco con un tempo di ripresa lungo,\n⏎per poi punire con una combo che inizia con \@B@ in piedi.⏎\k";"";""
"tag_skill_115_00";"Block an attack with long recovery - \@4or1@";"Para un attacco con ripresa lunga - \@4o1@";"";""
"tag_skill_115_01";"Standing \@B@ - \@B@";"\@B@ in piedi - \@B@";"";""
"tag_skill_115_02";"Standing \@C@ - \@C@";"\@C@ in piedi - \@C@";"";""
"tag_title_116";"EX Special and Infinite Worth Screen Freeze";"Blocco schermo con Attacchi speciali EX e Infinite Worth";"";""
"tag_expla_116";"EX Special Attacks and Infinite Worths cause a \cFFCD40screen freeze,\cX\n⏎where \c40FFCDtime stops\cX for a split second and the screen turns dark. Screen freeze\n⏎is a visual effect that shows that a powerful attack is on the way.";"Attacchi speciali EX e Infinite Worth causano un \cFFCD40blocco dello schermo\cX\n⏎durante il quale \c40FFCDil tempo si ferma\cX per una frazione di secondo e lo schermo diventa scuro.\n⏎Il blocco dello schermo è un effetto visivo che segnala gli attacchi di grande potenza.";"";""
"tag_start_116";"The important thing about screen freeze\n⏎is that it gives both sides a brief moment to visually confirm the current situation.⏎\k";"La cosa importante del blocco dello schermo\n⏎è che offre a entrambi un breve istante per avere un quadro visivo della situazione.⏎\k";"";""
"tag_title_117";"Punishing With Shield";"Punire con lo Scudo";"";""
"tag_expla_117";"A successful Shield deployment will reduce your guard recovery time.\n⏎\cFFCD40Punishing attacks with Shield\cX can even make it possible\n⏎to \c40FFCDinterrupt some combos.\cX";"Schierare correttamente lo Scudo riduce il tempo di ripresa dalla guardia.\n⏎\cFFCD40Punire gli attacchi con lo Scudo\cX può anche rendere possibile \c40FFCDl'interruzione di alcune combo\cX.";"";""
"tag_start_117";"The opponent will run up and attack with crouching \@A@.\n⏎Try blocking it with Shield and punishing with a crouching \@A@ of your own.⏎\k";"L'avversario correrà verso di te e attaccherà con \@A@ rannicchiato.\n⏎Prova a bloccarlo con lo Scudo e puniscilo con \@A@ rannicchiato.⏎\k";"";""
"tag_skill_117_00";"Shield against the opponent's attack - \@1+D@";"Scudo contro l'attacco dell'avversario - \@1+D@";"";""
"tag_skill_117_01";"Crouching \@A@ - \@2+A@";"\@A@ rannicchiato - \@2+A@";"";""
"tag_skill_117_02";"Crouching \@B@ - \@2+B@";"\@B@ rannicchiato - \@2+B@";"";""
"tag_skill_117_03";"Crouching \@C@ - \@2+C@";"\@C@ rannicchiato - \@2+C@";"";""
"tag_title_118";"Screen Freeze Reversal";"Inversione in blocco schermo";"";""
"tag_expla_118";"When your opponent causes a screen freeze and you \c40FFCDcounter with an invulnerable\n⏎attack of your own,\cX it's called a \cFFCD40Screen Freeze Reversal.\cX\n⏎Your opponent's attack that triggered the screen freeze will always occur.\n⏎Use an invulnerable attack in reponse, and you'll come out on top.";"Quando l'avversario provoca un blocco dello schermo e tu \c40FFCDcontrattacchi con un attacco invulnerabile\cX, si verifica un'\cFFCD40inversione in blocco schermo\cX.\n⏎L'attacco dell'avversario che ha attivato il blocco dello schermo verrà sempre eseguito.\n⏎Rispondendo con un attacco invulnerabile, avrai la certezza di uscire dalla situazione.";"";""
"tag_start_118";"The opponent will use an EX special attack. Counter it with a screen freeze reversal.\n⏎The trick is to input your command during the screen freeze effect\n⏎and time its last button press as the screen freeze ends.⏎\k";"L'avversario utilizzerà un attacco speciale EX. Usa come contromossa un'inversione in blocco schermo.\n⏎Il trucco è inserire il comando durante l'effetto di blocco dello schermo\n⏎e allineare l'ultima pressione del pulsante al momento in cui termina il blocco dello schermo.⏎\k";"";""
"tag_skill_118_00";"Screen Freeze Reversal with an invulnerable attack - \@236+B+C@";"Inversione in blocco schermo con un attacco invulnerabile - \@236+B+C@";"";""
"tag_title_119";"Beginning Block Strings";"Inizio di una serie bloccata";"";""
"tag_expla_119";"A string of consecutive attacks that keeps your opponent guarding\n⏎is called a block string. Your \cFFCD40block string starts\cX when your opponent\n⏎blocks your combo. Your opponent cannot move during a block string,\n⏎so you can \c40FFCDkeep applying pressure\cX to them.";"Una serie di attacchi consecutivi che costringe l'avversario a restare in stato guardia è chiamata\n⏎serie bloccata. La tua \cFFCD40serie bloccata inizia\cX quando l'avversario para la tua combo.\n⏎L'avversario non può muoversi durante una serie bloccata, perciò puoi \c40FFCDcontinuare a tenerlo sotto pressione\cX.";"";""
"tag_start_119";"Use block strings to apply continuous pressure on your immobilized opponent!\n⏎\k";"Usa le serie bloccate per mantenere continuamente sotto pressione un avversario immobilizzato!\n⏎\k";"";""
"tag_title_120";"Ending Block Strings and Changing Turns";"Fine di una serie bloccata e cambio di turno";"";""
"tag_expla_120";"Once you've exhausted all of your attack options, your \cFFCD40block string is over.\cX\n⏎Your opponent will be able to move before you can,\n⏎so once your block string ends, it will be your \c40FFCDopponent's turn to act.\cX";"Quando esaurisci tutte le opzioni di attacco, la tua \cFFCD40serie bloccata finisce.\cX\n⏎L'avversario potrà muoversi prima di te, quindi, una volta terminata la serie bloccata,\n⏎\c40FFCDsarà lui ad agire\cX.";"";""
"tag_start_120";"Block strings can end when you're out of cancelable actions,\n⏎or when the distance between you and your opponent has grown so wide\n⏎that your attacks don't reach them.\n⏎\k";"Le serie bloccate possono terminare quando hai esaurito le azioni annullabili\n⏎o quando la distanza tra te e l'avversario è aumentata tanto\n⏎che i tuoi attacchi non lo raggiungono.\n⏎\k";"";""
"tag_skill_120_03";"\@236+A@ (End of Block String)";"\@236+A@ (fine della serie bloccata)";"";""
"tag_skill_120_07";"\@C@ (End of Block String)";"\@C@ (fine della serie bloccata)";"";""
"tag_title_121";"Safe Ways to End Block Strings";"Modi sicuri per concludere una serie bloccata";"";""
"tag_expla_121";"How you end your block string is very important.\n⏎If you end a block string with an \cFFCD40attack with a long recovery time,\cX\n⏎you will be left \c40FFCDvulnerable to punishment.\cX";"Il modo in cui concludi una serie bloccata è molto importante.\n⏎Se concludi una serie bloccata con un \cFFCD40attacco dal tempo di ripresa lungo,\cX resterai \c40FFCDvulnerabile alle punizioni\cX.";"";""
"tag_start_121";"Try ending a block string with the designated attacks.\n⏎You'll notice how ending on some attacks results in getting punished, meaning they're unsafe.\n⏎\k";"Prova a terminare una serie bloccata con specifici attacchi.\n⏎Noterai che la fine di alcuni attacchi porta a ricevere una punizione: questo significa che non sono sicuri.\n⏎\k";"";""
"tag_skill_121_04";"Guard - \@4or1@";"Guardia - \@4o1@";"";""
"tag_skill_121_09";"Guard Failure - \@4or1@";"Guardia fallita - \@4o1@";"";""
"tag_title_122";"Overhead Mix-ups from Block Strings";"Tattiche miste discendenti da serie bloccate";"";""
"tag_expla_122";"During a \cFFCD40block string,\cX your opponent can't move--so they can't easily\n⏎retaliate. \c40FFCDCanceling an attack into an overhead is an effective way to break\n⏎your opponent's crouching guard.\cX";"Durante una \cFFCD40serie bloccata,\cX l'avversario non può muoversi, quindi non può reagire facilmente.\n⏎\c40FFCDAnnullare un attacco in un attacco discendente è un modo efficace per interrompere la guardia rannicchiata dell'avversario\cX.⏎";"";""
"tag_start_122";"However, overhead attacks are slow to start, making them easy to interrupt.\n⏎Use overheads when your opponent least expects them.\n⏎Forcing your opponent into a crouching guard by leaving out \@2+C@ is also very important.\n⏎\k";"Tuttavia, gli attacchi discendenti iniziano lentamente, il che li rende facili da interrompere.\n⏎Usa attacchi discendenti quando l'avversario meno se le aspetta.\n⏎È molto importante anche costringere l'avversario a mettersi in guardia rannicchiata evitando di usare \@2+C@.\n⏎\k";"";""
"tag_skill_122_03";"Hold \@B+C@";"Tieni premuto \@B+C@";"";""
"tag_skill_122_06";"Hold \@B+C@";"Tieni premuto \@B+C@";"";""
"tag_title_123";"Throws from Block Strings";"Proiezioni da serie bloccate";"";""
"tag_expla_123";"\cFFCD40Going from a block string to a throw\cX is very effective at close range.\n⏎End your block string with a fast normal attack, then try a throw-- you can\n⏎\c40FFCDcatch the opponent off guard\cX if they're waiting for a Passing Link to continue.";"\cFFCD40Passare da una serie bloccata a una proiezione\cX è molto efficace a distanza ravvicinata.\n⏎Concludi la serie bloccata con un attacco normale veloce, poi prova una proiezione:\n⏎puoi \c40FFCDcogliere l'avversario di sorpresa\cX se sta aspettando che continui un Passing Link.";"";""
"tag_start_123";"Try throwing from a block string!\n⏎\k";"Prova a eseguire una proiezione da una serie bloccata!\n⏎\k";"";""
"tag_skill_123_01";"Throw";"Proiezione";"";""
"tag_title_124";"Resetting Block Strings by Dashing";"Ripristino di una serie bloccata con lo scatto";"";""
"tag_expla_124";"When you temporarily end a block string on a move with decent frame advantage,\n⏎then dash in to start a block string again, that's known as a \cFFCD40block string\n⏎reset.\cX During your block strings, it's your turn to be on the offensive,\n⏎so resetting like this is a \c40FFCDvaluable offensive technique.\cX";"Concludere temporaneamente una serie bloccata con una mossa con un vantaggio di frame discreto\n⏎per poi scattare in avanti e riprendere la serie bloccata è detto \cFFCD40ripristino della serie bloccata\cX.\n⏎Durante le serie bloccate, è il tuo turno di attaccare, quindi ripristinare in questo modo è una \c40FFCDpreziosa tecnica offensiva\cX.";"";""
"tag_start_124";"You can use other ways to get close to your opponent, too,\n⏎but let's focus on resetting block strings with dashes for now.\n⏎\k⏎⏎\\@MESSAGE@⏎Caution: Block string resets are \c40FFCDhigh-commitment moves.\cX\n⏎If your opponent anticipates your reset and presses \@A@, for example,\n⏎you'll get nailed with a counter hit.\n⏎\n⏎⏎As long as your block string continues, it'll be your turn--but once the string ends, so will your turn.\n⏎\c40FFCDVary up\cX your block string resets to keep your opponent guessing.\n⏎\k";"Puoi anche usare altri modi per avvicinarti all'avversario,\n⏎ma per ora concentriamoci sul ripristino delle serie bloccate con lo scatto.\n⏎\k⏎⏎\\@MESSAGE@⏎Attenzione: il ripristino di una serie bloccata è una \c40FFCDmossa rischiosa\cX.\n⏎Se l'avversario anticipa il tuo ripristino e preme \@A@, ad esempio,\n⏎ti inchioderà con un colpo di contrasto.\n⏎\n⏎⏎Finché la tua serie bloccata continua, sarà il tuo turno, ma una volta terminata, anche il tuo turno terminerà.\n⏎\c40FFCDVaria\cX i ripristini della serie bloccata per mantenere l'avversario nell'incertezza.\n⏎\k";"";""
"tag_skill_124_03";"Short Dash - \@66@";"Scatto breve - \@66@";"";""
"tag_skill_124_04";"\@2+A@ (Reset)";"\@2+A@ (ripristino)";"";""
"tag_title_125";"Frame Trap";"Contrattacco a esca";"";""
"tag_expla_125";"When you deal counter hit damage to an opponent that tries to interrupt\n⏎your block string, that's called a \cFFCD40frame trap.\cX Frame traps are effective\n⏎against opponents who consistently \c40FFCDtry to mash out of your block string resets.\cX";"Quando infliggi danno da colpo di contrasto a un avversario\n⏎che cerca di interrompere la tua serie bloccata, si dice che hai eseguito un \cFFCD40contrattacco a esca\cX.\n⏎I contrattacchi a esca sono efficaci contro gli avversari che \c40FFCDcercano sempre di interrompere i tuoi ripristini di serie bloccate martellando i comandi\cX.";"";""
"tag_start_125";"Let's take a look at how mashing out and frame traps interact.⏎\k";"Diamo un'occhiata a come interagiscono le interruzioni a martello e i contrattacchi a esca.⏎\k";"";""
"tag_skill_125_02";"Dash - \@66@";"Scatta - \@66@";"";""
"tag_skill_125_03";"Lose to the opponent's attempt to mash out";"Perdi contro il tentativo di interruzione a martello dell'avversario";"";""
"tag_skill_125_06";"\@2+C@ (Frame trap the mashing opponent)";"\@2+C@ (Contrattacco a esca contro interruzione a martello)";"";""
"tag_title_126";"Frame Traps with Delayed Cancels";"Contrattacco a esca con annullamenti con ritardo";"";""
"tag_expla_126";"You can cancel your normal and special attacks slightly later after they hit.\n⏎Taking advantage of this \cFFCD40delay canceling\cX can help you execute \c40FFCDframe traps\cX too.";"Puoi annullare i tuoi attacchi normali e speciali appena dopo che hanno colpito.\n⏎Sfruttare questo \cFFCD40annullamento con ritardo\cX può aiutarti anche a eseguire \c40FFCDcontrattacchi a esca\cX.";"";""
"tag_start_126";"For example, if you use Hyde's \@A@>\@B@ Passing Link as usual,\n⏎your opponent will be stuck guarding and unable to interrupt.\n⏎But if you delay the \@B@ input slightly,\n⏎you can open up a small gap in their guard.⏎\k⏎⏎\\@MESSAGE@⏎Creating a gap in your opponent's guard gives you a chance for a frame trap.\n⏎This is especially useful against opponents who consistently press quick attack buttons while guarding.\n⏎\n⏎If your opponent's plan is to block all of your attacks, then mash out with \@A@ and take their turn,\n⏎they'll easily be able to do so if you let up your offensive pressure with predictable timing.\n⏎\n⏎But with delayed cancels, you can make this timing unpredictable\n⏎and trick your opponent into thinking you're done applying pressure.\n⏎Then you can catch them mashing at the wrong time!⏎\k⏎⏎\\@MESSAGE@⏎In this challenge, the opponent will mash out with \@A@ when they come to a gap in their guard.\n⏎Use a delayed standing \@B@ to frame trap the opponent.\n⏎\n⏎If the opponent blocks your \@B@, you didn't delay the input enough.\n⏎If the opponent's \@A@ hits you instead, you delayed the input for too long.⏎\k";"Ad esempio, se usi il Passing Link \@A@ > \@B@ di Hyde come sempre,\n⏎l'avversario sarà bloccato in guardia e non potrà interrompere.\n⏎Ma se ritardi leggermente il comando \@B@,\n⏎puoi aprire un piccolo varco nella sua guardia.⏎\k⏎⏎\\@MESSAGE@⏎Aprire un varco nella guardia dell'avversario ti dà la possibilità di usare un contrattacco a esca.\n⏎Questo è particolarmente utile contro gli avversari che martellano continuamente i pulsanti di attacco veloce durante la guardia.\n⏎\n⏎Se il piano dell'avversario è parare tutti i tuoi attacchi, poi martellare con \@A@ ed eseguire il proprio turno, \n⏎potrà farlo facilmente se allenti la pressione offensiva con un tempismo prevedibile.\n⏎\n⏎Ma con gli annullamenti con ritardo, puoi rendere imprevedibile il tuo ritmo\n⏎e ingannare l'avversario facendogli credere che hai smesso di fare pressione.\n⏎Quindi potrai sorprenderlo quando martella nel momento sbagliato!⏎\k⏎⏎\\@MESSAGE@⏎In questa sfida, l'avversario interromperà a martello con \@A@ quando arriva a un varco nella sua guardia.\n⏎Usa \@B@ in piedi con ritardo per intrappolare l'avversario con un contrattacco a esca.\n⏎\n⏎Se l'avversario para il tuo \@B@, non hai ritardato abbastanza il comando.\n⏎Se invece l'avversario ti colpisce con \@A@, hai ritardato troppo il comando.⏎\k";"";""
"tag_skill_126_00";"Standing \@A@ (Guard) - \@A@";"\@A@ in piedi (guardia) - \@A@";"";""
"tag_skill_126_01";"Delayed standing \@B@ (Frame Trap) - \@B@";"\@B@ in piedi con ritardo (contrattacco a esca) - \@B@";"";""
"tag_title_127";"Combos with Built-In Frame Traps";"Combo con contrattacchi a esca integrati";"";""
"tag_expla_127";"Players recover faster from blocking than they do from being hit.\n⏎In other words, \c40FFCDattacks that just barely string together for a combo\cX\n⏎leave gaps in your opponents' defense.\n⏎With that in mind, you can \cFFCD40perform combos that have frame traps built in.\cX";"I giocatori si riprendono più rapidamente da una parata che da un colpo subito.\n⏎In altre parole, \c40FFCDgli attacchi che si incatenano a malapena per una combo\cX lasciano varchi nella difesa dell'avversario.\n⏎Prendendo in considerazione questo aspetto, puoi \cFFCD40eseguire combo con contrattacchi a esca integrati\cX.";"";""
"tag_start_127";"For example, Hyde's \@A@>\@C@ Passing Link\n⏎doesn't put your opponent in guard lock when they block it.\n⏎That means you can easily create gaps in your opponent's defense.⏎\k";"Ad esempio, il Passing Link \@A@ > \@C@ di Hyde\n⏎non mette l'avversario in guardia assoluta quando lo para.\n⏎Questo significa che puoi aprire varchi nella difesa dell'avversario con facilità.⏎\k";"";""
"tag_skill_127_00";"Standing \@A@ (Guard) - \@A@";"\@A@ in piedi (guardia) - \@A@";"";""
"tag_skill_127_01";"Standing \@C@ (Frame Trap) - \@C@";"\@C@ in piedi (contrattacco a esca) - \@C@";"";""
"tag_title_128";"Block Strings Using Standing \@A@ Chain Cancel";"Serie bloccate con annullamento a catena di \@A@ in piedi";"";""
"tag_expla_128";"Since standing \@A@ can use Smart Steer, it cannot typically be chain canceled.\n⏎However, if you repeatedly press \@4+A@ when it's blocked,\n⏎you can \cFFCD40chain cancel\cX the standing \@A@.";"Dato che \@A@ in piedi può sfruttare le Manovre smart, in genere non si può annullare a catena.\n⏎Tuttavia, se premi \@4+A@ ripetutamente quando viene parato,\n⏎puoi \cFFCD40annullare a catena\cX \@A@ in piedi.";"";""
"tag_start_128";"This technique works great with characters with significant reach on their standing \@A@.\n⏎\n⏎You can safely create distance between yourself and your opponent when they block,\n⏎or use a delayed cancel to frame trap them.⏎\k";"Questa tecnica è eccellente con i personaggi che hanno un buon allungo con \@A@ in piedi.\n⏎\n⏎Puoi mantenere una distanza di sicurezza tra te e l'avversario quando para\n⏎o usare un annullamento con ritardo per far scattare un contrattacco a esca.⏎\k";"";""
"tag_skill_128_00";"Chain Cancel Standing \@A@ and Make the Opponent Block 3 times - \@A>4+A>4+A@";"Annulla a catena \@A@ in piedi e fai parare l'avversario 3 volte - \@A>4+A>4+A@";"";""
"tag_title_129";"Block Strings and Mashing";"Serie bloccate e martellamento";"";""
"tag_expla_129";"If the first attack in a sequence hits, continue into a combo.\n⏎If it's blocked, continue into a block string.\n⏎After a \cFFCD40block string,\cX try for a reset or \cFFCD40frame trap\cX if they try to mash out.\n⏎\c40FFCDMashing out will beat a reset; doing nothing will beat a frame trap attempt.\cX";"Se il primo attacco di una sequenza va a segno, continua con una combo. Se viene parato, continua\n⏎con una serie bloccata. Dopo la tua \cFFCD40serie bloccata,\cX tenta un ripristino, oppure usa un\n⏎\cFFCD40contrattacco a esca\cX se l'avversario tenta di liberarsi martellando. Se sei in difesa, \c40FFCDmartella\n⏎per sventare il ripristino e non fare nulla per sventare un tentativo di contrattacco a esca\cX.";"";""
"tag_start_129";"If you expect your opponent will try a reset,\n⏎it's best to mash out a crouching \@A@ and try for a hit confirm.\n⏎If you can confirm two or three hits with crouching \@A@,\n⏎you can aim for a reset of your own, since it's safe when blocked.⏎\k";"Se pensi che l'avversario tenterà un ripristino, l'ideale è martellare \@A@ rannicchiato e provare a confermare il colpo.\n⏎Se riesci a confermare due o tre colpi con \@A@ rannicchiato,\n⏎puoi tentare tu il ripristino, dato che non corri rischi quando viene parato.⏎\k";"";""
"tag_title_130";"Fall Recovery";"Ripresa dalla caduta";"";""
"tag_expla_130";"When you're hit and knocked into the air, hold down an attack button\n⏎to \cFFCD40recover from the fall!\cX You'll be invulnerable while recovering,\n⏎allowing you to \c40FFCDavoid any follow-up attacks.\cX";"Quando ti colpiscono e ti scagliano in aria,\n⏎tieni premuto un attacco per \cFFCD40riprenderti dalla caduta\cX!\n⏎Sarai invulnerabile mentre ti riprendi, perciò \c40FFCDeviterai gli attacchi a seguire\cX.";"";""
"tag_start_130";"Don't worry--you'll stay invulnerable until you get back on your feet!⏎\k";"Non preoccuparti: rimarrai invulnerabile finché non ti rimetterai in piedi!⏎\k";"";""
"tag_skill_130_00";"Fall Recovery - Hold \@AorBorC@ when hit";"Ripresa dalla caduta - tieni premuto \@AoBoC@ quando subisci un colpo";"";""
"tag_title_131";"Recovery Direction";"Direzione della ripresa";"";""
"tag_expla_131";"If you press forward or backward while recovering from a fall, you can\n⏎\cFFCD40choose the direction you roll in.\cX You don't want to end up in the corner,\n⏎so \c40FFCDroll towards the center of the stage\cX when you can.";"Se premi avanti o indietro mentre ti riprendi dalla caduta,\n⏎puoi \cFFCD40scegliere la direzione della capriola\cX.\n⏎È meglio non finire spalle al muro, quindi \c40FFCDfai una capriola verso il centro del livello\cX ogni volta che puoi.⏎";"";""
"tag_start_131";"Get hit on purpose so you can try recovering in each direction.\n⏎Note that after you're slammed to the ground, you can't roll forward to recover.\n⏎\k";"Fatti colpire di proposito in modo da provare la ripresa in tutte le direzioni.\n⏎Ricorda che, se ti scaraventano a terra, non puoi riprenderti con una capriola in avanti.\n⏎\k";"";""
"tag_skill_131_00";"Forward Recovery - Hold \@6+AorBorC@ when hit";"Ripresa in avanti - tieni premuto \@6+AoBoC@ quando subisci un colpo";"";""
"tag_skill_131_01";"Neutral Recovery - Hold \@AorBorC@ when hit";"Ripresa sul posto - tieni premuto \@AoBoC@ quando subisci un colpo";"";""
"tag_skill_131_02";"Backward Recovery - Hold \@4+AorBorC@ when hit";"Ripresa all'indietro - tieni premuto \@4+AoBoC@ quando subisci un colpo";"";""
"tag_title_132";"Types of Fall Recovery";"Tipi di ripresa dalla caduta";"";""
"tag_expla_132";"There are three types of \cFFCD40fall recoveries\cX: Aerial Recovery, Ground Recovery,\n⏎and Emergency Recovery.\n⏎Use different types and directions to \c40FFCDkeep your opponent guessing.\cX";"Esistono tre tipi di \cFFCD40ripresa dalla caduta\cX: ripresa aerea, ripresa a terra e ripresa d'emergenza.\n⏎Usa tipi e direzioni diversi per \c40FFCDessere imprevedibile\cX.";"";""
"tag_start_132";"When recovering in midair, you can roll forward or backward, or recover vertically.\n⏎When recovering on the ground or in an emergency, you can only roll backward or stand up neutrally.\n⏎\n⏎Note that rolling backward for recovery\n⏎will cause your GRD Gauge to decrease slightly.\n⏎\k⏎⏎\\@MESSAGE@⏎Let's look at each type of recovery.\n⏎\n⏎Get hit on purpose and try each type of roll.\n⏎\c40FFCDTry to vary up your roll timing!\cX⏎\k";"Quando ti riprendi a mezz'aria, puoi fare una capriola in avanti o all'indietro o riprenderti sul posto.\n⏎Durante la ripresa a terra o d'emergenza, puoi solo fare una capriola all'indietro o alzarti sul posto.\n⏎\n⏎Ricorda che una capriola all'indietro durante la ripresa\n⏎farà calare leggermente la barra GRD.\n⏎\k⏎⏎\\@MESSAGE@⏎Diamo un'occhiata a ciascun tipo di ripresa.\n⏎\n⏎Fatti colpire di proposito e prova ogni tipo di capriola.\n⏎\c40FFCDProva a variare il tempismo della capriola!\cX⏎\k";"";""
"tag_skill_132_00";"Aerial Recovery - Hold \@AorBorC@ in midair when hit";"Ripresa aerea - tieni premuto \@AoBoC@ a mezz'aria quando subisci un colpo";"";""
"tag_skill_132_01";"Ground Recovery - Press \@AorBorC@ upon landing from a hit";"Ripresa a terra - premi \@AoBoC@ all'atterraggio dopo un colpo";"";""
"tag_skill_132_02";"Emergency Recovery - Press \@AorBorC@ after being fully knocked down";"Ripresa d'emergenza - premi \@AoBoC@ quando sei al tappeto";"";""
"tag_title_133";"Avoiding Mid-Screen Forward Recovery Escapes";"Evitare le fughe a metà schermo con la ripresa in avanti";"";""
"tag_expla_133";"\cFFCD40Forward aerial recovery\cX is often used to escape being shoved into a corner\n⏎and roll towards the middle of the screen after midair combos.\n⏎If your opponent tries this, \c40FFCDback up to maintain your relative positioning.\cX";"La \cFFCD40ripresa aerea in avanti\cX viene usata spesso per evitare di finire spalle al muro e raggiungere il centro dello schermo con una capriola dopo le combo a mezz'aria.\n⏎Se l'avversario prova questa tecnica, \c40FFCDindietreggia per mantenere la posizione relativa\cX.";"";""
"tag_start_133";"Of course, you can also end your aerial combos with moves that slam your opponent to the ground\n⏎so that they can't roll forward to recover in the first place.\n⏎\k⏎⏎\\@MESSAGE@⏎After finishing an aerial combo, you should generally dash or backstep\n⏎to adjust your positioning so that your opponent can't roll over your head as they recover.\n⏎\n⏎Alternatively, you can move into position where your opponent would end up after a forward recovery,\n⏎then move slighty to the left or right just before they land and try for a cross-up attack\n⏎as they hit the ground.\n⏎They'll have a hard time choosing which direction to guard.⏎\k";"Naturalmente, puoi anche terminare le combo aeree con mosse che scaraventano a terra l'avversario, così non potrà riprendersi con una capriola in avanti.\n⏎\k⏎⏎\\@MESSAGE@⏎Di solito, dopo aver terminato una combo aerea, dovresti scattare o fare un passo indietro\n⏎per regolare la tua posizione in modo che l'avversario non possa scavalcarti con una capriola mentre si riprende.\n⏎\n⏎In alternativa, puoi portarti nella posizione in cui finirebbe l'avversario dopo una ripresa in avanti,\n⏎poi spostarti leggermente a sinistra o a destra poco prima che atterri e tentare un attacco in virata appena tocca il suolo.\n⏎Farà fatica a scegliere in quale direzione mettersi in guardia.⏎\k";"";""
"tag_title_134";"Attacking on Stand-Up";"Attaccare l'avversario che si rialza";"";""
"tag_expla_134";"If you \c40FFCDattack your opponent as they stand up after a fall--called ""wake-up""--\cX\n⏎you're using a technique called \cFFCD40Okizeme.\cX\n⏎Okizeme lets you keep up the offensive pressure without giving your opponent\n⏎any chance to retaliate after being knocked down.";"Se \c40FFCDattacchi l'avversario mentre si rialza dopo una caduta\cX (""risveglio""),\n⏎stai usando una tecnica chiamata \cFFCD40okizeme\cX.\n⏎L'okizeme ti consente di mantenere la pressione offensiva senza dare all'avversario una possibilità di rispondere dopo essere stato messo al tappeto.";"";""
"tag_start_134";"Attacking your opponent during their wake-up is known as okizeme,\n⏎and attacking as they roll to recover is known as recovery trapping.⏎\k⏎⏎\\@MESSAGE@⏎Let's say you knock your opponent down with a combo,\n⏎then watch their timing as they recover or get back up\n⏎and land another attack as soon as they can move again.\n⏎\n⏎If they try to retaliate with \@A@ upon wake-up,\n⏎your attack will land first and deal damage before they can do anything.\n⏎\n⏎This threat can force them to act defensively by guarding or backstepping instead of being proactive.⏎\k⏎⏎\\@MESSAGE@⏎Let's try using okizeme to land a combo when the opponent tries to mash out an attack on wake-up!⏎\k";"Attaccare l'avversario durante il risveglio si chiama okizeme,\n⏎e attaccare durante la capriola di ripresa si chiama trappola di ripresa.⏎\k⏎⏎\\@MESSAGE@⏎Ipotizziamo che mandi al tappeto l'avversario con una combo,\n⏎poi lo osservi mentre si riprende o si rialza\n⏎e sferri un altro attacco non appena può muoversi di nuovo.⏎\n⏎Se prova a rispondere con \@A@ al risveglio,\n⏎il tuo attacco arriverà a segno per primo e infliggerà danni prima che lui possa fare qualcosa.\n⏎\n⏎Questa minaccia può costringerlo ad agire in modo difensivo, proteggendosi o indietreggiando invece di prendere l'iniziativa.⏎\k⏎⏎\\@MESSAGE@⏎Proviamo a usare l'okizeme per mettere a segno una combo quando l'avversario prova a martellare un attacco al risveglio!⏎\k";"";""
"tag_skill_134_00";"Crouching \@C@ - \@2+C@";"\@C@ rannicchiato - \@2+C@";"";""
"tag_skill_134_01";"Crouching \@A@ on the Opponent's Wake-up - \@2+A@";"\@A@ rannicchiato al risveglio dell'avversario - \@2+A@";"";""
"tag_skill_134_02";"Crouching \@B@ - \@2+B@";"\@B@ rannicchiato - \@2+B@";"";""
"tag_skill_134_03";"Crouching \@C@ - \@2+C@";"\@C@ rannicchiato - \@2+C@";"";""
"tag_title_135";"Anti-Okizeme";"Anti-okizeme";"";""
"tag_expla_135";"You might get caught by \cFFCD40okizeme\cX if you mash attacks while waking up.\n⏎\c40FFCDDefend yourself\cX by using defensive mechanics like guarding instead.";"Se martelli attacchi al risveglio, puoi trovarti vittima di un \cFFCD40okizeme\cX.\n⏎\c40FFCDDifenditi\cX usando invece tecniche difensive, come la guardia.";"";""
"tag_start_135";"Get knocked down on purpose\n⏎and try guarding against the opponent's okizeme.⏎\k";"Fatti mandare al tappeto di proposito\n⏎e prova a difenderti dall'okizeme dell'avversario.⏎\k";"";""
"tag_skill_135_00";"Get Knocked Down";"Fatti mandare al tappeto";"";""
"tag_skill_135_01";"Crouching Guard on Wake-up - \@1@";"Guardia rannicchiata al risveglio - \@1@";"";""
"tag_title_136";"Invulnerable Reversals";"Inversioni invulnerabili";"";""
"tag_expla_136";"Performing a move as soon as you \c40FFCDrecover from being attacked\cX is called\n⏎a \cFFCD40Reversal.\cX Any attacks you make after guarding, on wake-up, or after\n⏎a recovery roll are considered reversals. If you use an invulnerable\n⏎attack as a reversal, you'll beat your opponent's attempts at okizeme.";"Eseguire una mossa non appena \c40FFCDti riprendi da un attacco subito\cX si chiama \cFFCD40inversione\cX.\n⏎Tutti gli attacchi effettuati dopo la guardia, al risveglio o dopo una capriola di ripresa sono considerati inversioni.\n⏎Se usi un attacco invulnerabile come inversione, sventerai i tentativi di okizeme dell'avversario.";"";""
"tag_start_136";"Get hit on purpose, then try countering the opponent's okizeme\n⏎with your invulnerable \@623+B@ attack.\n⏎The trick is to \c40FFCDinput the command just before you stand back up.\cX⏎\k";"Fatti colpire di proposito, quindi prova a contrastare l'okizeme dell'avversario\n⏎con il tuo attacco \@623+B@ invulnerabile.\n⏎Il trucco è \c40FFCDusare il comando appena prima di rialzarti\cX.⏎\k";"";""
"tag_skill_136_00";"Invulnerable Reversal on Wake-up - \@623+B@";"Inversione invulnerabile al risveglio - \@623+B@";"";""
"tag_title_137";"Backstep Reversal";"Inversione con passo indietro";"";""
"tag_expla_137";"Since you're invulnerable at the start of a \cFFCD40backstep,\cX\n⏎you can use one as a reversal to \c40FFCDdodge your opponent's okizeme.\cX";"Dato che sei invulnerabile all'inizio di un \cFFCD40passo indietro\cX,\n⏎puoi usarne uno come inversione per \c40FFCDschivare l'okizeme dell'avversario\cX.";"";""
"tag_start_137";"Get hit on purpose, then use a backstep\n⏎to dodge the opponent's attack as you get back up.⏎\k";"Fatti colpire di proposito, quindi usa un passo indietro\n⏎per schivare l'attacco dell'avversario mentre ti rialzi.⏎\k";"";""
"tag_skill_137_00";"Backstep Reversal on Wake-up - \@4+A+B@";"Inversione con passo indietro al risveglio -\@4+A+B@";"";""
"tag_title_138";"Veil Off Reversal";"Inversione con Veil Off";"";""
"tag_expla_138";"Since you're invulnerable at the start of \cFFCD40Veil Off,\cX\n⏎you can use it to \c40FFCDturn things around.\cX\n⏎Best used when you feel you cannot escape your opponent's pressure.";"Dato che sei invulnerabile all'inizio di \cFFCD40Veil Off\cX, puoi usarlo per \c40FFCDrovesciare la situazione\cX.\n⏎Ideale quando pensi di non poter sfuggire alla pressione dell'avversario.";"";""
"tag_start_138";"Try pressing \@A+B+C@ to activate Veil Off\n⏎as you get back up.⏎\k";"Prova a premere \@A+B+C@ per attivare Veil Off\n⏎mentre ti rialzi.⏎\k";"";""
"tag_skill_138_00";"Veil Off Reversal on Wake-up - \@A+B+C@";"Inversione con Veil Off al risveglio - \@A+B+C@";"";""
"tag_title_139";"Safe Jumps";"Salti sicuri";"";""
"tag_expla_139";"If your opponent is waking up and you jump in and attempt an attack while low\n⏎to the ground, you'll have a chance to \c40FFCDland and guard before their invulnerable\n⏎reversal hits you.\cX This technique is called a \cFFCD40Safe Jump.\cX";"Se l'avversario si sta risvegliando e tu salti in avanti e tenti un attacco basso,\n⏎avrai la possibilità di \c40FFCDatterrare e metterti in guardia prima che la sua inversione invulnerabile ti colpisca.\cX\n⏎Questa tecnica è chiamata \cFFCD40salto sicuro\cX.";"";""
"tag_start_139";"Safe jumps let you perform okizeme without fear.\n⏎Make sure you practice them and use them on opponents\n⏎who consistently attempt invulnerable reversals on wake-up.⏎\k";"Con i salti sicuri puoi sferrare okizeme senza paura.\n⏎Allenati con questi salti e usali contro gli avversari\n⏎che tentano sempre inversioni invulnerabili al risveglio.⏎\k";"";""
"tag_skill_139_00";"Crouching \@C@ - \@2+C@";"\@C@ rannicchiato - \@2+C@";"";""
"tag_skill_139_01";"Crouching \@A@ (whiff) - \@2+A@";"\@A@ rannicchiato (a vuoto) - \@2+A@";"";""
"tag_skill_139_02";"Jump";"Salto";"";""
"tag_skill_139_03";"Jumping \@C@ on the Opponent's Wake-up - \@C@ in midair";"\@C@ in salto al risveglio dell'avversario - \@C@ a mezz'aria";"";""
"tag_skill_139_04";"Guard - \@4or1@";"Guardia - \@4o1@";"";""
"tag_title_140";"Safe Jump Using Chain Shift";"Salto sicuro con Chain Shift";"";""
"tag_expla_140";"If you hit your opponent with a Chain Shift Whiff Cancelable attack as they\n⏎get up and then \cFFCD40Chain Shift\cX to cancel it, you can \c40FFCDhit them\n⏎as they get up and block any invulnerable attack they try\cX at the same time.";"Se colpisci l'avversario con un attacco annullabile a vuoto con Chain Shift mentre si alza e poi\n⏎usi il \cFFCD40Chain Shift per annullarlo\cX, \c40FFCDpuoi colpirlo mentre si alza e allo stesso tempo\n⏎parare qualsiasi attacco invulnerabile che prova a sferrare\cX.";"";""
"tag_start_140";"To pull this off, you'll need to be in the Vorpal state\n⏎and have access to moves that can be whiff-canceled with Chain Shift.\n⏎If you can meet those conditions, it's a powerful option.\n⏎\n⏎Try performing okizeme with a safe jump against the opponent when they try an invulnerable attack\n⏎as they get up.⏎\k";"Per riuscire a eseguire questa tecnica, dovrai essere in stato Vorpal\n⏎e avere accesso a mosse che possono essere annullate a vuoto con Chain Shift.\n⏎Se riesci a soddisfare queste condizioni, è un'opzione potente.\n⏎\n⏎Prova a eseguire un okizeme con un salto sicuro contro l'avversario quando tenta un attacco invulnerabile mentre si alza.⏎\k";"";""
"tag_skill_140_00";"Crouching \@C@ - \@2+C@";"\@C@ rannicchiato - \@2+C@";"";""
"tag_skill_140_01";"\@22+A@ on the Opponent's Wake-up";"\@22+A@ al risveglio dell'avversario";"";""
"tag_skill_140_02";"Chain Shift - \@DD@ during Vorpal";"Chain Shift - \@DD@ durante Vorpal";"";""
"tag_skill_140_03";"Guard - \@4or1@";"Guardia - \@4o1@";"";""
"tag_title_141";"Baiting Backstep Reversals";"Esca per inversioni con passo indietro";"";""
"tag_expla_141";"If you try to attack your opponent as they wake up, and they \cFFCD40backstep,\cX your\n⏎attack will miss--because they'll be invulnerable at the start of the backstep.\n⏎However, as the backstep ends, they'll be vulnerable again. That means\n⏎you can hit them an okizeme with \c40FFCDlong reach that stays active for a while.\cX";"Se provi ad attaccare l'avversario mentre si risveglia e lui fa un \cFFCD40passo indietro\cX,\n⏎il tuo attacco lo mancherà, perché sarà invulnerabile all'inizio del passo indietro.\n⏎Tuttavia, alla fine del passo indietro, sarà di nuovo vulnerabile. Questo significa\n⏎che puoi colpirlo con un okizeme a \c40FFCDlunga portata che rimane attivo per qualche istante\cX.";"";""
"tag_start_141";"The opponent will try a backstep on wake-up.\n⏎Chase them down and hit them!⏎\k";"L'avversario tenterà un passo indietro al risveglio.\n⏎Inseguilo e colpisci!⏎\k";"";""
"tag_skill_141_00";"Crouching \@C@ to Knock Down the Opponent - \@2+C@";"\@C@ rannicchiato per mandare al tappeto l'avversario - \@2+C@";"";""
"tag_skill_141_01";"Walk or Dash to the Opponent - \@6or66@";"Cammina o scatta verso l'avversario - \@6o66@";"";""
"tag_skill_141_02";"Crouching \@C@ Against the Backstep - \@2+C@";"\@C@ rannicchiato contro il passo indietro - \@2+C@";"";""
"tag_skill_141_03";"Standing \@C@ - \@C@";"\@C@ in piedi - \@C@";"";""
"tag_title_142";"Chain Shift Reversal";"Inversione con Chain Shift";"";""
"tag_expla_142";"\cFFCD40Chain Shifts\cX include a \c40FFCDtime-freezing effect, which allows you to scope out your opponent's okizeme\cX if you use one on wake-up.\n⏎Take advantage of this effect and nail the reversal with an invulnerable attack!";"I \cFFCD40Chain Shift\cX includono un \c40FFCDeffetto di blocco dello schermo che ti consente di individuare l'okizeme dell'avversario\cX se ne usi uno al risveglio.\n⏎Approfitta di questo effetto e metti a segno un'inversione perfetta con un attacco invulnerabile!";"";""
"tag_start_142";"It takes more than sheer willpower to save yourself from okizeme.\n⏎With a Chain Shift's time freeze, you can see what your opponent has planned\n⏎and make the right moves to survive it.⏎\k";"Ci vuole più della semplice forza di volontà per salvarti da un okizeme.\n⏎Con l'effetto di blocco dello schermo del Chain Shift, puoi scoprire i piani dell'avversario e fare la mossa giusta per sopravvivere.⏎\k";"";""
"tag_skill_142_00";"Wake Up or Recover";"Risvegliati o riprenditi";"";""
"tag_skill_142_01";"Chain Shift Reversal - \@DD@ during Vorpal";"Inversione con Chain Shift - \@DD@ durante Vorpal";"";""
"tag_skill_142_02";"Counter with an Invulnerable Attack - \@623+B@ after time freeze";"Contrattacco con un attacco invulnerabile - \@623+B@ dopo il blocco schermo";"";""
"tag_title_143";"Shield";"Scudo";"";""
"tag_expla_143";"\cFFCD40Shield\cX is a \c40FFCDtype of guard that creates space between you and your opponent.\cX\n⏎It also nullifies any chip damage. You can use Shield by pressing\n⏎the \@D@ button while holding the guard direction.";"Lo \cFFCD40Scudo\cX è un \c40FFCDtipo specifico di guardia che crea distanza tra te e l'avversario\cX.\n⏎Inoltre, annulla eventuali danni superficiali che subiresti in guardia.\n⏎Per usare lo Scudo, premi \@D@ mentre mantieni la direzione di guardia.";"";""
"tag_start_143";"You can hold down \@D@ to extend the Shield.⏎\k⏎⏎\\@MESSAGE@⏎When you block an attack with Shield, your GRD Gauge will greatly increase.\n⏎This is a crucial way to boost your GRD Gauge!\n⏎\n⏎Shield is relatively easy to use against projectiles.\n⏎Try it yourself!⏎\k";"Puoi tenere premuto \@D@ per estendere lo Scudo.⏎\k⏎⏎\\@MESSAGE@⏎Quando pari un attacco con lo Scudo, la tua barra GRD si riempirà notevolmente.\n⏎Questo è un metodo fondamentale per riempire la barra GRD!\n⏎\n⏎Lo Scudo è relativamente facile da usare contro i proiettili.\n⏎Prova di persona!⏎\k";"";""
"tag_skill_143_00";"Shield - \@4or1+D@";"Scudo - \@4o1+D@";"";""
"tag_skill_143_01";"Guard Against the Opponent's Attack with Shield";"Difenditi dall'attacco dell'avversario con lo Scudo";"";""
"tag_title_144";"Aerial Shield";"Scudo aereo";"";""
"tag_expla_144";"You can also use Shield in the air.\n⏎An \cFFCD40Aerial Shield\cX can \c40FFCDguard against jump attacks,\cX\n⏎which typically can't be blocked in midair.";"Puoi anche usare lo Scudo a mezz'aria.\n⏎Lo \cFFCD40Scudo aereo\cX può \c40FFCDdifendere dagli attacchi in salto\cX, che in genere non possono essere parati a mezz'aria.";"";""
"tag_start_144";"Use cases for Aerial Shield are limited,\n⏎but it's effective when you and your opponent are both in the air\n⏎and you want to block their jump attack.\n⏎\n⏎Try using Aerial Shield to guard against the opponent's jump attack.⏎\k";"Le occasioni in cui usare lo Scudo aereo sono limitate,\n⏎ma è efficace quando tu e l'avversario siete entrambi in aria\n⏎e vuoi bloccare il suo attacco in salto.\n⏎\n⏎Prova a usare lo Scudo aereo per proteggerti dall'attacco in salto dell'avversario.⏎\k";"";""
"tag_skill_144_00";"Aerial Shield - \@7or4or1+D@ in midair";"Scudo aereo - \@7o4o1+D@ a mezz'aria";"";""
"tag_skill_144_01";"Block the Opponent's Attack with Aerial Shield";"Para l'attacco dell'avversario con lo Scudo aereo";"";""
"tag_title_145";"Anti-Air Shield";"Scudo antiaereo";"";""
"tag_expla_145";"\c40FFCDA jump attack that has been blocked with Shield can't be canceled\cX into another \n⏎action. On top of that, its landing recovery time increases.\n⏎Using \cFFCD40Shield as an anti-air maneuver\cX gives you the opportunity to retaliate!";"\c40FFCDUn attacco in salto che è stato bloccato con lo Scudo non può essere annullato\cX in un'altra azione.\n⏎Inoltre, aumenta il tempo di ripresa all'atterraggio.\n⏎Usare \cFFCD40lo Scudo come manovra antiaerea\cX ti dà l'opportunità di rispondere!";"";""
"tag_start_145";"Try using Shield to block a jump attack, then countering it.⏎\k";"Prova a usare lo Scudo per parare un attacco in salto, quindi sferra un contrattacco.⏎\k";"";""
"tag_skill_145_00";"Block the Opponent's Attack with Shield - \@4+D@";"Para l'attacco dell'avversario con lo Scudo - \@4+D@";"";""
"tag_skill_145_01";"Crouching \@A@ - \@2+A@";"\@A@ rannicchiato - \@2+A@";"";""
"tag_skill_145_02";"Crouching \@B@ - \@2+B@";"\@B@ rannicchiato - \@2+B@";"";""
"tag_skill_145_03";"Crouching \@C@ - \@2+C@";"\@C@ rannicchiato - \@2+C@";"";""
"tag_title_146";"Guard Shield";"Scudo in guardia";"";""
"tag_expla_146";"Perform \cFFCD40Guard Shield\cX by pressing \@4+D@ or \@1+D@ while guarding. \c40FFCDThe Shield\n⏎will be successful if you block an attack during Guard Shield.\cX But if\n⏎you use Guard Shield without blocking an attack, your GRD Gauge will decrease.";"Esegui \cFFCD40Scudo in guardia\cX premendo \@4+D@ o \@1+D@ durante la guardia.\n⏎\c40FFCDLo Scudo avrà successo se pari un attacco durante Scudo in guardia.\cX⏎\n⏎Se usi lo Scudo in guardia senza parare un attacco, la tua barra GRD diminuirà.";"";""
"tag_start_146";"Try activating Guard Shield while defending against the opponent's attack.\n⏎\n⏎Note that using Guard Shield will keep you immobilized for longer after guarding.⏎\k";"Prova ad attivare lo Scudo in guardia mentre ti difendi dall'attacco dell'avversario.\n⏎\n⏎Ricorda che usare lo Scudo in guardia ti manterrà immobile più a lungo dopo la guardia.⏎\k";"";""
"tag_skill_146_00";"Block the Opponent's Attack with Guard Shield - \@4or1+D@ while guarding";"Para l'attacco con lo Scudo in guardia - \@4o1+D@ mentre sei in guardia";"";""
"tag_title_147";"Counter Guard Shields with Throws";"Contrastare gli Scudi in guardia con le proiezioni";"";""
"tag_expla_147";"If your opponent tries to use \cFFCD40Guard Shield,\cX you can counter it by \c40FFCDresetting\n⏎your pressure and going for a throw.\cX Your opponent will use Guard Shield,\n⏎expecting your attack sequence to continue.\n⏎Stop it short to bait out the Guard Shield, then go for the throw!";"Se l'avversario cerca di usare lo \cFFCD40Scudo in guardia\cX, puoi contrastarlo \c40FFCDtornando a fare pressione\n⏎e cercando la proiezione\cX. L'avversario userà lo Scudo in guardia, aspettandosi che la tua\n⏎sequenza di attacco continui. Interrompi la sequenza in anticipo per indurre l'avversario\n⏎a usare uno Scudo in guardia, poi cerca la proiezione!";"";""
"tag_start_147";"If your opponent repeatedly succeeds at using Guard Shield, their GRD Gauge will greatly increase.\n⏎It's important to keep them guessing when it comes to your attack sequences.\n⏎\n⏎If you can break through their Guard Shield with a throw, you'll put them in the GRD Break state,\n⏎swinging the situation strongly in your favor.⏎\k⏎⏎\\@MESSAGE@⏎Let's say you tried a hit confirm with Crouching \@A@ > Crouching \@A@\n⏎and your opponent blocks, so you use Crouching \@A@ > Standing \@B@ > Standing \@C@ > \@236+A@\n⏎to keep yourself safe.\n⏎\n⏎This is a strong sequence, but \c40FFCDusing it over and over again\cX will make you too predictable.\n⏎Your opponent will use Guard Shield after your Crouching \@A@ or Standing \@B@ sooner or later.\n⏎\n⏎That's when you stop your sequence, letting it end on a fast move like Crouching \@A@\n⏎to \c40FFCDbait out the Guard Shield\cX before going for a throw.\n⏎\k⏎⏎\\@MESSAGE@⏎Since your opponent's Guard Shield will make it take longer for them to be able to act again,\n⏎you'll easily have time to go for a throw, even if you stop your sequence midway to do so.\n⏎\n⏎On top of that, if they try to use Guard Shield against one of your heavier attacks,\n⏎you can use a Chain Shift cancel to reduce your own recovery time and go for a throw instead.\n⏎\n⏎In this challenge, the opponent will \c40FFCDrandomly use Guard Shield against your attacks.\cX\n⏎Use moves like Crouching \@A@ in your block string, then throw them and put them\n⏎in GRD Break state to complete the challenge.";"Se l'avversario riesce a usare più volte uno Scudo in guardia, la sua barra GRD si riempirà molto.\n⏎È importante che non riesca a indovinare quale sequenza di attacco userai.\n⏎\n⏎Se riesci a sfondare il suo Scudo in guardia con una proiezione, lo metterai in stato di Interruzione GRD,\n⏎e questo capovolgerà lo scontro a tuo favore.⏎\k⏎⏎\\@MESSAGE@⏎Ipotizziamo che tu abbia tentato di confermare un colpo con Crouch \@A@> Crouch \@A@\n⏎e l'avversario ti abbia parato, perciò usi Crouch \@A@> Standing \@B@> Standing \@C@> \@236+A@ per tenerti al sicuro.\n⏎\n⏎È una sequenza efficace, ma \c40FFCDusarla più e più volte\cX ti renderà troppo prevedibile.\n⏎Prima o poi, l'avversario userà uno Scudo in guardia dopo \@A@ rannicchiato o \@B@ in piedi.\n⏎\n⏎È a quel punto che devi interrompere la sequenza, chiudendola con una mossa veloce come \@A@ rannicchiato\n⏎per \c40FFCDindurre l'avversario a usare lo Scudo in guardia\cX e tentare una proiezione.\n⏎\k⏎⏎\\@MESSAGE@⏎Dato che dopo lo Scudo in guardia l'avversario impiegherà più tempo prima di poter di agire di nuovo,\n⏎avrai tempo in abbondanza per una proiezione, anche se per farlo interrompi la sequenza a metà.\n⏎\n⏎Inoltre, se prova a usare lo Scudo in guardia contro uno dei tuoi attacchi più potenti,\n⏎puoi usare un annullamento in Chain Shift per ridurre il tuo tempo di ripresa ed eseguire invece una proiezione.\n⏎\n⏎In questa sfida, a volte l'avversario \c40FFCDuserà lo Scudo in guardia contro i tuoi attacchi\cX.\n⏎Usa mosse come \@A@ rannicchiato nella tua serie bloccata, poi esegui una proiezione e metti l'avversario in stato di Interruzione GRD per completare la sfida.";"";""
"tag_skill_147_00";"Counter the Opponent's Guard Shield with a Throw - \@A+D@";"Contrasta lo Scudo in guardia con una proiezione - \@A+D@";"";""
"tag_title_148";"Vorpal";"Vorpal";"";""
"tag_expla_148";"When you meet certain conditions, you'll enter a fortified state called\n⏎\cFFCD40Vorpal.\cX During the Vorpal state, your GRD Gauge will flash\n⏎and your \c40FFCDattack power will increase\cX.";"Quando soddisfi determinate condizioni, entrerai in uno stato fortificato chiamato \cFFCD40Vorpal\cX.⏎\n⏎Durante lo stato Vorpal, la tua barra GRD lampeggerà e \c40FFCDla tua potenza d'attacco aumenterà\cX.";"";""
"tag_start_148";"The requirements for Vorpal are a bit complex, but first of all, you'll need a fairly full GRD Gauge.⏎\k⏎⏎\\@GAUGEVIEW@<1>⏎\\@MESSAGE@⏎The GRD Gauge is the gauge made up of diamonds at the bottom center of the screen.\n⏎Like the health gauges, there's one for you and one for your opponent.\n⏎\n⏎The GRD Gauge normally starts out empty,\n⏎but for this tutorial, we've filled in three diamonds on each side so you can see how it changes.⏎\k⏎⏎\\@MESSAGE@⏎If you want to enter the Vorpal state, you need to \c40FFCDkeep your GRD Gauge fuller than your opponent's \cX\n⏎for about \c40FFCDfourteen seconds\cX!\n⏎Walking forward, landing attacks, and blocking attacks will make your GRD Gauge increase.\n⏎Try building up your GRD Gauge, then wait a little bit before \c40FFCDentering the Vorpal state.\cX⏎\k";"I requisiti per Vorpal sono un po' complessi, ma prima di tutto avrai bisogno di una barra GRD piuttosto piena.⏎\k⏎⏎\\@GAUGEVIEW@<1>⏎\\@MESSAGE@⏎La barra GRD è la barra composta da rombi in basso al centro dello schermo.\n⏎Come per le barre delle salute, ce n'è una per te e una per l'avversario.\n⏎\n⏎La barra GRD normalmente inizia vuota,\n⏎ma per questo tutorial abbiamo riempito tre rombi su ciascun lato per farti vedere come cambia.⏎\k⏎⏎\\@MESSAGE@⏎Per entrare in stato Vorpal, devi tenere \c40FFCDla barra GRD più piena di quella dell'avversario \cX\nper circa \c40FFCD14 secondi\cX.⏎\n\n⏎Camminare in avanti, mettere a segno attacchi e parare attacchi riempirà la tua barra GRD.\n⏎Prova a riempire la barra GRD, poi aspetta di \c40FFCDentrare nello stato Vorpal\cX.⏎\k";"";""
"tag_skill_148_00";"Vorpal - Increase your GRD Gauge by holding \@D@ etc., then wait";"Vorpal - riempi la barra GRD tenendo premuto \@D@ ecc., poi aspetta";"";""
"tag_title_149";"TS Gauge";"Indicatore TS";"";""
"tag_expla_149";"In order for you to enter the Vorpal state, your GRD Gauge must be fuller\n⏎than your opponent's when the \cFFCD40TS Gauge completes a full cycle.\cX";"Per poter entrare in stato Vorpal, la tua barra GRD deve essere più piena\n⏎di quella dell'avversario quando \cFFCD40l'indicatore TS completa un ciclo\cX.";"";""
"tag_start_149";"⏎\\@BOXVIEW@< 0,0,0,0,0,0 >⏎\\@BOXVIEW@< 1,1,600,625,80,90 >⏎The TS Gauge is the circular gauge attached to the GRD Gauge.\n⏎As it increases, its needle turns like clock hands.\n⏎Once the needle travels a full circle and reaches the top again, a full cycle is complete.⏎\k⏎⏎\\@MESSAGE@⏎Even if you build up your GRD Gauge,\n⏎you won't enter Vorpal if it isn't more full than your opponent's\n⏎when the TS Gauge completes its cycle.\n⏎\n⏎Build up your GRD Gauge and wait a while again.\n⏎Notice how you enter the Vorpal state when the TS Gauge fully cycles.⏎\k⏎";"⏎\\@BOXVIEW@< 0,0,0,0,0,0 >⏎\\@BOXVIEW@< 1,1,600,625,80,90 >⏎L'indicatore TS è l'indicatore circolare collegato alla barra GRD.\n⏎Man mano che aumenta, il suo ago gira in senso orario.\n⏎Una volta che l'ago compie un giro completo e torna in alto, è stato completato un ciclo.⏎\k⏎⏎\\@MESSAGE@⏎Anche se riempi la barra GRD,\n⏎non entrerai in Vorpal se non è più piena di quella dell'avversario\n⏎quando l'indicatore TS completa il ciclo.\n⏎\n⏎Riempi la barra GRD e aspetta ancora un po'.\n⏎Nota come entri in stato Vorpal quando l'indicatore TS completa un ciclo.⏎\k";"";""
"tag_skill_149_00";"Vorpal - Increase your GRD Gauge by holding \@D@ etc., then wait";"Vorpal - riempi la barra GRD tenendo premuto \@D@ ecc., poi aspetta";"";""
"tag_title_150";"Concentration";"Concentrazione";"";""
"tag_expla_150";"Hold \@D@ to perform \cFFCD40Concentration.\cX\n⏎This will make your GRD Gauge increase while your opponent's decreases.\n⏎Use this when you need to \c40FFCDbuild up your GRD Gauge quickly!\cX";"Mantieni \@D@ per eseguire \cFFCD40Concentrazione\cX.\n⏎Questo riempirà la tua barra GRD mentre quella dell'avversario si svuota.\n⏎Usala quando devi \c40FFCDriempire rapidamente la barra GRD\cX!";"";""
"tag_start_150";"You can charge your GRD Gauge faster by holding the \@D@ button.\n⏎\n⏎It's best to use Concentration when the TS Gauge is almost at the end of its cycle.⏎\k";"Puoi caricare più velocemente la Barra GRD tenendo premuto \@D@.\n⏎\n⏎È meglio usare Concentrazione quando l'indicatore TS è quasi alla fine del ciclo.⏎\k";"";""
"tag_skill_150_00";"Concentration - Hold \@D@";"Concentrazione - tieni premuto \@D@";"";""
"tag_skill_150_01";"Charge up to 7 GRD Gauge diamonds";"Carica 7 rombi di barra GRD";"";""
"tag_title_151";"Force Function";"Force Function";"";""
"tag_expla_151";"Press \@B+C@ to use \cFFCD40Force Function.\cX\n⏎This move, \c40FFCDwhich is unique for each character,\cX consumes your GRD Gauge\n⏎when you use it.";"Premi \@B+C@ per usare \cFFCD40Force Function\cX.\n⏎Usare questa mossa, \c40FFCDunica per ciascun personaggio\cX, consuma la barra GRD.";"";""
"tag_start_151";"Force Function's effects depend on your character.\n⏎For example, Hyde's Force Function is a highly damaging attack.⏎\k⏎⏎\\@MESSAGE@⏎Using Force Function consumes one diamond from your GRD Gauge.\n⏎You can still use Force Function with less than one available,\n⏎but doing so will make your opponent's GRD Gauge increase.\n⏎\n⏎By the way, during Vorpal, Force Function's GRD Gauge consumption rate is halved,\n⏎and the opponent's GRD Gauge will not increase, making it easier to use.⏎\k";"Gli effetti di Force Function dipendono dal tuo personaggio.\n⏎Ad esempio, la Force Function di Hyde è un attacco di grande potenza.⏎\k⏎⏎\\@MESSAGE@⏎Usare Force Function consuma un rombo della tua barra GRD.\n⏎Puoi usare Force Function anche se hai meno di un rombo a disposizione,\n⏎ma così farai aumentare la barra GRD dell'avversario.\n⏎\n⏎A proposito, usare Force Function in stato Vorpal è più facile:\n⏎consuma solo la metà della barra GRD, e la barra GRD dell'avversario non aumenta.⏎\k";"";""
"tag_skill_151_00";"Force Function - \@B+C@";"Force Function - \@B+C@";"";""
"tag_title_152";"GRD Break";"Interruzione GRD";"";""
"tag_expla_152";"You'll enter the \cFFCD40GRD Break state\cX if you get thrown or take damage\n⏎while using Shield.\n⏎This will \c40FFCDtemporarily disable your Assault and Shield.\cX";"Entrerai in \cFFCD40stato di Interruzione GRD\cX se subisci danni o una proiezione mentre usi lo Scudo.\n⏎Questo \c40FFCDti impedirà di usare l'Assalto e lo Scudo per qualche tempo\cX.";"";""
"tag_start_152";"Try dealing damage to the standing opponent while they use Shield\n⏎to put them in the GRD Break state.⏎\k";"Prova a infliggere danni all'avversario in piedi mentre usa lo Scudo\n⏎per metterlo in stato di Interruzione GRD.⏎\k";"";""
"tag_skill_152_00";"Put the Opponent in GRD Break";"Metti l'avversario in Interruzione GRD";"";""
"tag_title_153";"GRD Break Duration";"Durata dell'Interruzione GRD";"";""
"tag_expla_153";"\c40FFCDBlocking attacks will reduce the duration of your GRD Break state.\cX\n⏎\cFFCD40GRD Breaks\cX from \@A@ attacks are so short to begin with that you'll recover\n⏎in no time.";"\c40FFCDParare attacchi ridurrà la durata del tuo stato di Interruzione GRD\cX.\n⏎\cFFCD40Le Interruzione GRD\cX degli attacchi \@A@ sono già così brevi che ti riprenderai in pochissimo tempo.";"";""
"tag_start_153";"Otherwise, however, it takes a while for the GRD Break state to end.\n⏎Using Veil Off to recover from it is another solid option.⏎\k";"Negli altri casi, tuttavia, servirà un po' di tempo prima che lo stato di Interruzione GRD termini.\n⏎Un altro buon modo per uscirne è usare Veil Off.⏎\k";"";""
"tag_title_154";"The Importance of Vorpal";"L'importanza di Vorpal";"";""
"tag_expla_154";"During \cFFCD40Vorpal,\cX you can use the powerful \c40FFCDChain Shift.\cX You'll need to\n⏎\c40FFCDbuild up your EXS Gauge\cX with Chain Shift to use\n⏎EX special attacks and Infinite Worth, which both deal very high damage.";"Durante \cFFCD40Vorpal,\cX puoi usare il potente \c40FFCDChain Shift\cX.\n⏎Dovrai \c40FFCDriempire la barra EXS\cX con Chain Shift per usare gli attacchi speciali EX e Infinite Worth,\n⏎due tecniche dal danno molto elevato.";"";""
"tag_start_154";"Chain Shift has a lot of uses, like interrupting your opponent's attacks,\n⏎reducing your recovery time, and increasing the damage of your combos.\n⏎\n⏎It's important for you to be able to use Chain Shift,\n⏎but it is equally important that your opponent cannot.⏎\k⏎⏎\\@MESSAGE@⏎Activating Chain Shift fills your EXS Gauge very quickly--\n⏎and more efficiently than landing combos.\n⏎\n⏎A full EXS Gauge gives you access to highly damaging mechanics,\n⏎so Vorpal is directly linked to dealing more damage.⏎\k⏎";"Il Chain Shift serve a molte cose, come interrompere gli attacchi dell'avversario,\n⏎ridurre i tempi di ripresa e aumentare il danno delle combo.\n⏎\n⏎È importante che tu possa usare il Chain Shift,\n⏎ma è altrettanto importante impedire che lo faccia l'avversario.⏎\k⏎⏎\\@MESSAGE@⏎Attivare un Chain Shift riempie la tua barra EXS molto rapidamente\n⏎e in modo più efficiente rispetto alle combo.\n⏎\n⏎Con una barra EXS al completo potrai usare tecniche dal danno micidiale,\n⏎perciò Vorpal è basilare per infliggere più danni.⏎\k⏎";"";""
"tag_title_155";"Strategy with the TS Gauge Active";"Strategia con indicatore TS attivo";"";""
"tag_expla_155";"In order to enter the Vorpal state, you need to have a fuller GRD Gauge than\n⏎your opponent does when the \cFFCD40TS Gauge\cX completes its cycle. That means that\n⏎\c40FFCDyour offensive and defensive strategy as the TS Gauge cycles is very important.\cX";"Per entrare in stato Vorpal, devi avere una barra GRD più piena di quella dell'avversario\n⏎quando l'\cFFCD40indicatore TS\cX completa un ciclo.\n⏎Perciò, \c40FFCDla tua strategia offensiva e difensiva alla fine del ciclo dell'indicatore TS è molto importante\cX.";"";""
"tag_start_155";"When the TS Gauge is about sixty or seventy percent through with its cycle,\n⏎actions that heavily impact the GRD Gauges--\n⏎Shields, throws, throw breaks, and Concentration--\n⏎become critical to your game plan.⏎\k";"Quando l'indicatore TS è circa al 70-80% del ciclo,\n⏎le azioni che hanno un forte impatto sulle barre GRD\n⏎(come Scudi, proiezioni, interruzioni di proiezione e Concentrazione)\n⏎diventano fondamentali per la tua strategia.⏎\k";"";""
"tag_title_156";"Shields with the TS Gauge Active";"Scudi con indicatore TS attivo";"";""
"tag_expla_156";"If your GRD Gauge is fuller than your opponent's as the \cFFCD40TS Gauge\cX is about to\n⏎complete its cycle, you should refrain from being too aggressive and instead\n⏎focus on not letting your opponent use Shield to \c40FFCDtake your GRD points.\cX";"Se la tua barra GRD è più piena di quella dell'avversario quando l'\cFFCD40indicatore TS\cX sta per completare un ciclo,\n⏎non combattere in modo troppo aggressivo e pensa invece a\n⏎impedire all'avversario di usare uno Scudo per \c40FFCDtoglierti punti GRD\cX.";"";""
"tag_start_156";"Conversely, if your GRD Gauge is lower, you should use Shield more aggressively.\n⏎Try activating it preemptively to catch your opponent's stray attacks, or using it against projectiles, \n⏎or Guard Locking combos.⏎\k⏎⏎\\@MESSAGE@⏎Be careful--taking damage while using Shield will cause a GRD Break.\n⏎During GRD Break, your GRD Gauge will disappear, eliminating any chance you had of entering Vorpal.\n⏎You should focus on predicting when your opponent will use Shield, \n⏎then try different strategies: landing an overhead attack out of Assault;\n⏎mixing in low attacks; and dashing in for throws.⏎\k";"Viceversa, se la tua barra GRD è più bassa, usa lo Scudo in modo più aggressivo.\n⏎Prova ad attivarlo preventivamente per assorbire gli attacchi vaganti dell'avversario, o a usarlo contro proiettili o per eseguire una guarda assoluta contro una combo.\k⏎\k⏎⏎\\@MESSAGE@⏎Fai attenzione: se subisci danni mentre usi lo Scudo andrai in stato di Interruzione GRD.\n⏎Durante l'Interruzione GRD, la tua barra GRD scompare, perciò non hai nessuna possibilità di entrare in stato Vorpal.\n⏎Cerca di prevedere quando l'avversario userà lo Scudo e di provare diverse strategie: sferrare un attacco discendente da Assalto,\n⏎usare tattiche miste con attacchi bassi e scattare in avanti per una proiezione.⏎\k";"";""
"tag_title_157";"Throws with the TS Gauge Active";"Proiezioni con indicatore TS attivo";"";""
"tag_expla_157";"As the \cFFCD40TS Gauge\cX nears the end of its cycle, \c40FFCDthrows become high-risk--and\n⏎high-return.\cX If you successfully throw your opponent, you can drain away\n⏎a lot of their GRD Gauge... But if they break your throw, they'll take out\n⏎a large chunk of your GRD Gauge instead.";"Quando l'\cFFCD40indicatore TS\cX si avvicina alla fine del ciclo, \c40FFCDle proiezioni diventano mosse ad alto rischio e ad alto rendimento\cX.\n⏎Se metti a segno una proiezione, puoi prosciugare gran parte della barra GRD dell'avversario...\n⏎Ma se la proiezione viene interrotta, sarai tu a perdere una bella fetta di barra.";"";""
"tag_start_157";"If you have the GRD Gauge advantage, don't just go for throws--\n⏎Try to bait out your opponent's throw breaks with moves like Assault.\n⏎If they take the bait, punish them, and you'll win the exchange!⏎\k";"Se sei in vantaggio di barra GRD, non limitarti a cercare la proiezione:\n⏎induci l'avversario a tentare un'interruzione di proiezione con mosse come l'Assalto.\n⏎Se abbocca, puniscilo e vincerai lo scambio!⏎\k";"";""
"tag_title_158";"Concentration with the TS Gauge Active";"Concentrazione con indicatore TS attivo";"";""
"tag_expla_158";"Try to slip in a \c40FFCDConcentration\cX when the \cFFCD40TS Gauge\cX nears the end of its cycle!\n⏎That will cause a dramatic shift in GRD Gauges and put you that much closer to\n⏎the Vorpal state.";"Prova a usare \c40FFCDConcentrazione\cX quando l'\cFFCD40indicatore TS\cX è vicino alla fine del ciclo!\n⏎Questo rivoluzionerà la situazione delle barre GRD e ti avvicinerà di molto allo stato Vorpal.";"";""
"tag_start_158";"The longer you use Concentration, the faster your GRD Gauge increases.\n⏎Try to get far away from your opponent for a nice, long Concentration.\n⏎\n⏎If you have the GRD Gauge advantage, though, you should rush in towards your opponent\n⏎so they won't have the chance to use Concentration.\n⏎You'll also be ready to hit them during its recovery if they do.⏎\k";"Più a lungo usi Concentrazione, più velocemente aumenta la barra GRD.\n⏎Cerca di allontanarti dall'avversario per poterti concentrare a lungo.\n⏎\n⏎Se hai il vantaggio di barra GRD, invece, scatta verso l'avversario\n⏎per impedirgli di usare Concentrazione.\n⏎Se invece riesce a usarla, potrai colpirlo mentre si riprende.⏎\k";"";""
"tag_title_159";"Chain Shift";"Chain Shift";"";""
"tag_expla_159";"During Vorpal, rapidly press \@D@ twice to trigger a \cFFCD40Chain Shift.\cX\n⏎Chain Shift will significantly increase your EXS Gauge.\n⏎This is very important, so \c40FFCDalways try to use it during Vorpal.\cX⏎";"Durante Vorpal, premi rapidamente \@D@ due volte per attivare un \cFFCD40Chain Shift\cX.\n⏎Il Chain Shift aumenta notevolmente la tua barra EXS.\n⏎Questo è molto importante, perciò \c40FFCDcerca sempre di usarlo durante Vorpal\cX.⏎";"";""
"tag_start_159";"We sometimes use \@Y@ as shorthand for Chain Shift.\n⏎\k⏎⏎\\@MESSAGE@⏎Chain Shift spends your GRD Gauge to fill your EXS Gauge.\n⏎One diamond from your GRD Gauge will give you 20% EXS.\n⏎\n⏎Try using Chain Shift!\n⏎We'll put you in a permanent Vorpal state so you can give it a try.\n⏎If your GRD Gauge is fairly full when using Chain Shift, you can fill your EXS Gauge considerably\n⏎in a flash!⏎\k";"A volte usiamo \@Y@ come abbreviazione per Chain Shift.\n⏎\k⏎⏎\\@MESSAGE@⏎Il Chain Shift svuota la tua barra GRD per riempire la barra EXS.\n⏎Un rombo di barra GRD ti darà il 20% di EXS.\n⏎\n⏎Prova a usare il Chain Shift!\n⏎Ti metteremo in stato Vorpal permanente così potrai provarlo.\n⏎Se la tua barra GRD è abbastanza piena quando usi il Chain Shift, puoi riempire di molto la barra EXS in un lampo!⏎\k";"";""
"tag_skill_159_00";"Chain Shift - \@DD@ during Vorpal";"Chain Shift - \@DD@ durante Vorpal";"";""
"tag_title_160";"Chain Shift Cancel";"Annullamento in Chain Shift";"";""
"tag_expla_160";"You can use \cFFCD40Chain Shift\cX by canceling the recovery of normal\n⏎and special attacks. You can also use it as a \c40FFCDcover to keep you safe\cX\n⏎when one of your attacks is blocked. Note that some moves,\n⏎like invulnerable attacks, cannot be canceled with Chain Shift.";"Puoi usare il \cFFCD40Chain Shift\cX annullando la ripresa degli attacchi normali e speciali.\n⏎Puoi anche usarlo come \c40FFCDriparo per tenerti al sicuro\cX quando uno dei tuoi attacchi viene parato.\n⏎Ricorda che alcune mosse, come gli attacchi invulnerabili, non possono essere annullate con il Chain Shift.";"";""
"tag_start_160";"By canceling out of attacks with Chain Shift,\n⏎you can reduce their recovery time, as well as make your combos stronger.\n⏎\n⏎Please note that you cannot use Chain Shift to cancel a blocked invulnerable attack.⏎\k⏎⏎\\@MESSAGE@⏎The downside of Chain Shift Cancels is that they don't fill your EXS Gauge\n⏎as much as a regular Chain Shift.\n⏎\n⏎If you want to increase your EXS Gauge, use a regular Chain Shift\n⏎instead of a Chain Shift Cancel.⏎\k⏎⏎\\@MESSAGE@⏎Try making the opponent block one of your heavy attacks,\n⏎then use Chain Shift to cancel out of the recovery time!⏎\k";"Annullando gli attacchi con il Chain Shift,\n⏎puoi ridurre i tempi di ripresa e rendere più forti le tue combo.\n⏎\n⏎Ricorda che non puoi usare il Chain Shift per annullare un attacco invulnerabile parato.⏎\k⏎⏎\\@MESSAGE@⏎Lo svantaggio degli annullamenti con Chain Shift è che non riempiono la barra EXS quanto un Chain Shift normale.\n⏎\n⏎Se vuoi aumentare la barra EXS, usa un Chain Shift normale\n⏎invece di un annullamento in Chain Shift.⏎\k⏎⏎\\@MESSAGE@⏎Prova a far parare all'avversario uno dei tuoi attacchi potenti,\n⏎poi usa il Chain Shift per annullare la ripresa!⏎\k";"";""
"tag_skill_160_01";"Follow-Up \@6+B@";"\@6+B@ a seguire";"";""
"tag_skill_160_02";"Chain Shift Cancel - \@DD@ during attack recovery while in Vorpal";"Annullamento in Chain Shift - \@DD@ durante la ripresa dall'attacco mentre sei in Vorpal";"";""
"tag_title_161";"Chain Shift Whiff Cancel";"Annullamento a vuoto in Chain Shift";"";""
"tag_expla_161";"Some special attacks can be \cFFCD40Chain Shift Canceled,\cX even when they whiff.\n⏎This lets you \c40FFCDeliminate openings on would-be pokes,\cX making those attacks safer.";"Alcuni attacchi speciali possono essere \cFFCD40annullati in Chain Shift\cX, anche quando vanno a vuoto.\n⏎Questo ti consente di \c40FFCDevitare varchi di vulnerabilità in potenziali respinte\cX, e rende quegli attacchi più sicuri.";"";""
"tag_start_161";"Try using Chain Shift to cancel out of Hyde's \@22+A@ when it whiffs.⏎\k";"Prova a usare un Chain Shift per annullare \@22+A@ di Hyde quando va a vuoto.⏎\k";"";""
"tag_skill_161_01";"Chain Shift Whiff Cancel - \@DD@ during attack recovery while in Vorpal";"Annullamento a vuoto in Chain Shift - \@DD@ durante la ripresa dall'attacco mentre sei in Vorpal";"";""
"tag_title_162";"Chain Shift Mashing";"Martellamento in Chain Shift";"";""
"tag_expla_162";"If you hold \@2@ and repeatedly tap \@D@ when you're Guard Locked,\n⏎you can use \cFFCD40Chain Shift\cX to \c40FFCDsafely interrupt your opponent's combo.\cX";"Se tieni premuto \@2@ e premi ripetutamente \@D@ quando sei in guardia assoluta,\n⏎puoi usare il \cFFCD40Chain Shift\cX per \c40FFCDinterrompere la combo dell'avversario senza correre rischi\cX.";"";""
"tag_start_162";"The direction you use to do this must be \@2@,\n⏎because \@1+D@ or \@4+D@ will perform Guard Shield instead.⏎\k⏎⏎\\@MESSAGE@⏎Guard against the opponent's attacks,\n⏎then hold \@2@ and repeatedly tap the \@D@ button.\n⏎\n⏎If you see the opponent attack during the Chain Shift,\n⏎try retaliating with an invulnerable attack.⏎\k";"La direzione che usi per farlo deve essere \@2@,\n⏎perché se usi \@1+D@ o \@4+D@ eseguirai invece uno Scudo in guardia.⏎\k⏎⏎\\@MESSAGE@⏎Mettiti in guardia contro gli attacchi dell'avversario,\n⏎quindi tieni premuto \@2@ e premi più volte \@D@.\n⏎\n⏎Se vedi l'avversario attaccare durante il Chain Shift,\n⏎prova a rispondere con un attacco invulnerabile.⏎\k";"";""
"tag_skill_162_00";"Guard - \@4or1@";"Guardia - \@4o1@";"";""
"tag_skill_162_01";"Chain Shift in an Opening - \@2+DD@ while guarding";"Chain Shift in un varco - \@2+DD@ durante la guardia";"";""
"tag_skill_162_02";"Interrupt with an Invulnerable Attack - \@236+B+C@";"Interruzione con un attacco invulnerabile - \@236+B+C@";"";""
"tag_title_163";"Aftereffects of Chain Shift";"Effetti del Chain Shift";"";""
"tag_expla_163";"Once \cFFCD40Chain Shift\cX has finished increasing your EXS Gauge,\n⏎\c40FFCDGRD Break is temporarily disabled,\cX eliminating the GRD Gauge penalty for whiffing Shields and Guard Thrusts.";"Una volta che il \cFFCD40Chain Shift\cX ha finito di riempire la tua barra EXS,\n⏎\c40FFCDl'Interruzione GRD viene disattivata temporaneamente\cX, eliminando la penalità alla barra GRD per gli Scudi e le spinte in guardia a vuoto.";"";""
"tag_start_163";"Try to interrupt the opponent's sequence with Chain Shift\n⏎and reverse the tide of battle with Guard Thrust\n⏎before the EXS Gauge conversion is finished.⏎\k";"Prova a interrompere la sequenza dell'avversario con un Chain Shift\n⏎e inverti le sorti della battaglia con una spinta in guardia\n⏎prima che la conversione della barra EXS finisca.⏎\k";"";""
"tag_skill_163_00";"Chain Shift - \@DD@ during Vorpal";"Chain Shift - \@DD@ durante Vorpal";"";""
"tag_skill_163_01";"Guard Thrust during EXS Gauge Increase - \@214+D@ while guarding";"Spinta in guardia durante il riempimento della barra EXS - \@214+D@ durante la guardia";"";""
"tag_title_164";"Chain Shifting with Over Six GRD Diamonds";"Chain Shift con più di sei rombi di GRD";"";""
"tag_expla_164";"If you have \c40FFCDmore than six diamonds in your GRD gauge,\cX\n⏎\cFFCD40Chain Shift\cX will reset the jump cancel and bounce limits,\n⏎giving you a damage bonus.";"Se hai \c40FFCDpiù di sei rombi nella barra GRD\cX,\n⏎\cFFCD40Chain Shift\cX ripristinerà i limiti di annullamento in salto e rimbalzo,\n⏎dandoti un bonus ai danni.";"";""
"tag_start_164";"This rarely comes up, but it's still good to keep in mind.⏎\k";"Non succede spesso, ma è comunque bene tenerlo a mente.⏎\k";"";""
"tag_title_165";"Chain Shift Before a K.O.";"Chain Shift prima di un KO";"";""
"tag_expla_165";"Since \cFFCD40Vorpal\cX does not carry over into the next round,\n⏎you'll be \c40FFCDpassing up a chance to boost your EXS Gauge\cX if you beat your opponent\n⏎while in the Vorpal state.";"Dal momento che lo stato \cFFCD40Vorpal\cX non continua nel round successivo,\n⏎\c40FFCDperderai l'occasione di aumentare la barra EXS\cX se batti l'avversario mentre sei in stato Vorpal.";"";""
"tag_start_165";"If you're about to knock your opponent out with a combo,\n⏎use Chain Shift at some point to build up your EXS gauge\n⏎before sealing the deal.⏎\k⏎⏎\\@MESSAGE@⏎It's difficult to find the right timing to insert a Chain Shift into a combo on the fly.\n⏎\n⏎You'll be better off if you come up with a Chain Shift combo and practice it beforehand.\n⏎\n⏎One recommended, easy-to-follow pattern is to put a Chain Shift\n⏎right before an EX special attack or Infinite Worth.";"Se stai per mandare al tappeto l'avversario con una combo,\n⏎usa il Chain Shift a un certo punto per riempire la barra EXS\n⏎prima di chiudere i conti.⏎\k⏎⏎\\@MESSAGE@⏎È difficile trovare il momento giusto in cui infilare un Chain Shift in una combo.\n⏎\n⏎Avrai più possibilità di riuscirci se riesci a inventarti una combo con Chain Shift e ti eserciti.\n⏎\n⏎Uno schema facile che ti consigliamo è inserire un Chain Shift\n⏎subito prima di un attacco speciale EX o Infinite Worth.";"";""
"tag_title_166";"Veil Off";"Veil Off";"";""
"tag_expla_166";"If you press \@A+B+C@ with 100% or more EXS, you'll consume your entire\n⏎EXS Gauge and enter a very powerful state called \cFFCD40Veil Off.\cX\n⏎This Veil Off state \c40FFCDboosts your attack power and other attributes.\cX";"Se premi \@A+B+C@ con il 100% o più di EXS,\n⏎consumerai l'intera barra EXS ed entrerai in uno stato molto potente chiamato \cFFCD40Veil Off\cX.\n⏎Lo stato Veil Off \c40FFCDamplifica la tua potenza d'attacco e altre caratteristiche\cX.";"";""
"tag_start_166";"Veil Off is often abbreviated as \@U@.⏎\k⏎⏎\\@MESSAGE@⏎The EXS Gauges are located on either side of the bottom of the screen.\n⏎Just like the health gauges, there's one for you and one for your opponent.\n⏎\n⏎The EXS Gauge normally starts out empty,\n⏎but for this tutorial, we've given both sides 200% EXS.⏎\k⏎⏎\\@MESSAGE@⏎Try pressing \@A+B+C@ to activate Veil Off.\n⏎The fuller your EXS Gauge is when you activate Veil Off, the longer it will last.⏎\k";"Veil Off è spesso abbreviato in \@U@.⏎\k⏎⏎\\@MESSAGE@⏎Le barre EXS si trovano in basso, ai due lati dello schermo.\n⏎Proprio come le barre della salute, ce n'è una per te e una per l'avversario.\n⏎\n⏎La barra EXS normalmente inizia vuota,\n⏎ma per questo tutorial abbiamo assegnato a entrambe il 200% di EXS.⏎\k⏎⏎\\@MESSAGE@⏎Prova a premere \@A+B+C@ per attivare Veil Off.\n⏎Più la tua barra EXS è piena quando attivi Veil Off, più a lungo durerà questo stato.⏎\k";"";""
"tag_skill_166_00";"Veil Off - \@A+B+C@";"Veil Off - \@A+B+C@";"";""
"tag_title_167";"Actions that Cost EXS During Veil Off";"Azioni che costano EXS durante Veil Off";"";""
"tag_expla_167";"During \cFFCD40Veil off,\cX you can \c40FFCDperform actions that consume EXS, regardless of\n⏎the amount in your EXS Gauge.\cX As long as you have a little EXS,\n⏎you can perform EX special attacks and other moves.";"Durante \cFFCD40Veil Off\cX, puoi \c40FFCDeseguire azioni che consumano EXS, indipendentemente da quanto ne resta nella barra EXS\cX.\n⏎Finché hai un minimo di EXS, puoi eseguire attacchi speciali EX e altre mosse.";"";""
"tag_start_167";"Try using an EX special attack and Infinite Worth during Veil Off!";"Prova a usare un attacco speciale EX e Infinite Worth durante Veil Off!";"";""
"tag_skill_167_00";"Veil Off - \@A+B+C@";"Veil Off - \@A+B+C@";"";""
"tag_skill_167_01";"Hit the Opponent with \@623+C@ during Veil Off";"Colpisci l'avversario con \@623+C@ durante Veil Off";"";""
"tag_skill_167_02";"Veil Off - \@A+B+C@";"Veil Off - \@A+B+C@";"";""
"tag_skill_167_03";"Hit the Opponent with \@41236+D@ during Veil Off";"Colpisci l'avversario con \@41236+D@ durante Veil Off";"";""
"tag_title_168";"EX Special Attacks During Veil Off";"Attacchi speciali EX durante Veil Off";"";""
"tag_expla_168";"During \cFFCD40Veil Off,\cX your actions \c40FFCDconsume less of your EXS Gauge.\cX\n⏎You can typically only use two EX special attacks with a full EXS Gauge,\n⏎but during Veil off, you can use up to three.";"Durante \cFFCD40Veil Off\cX, le tue azioni \c40FFCDconsumano meno la barra EXS\cX.\n⏎Normalmente puoi usare solo due attacchi speciali EX con una barra EXS piena,\n⏎ma durante Veil Off, puoi usarne fino a tre.";"";""
"tag_start_168";"However, the EXS cost of your Infinite Worth is not reduced.\n⏎It will still consume your entire EXS Gauge.\n⏎\n⏎Try landing a combo that uses three EX special attacks during Veil Off!⏎\k";"Tuttavia, il costo EXS di Infinite Worth non viene ridotto.\n⏎Continuerà a consumare l'intera barra EXS.\n⏎\n⏎Prova a mettere a segno una combo che usa tre attacchi speciali EX durante Veil Off!⏎\k";"";""
"tag_skill_168_00";"Veil Off - \@A+B+C@";"Veil Off - \@A+B+C@";"";""
"tag_skill_168_01";"\@236+C@ in midair";"\@236+C@ a mezz'aria";"";""
"tag_title_169";"Veil Off's Hit Effects";"Effetti di Veil Off";"";""
"tag_expla_169";"When you activate \cFFCD40Veil Off,\cX you'll be invulnerable for a bried moment--and\n⏎produce a blast of energy.\n⏎If the blast hits, it can \c40FFCDend your opponent's Vorpal state\cX.";"Quando attivi \cFFCD40Veil Off\cX, sarai invulnerabile per un breve istante e produrrai un'esplosione\n⏎di energia. Se l'esplosione colpisce, può \c40FFCDmettere fine allo stato Vorpal dell'avversario\cX.";"";""
"tag_start_169";"Watch out! If your opponent blocks your Veil Off activation, you'll be left wide open for punishment.\n⏎Veil Off is powerful, but try not to rely on it too much.\n⏎\k";"Fai attenzione! Se l'avversario blocca la tua attivazione di Veil Off, resterai vulnerabile e rischierai la punizione.\n⏎Veil Off è potente, ma cerca di non farci troppo affidamento.\n⏎\k";"";""
"tag_skill_169_00";"Veil Off - \@A+B+C@";"Veil Off - \@A+B+C@";"";""
"tag_title_170";"Attack Power During Veil Off and Vorpal";"Potenza d'attacco durante Veil Off e Vorpal";"";""
"tag_expla_170";"Vorpal and Veil Off both boost your attack power--and \cFFCD40those buffs add up.\cX\n⏎Vorpal increases power by 10%, and Veil Off by 20%.\n⏎Combined, they \c40FFCDboost your attack power by 30%!\cX";"Sia Vorpal sia Veil Off aumentano la tua potenza d'attacco, e \cFFCD40i due bonus si sommano\cX.\n⏎Vorpal aumenta la potenza del 10%, e Veil Off del 20%.\n⏎Combinati, \c40FFCDaumentano la tua potenza d'attacco del 30%\cX!";"";""
"tag_start_170";"Activate Veil Off while in the Vorpal state\n⏎and hit the opponent with a standing \@A@ to see how much damage it does!⏎\k";"Attiva Veil Off mentre sei in stato di Vorpal\n⏎e colpisci l'avversario con \@A@ in piedi per vedere quanto danno infligge!⏎\k";"";""
"tag_skill_170_00";"Veil Off - \@A+B+C@";"Veil Off - \@A+B+C@";"";""
"tag_skill_170_01";"Standing \@A@ - \@A@ (200 Damage + 60 Damage = 260 Damage)";"\@A@ in piedi - \@A@ (200 danni + 60 danni = 260 danni)";"";""
"tag_title_171";"Cross Cast Veil Off";"Cross Cast Veil Off";"";""
"tag_expla_171";"Cancel an attack into a Veil Off activation to perform a \cFFCD40Cross Cast Veil Off.\cX\n⏎This will produce an energy blast that can blow back your opponent,\n⏎giving you a chance to \c40FFCDfollow up for more damage!\cX Press \@A+B+C@ during\n⏎an attack while you have 100% or more EXS and are in the Vorpal state.";"Annulla un attacco in un'attivazione di Veil Off per eseguire un \cFFCD40Cross Cast Veil Off\cX.\n⏎Questo produrrà un'esplosione di energia che può respingere l'avversario,\n⏎e ti darà la possibilità di \c40FFCDsferrare attacchi a seguire per infliggere più danni\cX!\n⏎Premi \@A+B+C@ durante un attacco mentre hai il 100% o più di EXS e sei in stato Vorpal.";"";""
"tag_start_171";"Using Cross Cast Veil Off, you can perform combos that include Infinite Worths and similar moves\n⏎even if you only have 100% EXS.\n⏎\n⏎Cross Cast Veil Off is often abbreviated as \@T@⏎\k⏎⏎\\@MESSAGE@⏎Cross Cast Veil Off doesn't last as long as the usual Veil Off state.\n⏎\n⏎During Cross Cast Veil Off, you'll have access to a simplified Infinite Worth command: \@A+B+C@";"Usando Cross Cast Veil Off puoi eseguire combo che includono mosse Infinite Worth o simili\n⏎anche se hai solo il 100% di EXS.\n⏎\n⏎Cross Cast Veil Off spesso viene abbreviato con \@T@⏎\k⏎⏎\\@MESSAGE@⏎Cross Cast Veil Off non dura quanto il normale stato di Veil Off.\n⏎\n⏎Durante Cross Cast Veil Off, avrai accesso a un comando Infinite Worth semplificato: \@A+B+C@";"";""
"tag_skill_171_00";"Standing \@C@ - \@C@";"\@C@ in piedi - \@C@";"";""
"tag_skill_171_01";"Cross Cast Veil Off - \@A+B+C@";"Cross Cast Veil Off - \@A+B+C@";"";""
"tag_skill_171_03";"Infinite Worth - \@A+B+C@";"Infinite Worth - \@A+B+C@";"";""
"tag_title_172";"GRD Break During Veil Off";"Interruzione GRD durante Veil Off";"";""
"tag_expla_172";"You can use \cFFCD40Veil Off\cX to \c40FFCDget yourself out of GRD Break.\cX\n⏎GRD Break puts you at an extreme disadvantage, so remember that you can end it\n⏎with Veil Off.";"Puoi usare \cFFCD40Veil Off\cX per \c40FFCDuscire da un'Interruzione GRD\cX.\n⏎L'Interruzione GRD ti mette in uno svantaggio estremo, quindi ricorda che puoi eliminarla con Veil Off.";"";""
"tag_start_172";"Try activating Veil Off to get out of GRD Break.\n⏎Enter into the GRD Break state on purpose by using Shield and then intentionally taking damage\n⏎as the opponent dashes up to throw you.⏎\k";"Prova ad attivare Veil Off per uscire da un'Interruzione GRD.\n⏎Entra di proposito nello stato di Interruzione GRD usando lo Scudo e poi subendo danni di proposito mentre l'avversario scatta in avanti per colpirti con una proiezione.⏎\k";"";""
"tag_skill_172_00";"Go into the GRD Break State";"Entra nello stato di Interruzione GRD";"";""
"tag_skill_172_01";"Veil Off - \@A+B+C@";"Veil Off - \@A+B+C@";"";""
"tag_title_173";"Veil Off During a Combo";"Veil Off durante una combo";"";""
"tag_expla_173";"If you hit your opponent with \cFFCD40Veil Off\cX during a combo while they are in Vorpal, you can \c40FFCDend their Vorpal state.\cX\n⏎It won't cause GRD Break, but it still comes in handy when you need to take the offensive.";"Se colpisci l'avversario con \cFFCD40Veil Off\cX durante una combo mentre è in stato Vorpal, puoi \c40FFCDinterrompere il suo stato Vorpal\cX.\n⏎Non causerà un'Interruzione GRD, ma è comunque utile quando devi passare all'offensiva.";"";""
"tag_start_173";"It's best to use this while keeping an eye on the current progress of the TS Gauge.\n⏎It doesn't hurt to be able to activate Veil Off in complete safety, either!⏎\k";"È meglio usarlo tenendo d'occhio l'indicatore TS.\n⏎E poi, poter attivare Veil Off in tutta sicurezza non guasta!⏎\k";"";""
"tag_skill_173_00";"Crouching \@C@ - \@2+C@";"\@C@ rannicchiato - \@2+C@";"";""
"tag_skill_173_01";"Standing \@C@ - \@C@";"\@C@ in piedi - \@C@";"";""
"tag_skill_173_02";"Jumping \@C@ - \@C@ in midair";"\@C@ in salto - \@C@ a mezz'aria";"";""
"tag_skill_173_03";"Jumping \@6+C@ - \@6+C@ in midair";"\@6+C@ in salto - \@6+C@ a mezz'aria";"";""
"tag_skill_173_04";"Veil Off - \@A+B+C@";"Veil Off - \@A+B+C@";"";""
"tag_title_174";"Cross Cast Veil Off with Low Health";"Cross Cast Veil Off con poca salute";"";""
"tag_expla_174";"If you activate \cFFCD40Cross Cast Veil Off\cX with less than 30% health remaining,\n⏎the EXS cost of your EX special attacks decreases while their damage increases.\n⏎This gives you a chance to perform \c40FFCDhighly damaging combos\cX to make a comeback!";"Se attivi \cFFCD40Cross Cast Veil Off\cX con meno del 30% di salute rimasta,\n⏎il costo in EXS dei tuoi attacchi speciali EX diminuisce, mentre il loro danno aumenta.\n⏎Questo ti dà la possibilità di eseguire \c40FFCDcombo dai danni elevati\cX e partire alla riscossa!";"";""
"tag_start_174";"Cross Cast Veil Off combos give you a one-time opportunity\n⏎to turn the tables when your health is low.⏎\k";"Le combo con Cross Cast Veil Off ti danno un'opportunità unica\n⏎di ribaltare la situazione quando stai esaurendo la salute.⏎\k";"";""
"tag_skill_174_00";"Standing \@C@ - \@C@";"\@C@ in piedi - \@C@";"";""
"tag_skill_174_01";"Cross Cast Veil Off - \@A+B+C@";"Cross Cast Veil Off - \@A+B+C@";"";""
"tag_skill_174_02";"\@236+C@ in midair";"\@236+C@ a mezz'aria";"";""
"tag_skill_174_04";"Infinite Worth - \@A+B+C@";"Infinite Worth - \@A+B+C@";"";""
"tag_title_175";"Round Icons and Win Conditions";"Icone dei round e condizioni di vittoria";"";""
"tag_expla_175";"The icons you see below the health gauges are the \cFFCD40round icons!\cX\n⏎One icon will light up under your health gauge every time you defeat your\n⏎opponent. When all your round icons are lit up, \c40FFCDyou win the match!\cX";"Le icone che vedi sotto le barre della salute sono le \cFFCD40icone dei round\cX.\n⏎Ogni volta che sconfiggi l'avversario, una delle icone sotto la tua barra si illuminerà.\n⏎Quando tutte le tue icone dei round si accendono, \c40FFCDvinci la partita\cX!";"";""
"tag_start_175";"⏎\\@BOXVIEW@< 0,0,0,0,0,0 >⏎\\@BOXVIEW@< 1,1,443,70,130,35 >⏎⏎\\@MESSAGE@⏎You can change the number of round icons in the Options Menu.\n⏎Typically, there are two--meaning \c40FFCDthe first player to win two rounds wins the match!\cX⏎\k⏎";"⏎\\@BOXVIEW@< 0,0,0,0,0,0 >⏎\\@BOXVIEW@< 1,1,443,70,130,35 >⏎⏎\\@MESSAGE@⏎Puoi cambiare il numero di icone dei round nel menu Opzioni.\n⏎In genere ce ne sono due, quindi \c40FFCDil primo giocatore a vincere due round vince la partita\cX!⏎\k";"";""
"tag_title_176";"Time Up";"Tempo scaduto";"";""
"tag_expla_176";"The number at the top center of the screen shows how much time is left in the\n⏎round. When this counter reaches zero, \cFFCD40time is up,\cX and the player with\n⏎the \c40FFCDmost health remaining wins the round.\cX";"Il numero in alto al centro dello schermo mostra quanto tempo è rimasto nel round.\n⏎Quando questo contatore raggiunge lo zero, \cFFCD40il tempo scade\cX, e il giocatore con \c40FFCDpiù salute vince il round\cX.";"";""
"tag_start_176";"⏎\\@BOXVIEW@< 0,0,0,0,0,0 >⏎\\@BOXVIEW@< 1,1,600,45,80,50 >⏎⏎\\@MESSAGE@⏎The counter is currently set to infinite, but it usually counts down from 120 to zero.\n⏎\n⏎If you feel like you frequently lose when time runs out,\n⏎you might want to practice some \c40FFCDhighly damaging combos!\cX\n⏎\n⏎If you've got more health than your opponent and time is almost up,\n⏎playing it safe and waiting out the clock can also be a solid strategy.⏎\k";"⏎\\@BOXVIEW@< 0,0,0,0,0,0 >⏎\\@BOXVIEW@< 1,1,600,45,80,50 >⏎⏎\\@MESSAGE@⏎Al momento, il contatore è impostato su infinito, ma di solito conta alla rovescia da 120 a zero.\n⏎\n⏎Se ti sembra di perdere spesso allo scadere del tempo,\n⏎allenati con alcune \c40FFCDcombo a danni elevati\cX!\n⏎\n⏎Se hai più salute dell'avversario e il tempo sta per scadere,\n⏎puoi anche giocare sul sicuro e aspettare la fine del round!⏎\k";"";""
"tag_title_177";"Draws";"Pareggi";"";""
"tag_expla_177";"If your health gauge and your opponent's both become empty at the same time,\n⏎the round is a \cFFCD40draw.\cX You'll \c40FFCDboth get a round icon\cX from a draw,\n⏎but remember--it's not a real win!";"Se la tua barra salute e quella dell'avversario si svuotano entrambe nello stesso momento, il round è un \cFFCD40pareggio\cX.\n⏎\c40FFCDRiceverete entrambi un'icona del round\cX in caso di pareggio,\n⏎ma ricorda: non è una vera vittoria!";"";""
"tag_start_177";"⏎\\@BOXVIEW@< 0,0,0,0,0,0 >⏎\\@BOXVIEW@< 1,1,443,70,130,35 >⏎⏎\\@MESSAGE@⏎The round will also end in a draw if you and your opponent have equal amounts of health left when time\n⏎runs out.\n⏎\k⏎⏎\\@MESSAGE@⏎This doesn't occur very often, but just in case...\n⏎When you and your opponent are both one round away from victory,\n⏎and the would-be final round ends in a draw, you'll go into a tiebreaker round.\n⏎If the tiebreaker is also a draw, both you and your opponent will lose.\n⏎\k⏎\\@BOXVIEW@< 0,0,0,0,0,0 >⏎";"⏎\\@BOXVIEW@< 0,0,0,0,0,0 >⏎\\@BOXVIEW@< 1,1,443,70,130,35 >⏎⏎\\@MESSAGE@⏎Il round terminerà in pareggio anche se tu e l'avversario avete la stessa salute allo scadere del tempo.\n⏎\k⏎⏎\\@MESSAGE@⏎Questo non accade molto spesso, ma non si sa mai...\n⏎Quando tu e l'avversario siete entrambi a un round dalla vittoria, e quello che sarebbe il round finale termina in pareggio, passerete al round di spareggio.\n⏎Se anche lo spareggio è un pareggio, perderete entrambi.⏎\k⏎\\@BOXVIEW@< 0,0,0,0,0,0 >";"";""
"tag_title_178";"Freezing the Countdown";"Fermare il conto alla rovescia";"";""
"tag_expla_178";"The \cFFCD40coundtown timer\cX will stop counting \c40FFCDduring screen freezes\cX caused by\n⏎EX special attacks and other actions. The timer will also freeze during\n⏎Infinite Worth and Infinite Worth EXS cutscenes.";"Il \cFFCD40timer\cX si fermerà \c40FFCDdurante i blocchi dello schermo\cX causati da attacchi speciali EX e altre azioni.\n⏎Il timer si fermerà anche durante i filmati di Infinite Worth e Infinite Worth EXS.";"";""
"tag_start_178";"This means that even if time is running out,\n⏎you can still make a comeback with an Infinite Worth.⏎\k";"Questo significa che, anche se il tempo sta per scadere,\n⏎puoi comunque tentare la riscossa con un Infinite Worth.⏎\k";"";""
"tag_title_179";"Creeping Edge";"Creeping Edge";"";""
"tag_expla_179";"Press \@3+D@ to perform \cFFCD40Creeping Edge.\cX\n⏎This lets you \c40FFCDmove while evading the opponent's attack.\cX\n⏎Using Creeping Edge at close range allows you to slip behind your opponent.";"Premi \@3+D@ per eseguire \cFFCD40Creeping Edge\cX.\n⏎Creeping Edge ti permette di \c40FFCDmuoverti mentre schivi l'attacco dell'avversario\cX.\n⏎Usarlo a distanza ravvicinata ti consente di scivolare alle spalle dell'avversario.";"";""
"tag_start_179";"You can use Creeping Edge to close in on the opponent while evading their attacks.\n⏎However, the risk of punishment is high, so you must use it selectively.\n⏎\n⏎Creeping Edge's movement and effects vary depending on your character.";"Puoi usare Creeping Edge per avvicinarti all'avversario mentre schivi i suoi attacchi.\n⏎Tuttavia, il rischio di punizione è alto, perciò fallo solo quando serve.\n⏎Il movimento e gli effetti di Creeping Edge variano a seconda del personaggio.";"";""
"tag_skill_179_00";"Creeping Edge - \@3+D@";"Creeping Edge - \@3+D@";"";""
"tag_title_180";"Celestial Vorpal";"Vorpal celestiale";"";""
"tag_expla_180";"Under special circumstances, Vorpal will automatically become\n⏎\cFFCD40Celestial Vorpal\cX instead. This is a \c40FFCDmuch more powerful form of Vorpal,\cX\n⏎so be sure to memorize these circumstances.";"In circostanze particolari, Vorpal diventerà automaticamente \cFFCD40Vorpal celestiale\cX.\n⏎Si tratta di \c40FFCDuna forma molto più potente di Vorpal\cX, perciò cerca di ricordare bene le condizioni di attivazione.";"";""
"tag_start_180";"Celestial Vorpal automatically activates if you enter Vorpal\n⏎with a GRD of 6 or more. Activates automatically.⏎\n⏎Remember these conditions--and never let Celestial Vorpal pass you by!⏎\k⏎⏎\\@MESSAGE@⏎Celestial Vorpal provides the following benefits over normal Vorpal:\n⏎\n⏎- Greater attack buffs\n⏎- Better Chain Shift functionality\n⏎- GRD Gauge increases upon activation\n⏎\n⏎If you use Chain Shift during Celestial Vorpal, your EXS Gauge will increase more than usual.";"Vorpal celestiale si attiva automaticamente se entri in Vorpal con GRD di 6 o più.\n⏎Ricorda queste condizioni... e non farti mai sfuggire un Vorpal celestiale!⏎\k⏎⏎\\@MESSAGE@⏎Il Vorpal celestiale offre questi vantaggi rispetto al Vorpal normale:\n⏎\n⏎- Bonus d'attacco maggiore\n⏎- Chain Shift migliorato\n⏎- La barra GRD aumenta all'attivazione\n⏎\n⏎Se usi il Chain Shift durante un Vorpal celestiale, la tua barra EXS si riempirà più del solito.";"";""
