"key";"source_en";"source_slot";"target";"note"
"battlevoice_chr000_100";"Hyde: C'mon out, Insulator!";"Hyde: Vieni fuori, Insulator!";"Hyde: Aparece, Insulator!";""
"battlevoice_chr000_101";"Hyde: If you're gonna get in my way... I'll just mop you up!";"Hyde: Se vuoi intralciarmi... spazzerò il pavimento con te!";"Hyde: Se vai ficar no meu caminho... eu te varro daqui!";""
"battlevoice_chr000_102";"Hyde: ...My power'll finish the job!";"Hyde: Il mio potere finirà il lavoro!";"Hyde: ...Meu poder termina o serviço!";""
"battlevoice_chr000_103";"Hyde: Lemme show you... my power!";"Hyde: Lascia che ti mostri... il mio potere!";"Hyde: Deixa eu te mostrar... o meu poder!";""
"battlevoice_chr000_108";"Hyde: I'm not gonna be the same old Hyde forever, y'know.";"Hyde: Non sarò sempre lo stesso Hyde per sempre, sai?";"Hyde: Não vou ser o mesmo Hyde de sempre pra sempre, sabe.";""
"battlevoice_chr000_111";"Hyde: Sure have. And I've got you to thank for it.";"Hyde: Certo. E devo ringraziare te.";"Hyde: Mudei, sim. E devo isso a você.";""
"battlevoice_chr000_113";"Hyde: H-Hey! Don't say stuff that people might get twisted!";"Hyde: E-Ehi! Non dire cose che qualcuno può travisare!";"Hyde: E-Ei! Não fala coisa que os outros podem entender errado!";""
"battlevoice_chr000_115";"Hyde: Welp, I guess we gotta settle things, anyway.";"Hyde: Beh, immagino che dovremmo vedercela noi due.";"Hyde: Bom, acho que a gente tem que resolver isso de qualquer jeito.";""
"battlevoice_chr000_118";"Hyde: Yet another bastard who never learns...";"Hyde: L'ennesimo bastardo che non impara mai...";"Hyde: Mais um desgraçado que nunca aprende...";""
"battlevoice_chr000_121";"Hyde: What can I say? I'm a rebel. Nothing personal.";"Hyde: Cosa posso dire? Sono un ribelle. Niente di personale.";"Hyde: Fazer o quê? Sou rebelde. Nada pessoal.";""
"battlevoice_chr000_124";"Hyde: All right, time to drop the curtain!";"Hyde: Va bene, ora cala il sipario!";"Hyde: Beleza, hora de fechar a cortina!";""
"battlevoice_chr000_127";"Hyde: Tch. Can't believe I'm stuck with you, apparently.";"Hyde: Tsk. Non riesco a credere che mi tocchi proprio tu.";"Hyde: Tsc. Não acredito que fiquei preso com você.";""
"battlevoice_chr000_130";"Hyde: ...Can't you just play nice and back down, already?";"Hyde: Non puoi fare la brava e tirarti indietro?";"Hyde: ...Não dá pra você ser legal e recuar de uma vez?";""
"battlevoice_chr000_133";"Hyde: I didn't wanna fight you.";"Hyde: Non volevo combattere con te.";"Hyde: Eu não queria lutar com você.";""
"battlevoice_chr000_136";"Hyde: You just might be the hardest one to deal with of all...";"Hyde: Forse tu sei la persona più difficile da affrontare tra tutte...";"Hyde: Você deve ser a mais difícil de lidar de todos...";""
"battlevoice_chr000_138";"Hyde: Yeesh. Y'know what the scariest thing about you is? You almost look human.";"Hyde: Capperi! Sai qual è la cosa più spaventosa di te? Sembri quasi un essere umano.";"Hyde: Credo. Sabe o que mais assusta em você? Quase parece humano.";""
"battlevoice_chr000_151";"Hyde: The wind's... pretty rough...";"Hyde: Il vento è... piuttosto forte...";"Hyde: O vento tá... bem forte...";""
"battlevoice_chr000_152";"Hyde: What...? All show and no substance, huh?";"Hyde: Cosa? Tutto spettacolo e niente sostanza, eh?";"Hyde: Ué...? Só pose e nada mais, é?";""
"battlevoice_chr000_155";"Hyde: Just take a nap there.";"Hyde: Dai, fai un sonnellino.";"Hyde: Tira um cochilo aí.";""
"battlevoice_chr000_156";"Hyde: I guess this means I've grown.";"Hyde: Questo significa che sono cresciuto, immagino.";"Hyde: Acho que isso quer dizer que eu cresci.";""
"battlevoice_chr000_157";"Hyde: This is... my power...";"Hyde: Questo è... il mio potere...";"Hyde: Esse é... o meu poder...";""
"battlevoice_chr000_160";"Hyde: Th-That was a close one...";"Hyde: C-C'è mancato poco...";"Hyde: E-Essa foi por pouco...";""
"battlevoice_chr000_164";"Hyde: Y'know... That wasn't as big a deal as I thought.";"Hyde: Sai... Non è poi stato questo granché.";"Hyde: Sabe... Não foi tão difícil quanto eu pensava.";""
"battlevoice_chr000_169";"Hyde: See how I've grown? Leave the rest to me.";"Hyde: Visto come sono cresciuto? Lascia il resto a me.";"Hyde: Viu como eu cresci? Deixa o resto comigo.";""
"battlevoice_chr000_171";"Hyde: Sorry, Harada! I'll make it up to you sometime!";"Hyde: Scusami, Harada! Mi farò perdonare prima o poi!";"Hyde: Foi mal, Harada! Um dia eu te compenso!";""
"battlevoice_chr001_100";"Linne: Here comes trouble.";"Linne: Problemi in vista.";"Linne: Lá vem problema.";""
"battlevoice_chr001_101";"Linne: It looks like I've bumped into a real bother.";"Linne: Sembra che mi sia imbattuta in una vera seccatura.";"Linne: Parece que esbarrei num belo incômodo.";""
"battlevoice_chr001_108";"Linne: Obviously. You don't have to tell me that.";"Linne: Ovvio. Non c'è bisogno di dirlo.";"Linne: Óbvio. Não precisa me dizer isso.";""
"battlevoice_chr001_111";"Linne: Ah, when you live long enough, you start to forget things.";"Linne: Ah, quando vivi abbastanza a lungo, inizi a dimenticare le cose.";"Linne: Ah, quando se vive demais, a gente começa a esquecer as coisas.";""
"battlevoice_chr001_114";"Linne: Not to worry. It'll all be over soon.";"Linne: Non ti preoccupare. Tutto finirà presto.";"Linne: Não se preocupe. Vai acabar logo.";""
"battlevoice_chr001_117";"Linne: It's been a while since I had a serious fight.";"Linne: È passato molto tempo dal mio ultimo vero combattimento.";"Linne: Faz tempo que não tenho uma luta séria.";""
"battlevoice_chr001_120";"Linne: Not the way you are now, you won't.";"Linne: In queste condizioni, non lo farai di certo.";"Linne: Não do jeito que você está agora.";""
"battlevoice_chr001_131";"Linne: Are you awake yet?";"Linne: Allora, siamo svegli?";"Linne: Já acordou?";""
"battlevoice_chr001_132";"Linne: What? It's nothing to get discouraged about.";"Linne: Che cosa? Non c'è niente di cui scoraggiarsi.";"Linne: O quê? Não é motivo para desanimar.";""
"battlevoice_chr001_136";"Linne: Are you even trying?";"Linne: Ci stai provando, almeno?";"Linne: Você está ao menos tentando?";""
"battlevoice_chr001_139";"Linne: Well done. That's all I'll say.";"Linne: Ben fatto. E non dirò altro.";"Linne: Muito bem. É só o que vou dizer.";""
"battlevoice_chr001_140";"Linne: Hmph. Too slow.";"Linne: Umf. Non sei abbastanza veloce.";"Linne: Hmph. Lento demais.";""
"battlevoice_chr001_143";"Linne: Not bad. That was actually entertaining.";"Linne: Niente male. È stato divertente.";"Linne: Nada mal. Até que foi divertido.";""
"battlevoice_chr001_146";"Linne: Worse than bad... Unremarkable.";"Linne: Peggio che scadente... Insignificante.";"Linne: Pior que ruim... Insignificante.";""
"battlevoice_chr001_150";"Linne: You've come a long way. But leave the rest to me.";"Linne: Hai fatto molta strada, ma lascia il resto a me.";"Linne: Você chegou longe. Mas deixe o resto comigo.";""
"battlevoice_chr001_153";"Linne: Enough games. Rest now.";"Linne: Basta giochi. Ora riposa.";"Linne: Chega de brincadeira. Descanse agora.";""
"battlevoice_chr001_156";"Linne: My long journey... comes to an end here.";"Linne: Il mio lungo viaggio... termina qui.";"Linne: Minha longa jornada... termina aqui.";""
"battlevoice_chr002_100";"Waldstein: Gwoooh! Break! Smash!";"Waldstein: Uoooh! Spacca! Distruggi!";"Waldstein: Gwoooh! Quebrar! Esmagar!";""
"battlevoice_chr002_103";"Waldstein: Prepare yourself... Uooohhh!";"Waldstein: Preparati... Uoooh!";"Waldstein: Prepare-se... Uooohhh!";""
"battlevoice_chr002_109";"Waldstein: Hmm. Looks like you've grown a bit.";"Waldstein: Uhm. Sembra che tu sia cresciuto.";"Waldstein: Hmm. Parece que você cresceu um pouco.";""
"battlevoice_chr002_112";"Waldstein: What can you cut with those slender arms?";"Waldstein: Cosa credi di poter tagliare, con quelle braccine?";"Waldstein: O que você corta com esses braços finos?";""
"battlevoice_chr002_115";"Waldstein: Hmph. At least this might be a little enjoyable...";"Waldstein: Umf. Così forse sarà un po' divertente...";"Waldstein: Hmph. Pelo menos isso pode ser um pouco divertido...";""
"battlevoice_chr002_118";"Waldstein: I'll have you accept my fists!";"Waldstein: Ti farò assaggiare i miei pugni!";"Waldstein: Você vai aceitar os meus punhos!";""
"battlevoice_chr002_122";"Waldstein: Let's allow the immense powers we've kept hidden to do the talking.";"Waldstein: Lasciamo parlare gli immensi poteri che abbiamo tenuto nascosti.";"Waldstein: Deixemos falar os poderes imensos que mantivemos ocultos.";""
"battlevoice_chr002_131";"Waldstein: Stand up!";"Waldstein: In piedi!";"Waldstein: Levante-se!";""
"battlevoice_chr002_132";"Waldstein: Do you understand the difference in our strength now?";"Waldstein: Capisci la differenza tra la mia forza e la tua, adesso?";"Waldstein: Entende agora a diferença entre as nossas forças?";""
"battlevoice_chr002_135";"Waldstein: ...I'm surprised you survived for this long.";"Waldstein: Sono sorpreso che tu ci abbia messo tanto a morire.";"Waldstein: ...Me surpreende você ter sobrevivido até aqui.";""
"battlevoice_chr002_136";"Waldstein: There's nothing my claws can't rend!";"Waldstein: Non c'è niente che i miei artigli non possano squarciare!";"Waldstein: Não há nada que minhas garras não rasguem!";""
"battlevoice_chr002_139";"Waldstein: Heh. That was an exciting, heated battle.";"Waldstein: Eh eh. È stata una battaglia emozionante.";"Waldstein: Heh. Foi uma batalha intensa e empolgante.";""
"battlevoice_chr002_142";"Waldstein: Hmph. Boring.";"Waldstein: Umf. Che noia.";"Waldstein: Hmph. Que tédio.";""
"battlevoice_chr002_147";"Waldstein: Not quite, boy.";"Waldstein: Non ci siamo, ragazzo.";"Waldstein: Ainda não, garoto.";""
"battlevoice_chr002_149";"Waldstein: Not quite, girl.";"Waldstein: Non ci siamo, ragazza.";"Waldstein: Ainda não, garota.";""
"battlevoice_chr002_151";"Waldstein: Not quite, inhuman one.";"Waldstein: Non ci siamo, essere inumano.";"Waldstein: Ainda não, criatura inumana.";""
"battlevoice_chr002_153";"Waldstein: Heh... You're still green.";"Waldstein: Eh... Hai ancora molto da imparare.";"Waldstein: Heh... Você ainda está verde.";""
"battlevoice_chr003_100";"Carmine: Keh heh heh... It's too late for remorse now?";"Carmine: Eh eh eh... È troppo tardi per i rimorsi adesso?";"Carmine: Keh heh heh... Tarde demais pra se arrepender, hein?";""
"battlevoice_chr003_101";"Carmine: You weaklings should keep your damn distance...";"Carmine: Voi miserevoli smidollati dovreste tenervi alla larga...";"Carmine: Vocês, fracotes, deviam ficar bem longe...";""
"battlevoice_chr003_102";"Carmine: I'm just gonna twist ya up a little.";"Carmine: Voglio solo stravolgerti un po'.";"Carmine: Só vou te retorcer um pouquinho.";""
"battlevoice_chr003_107";"Carmine: Gotta have a hobby, right? Stay outta this.";"Carmine: Bisogna pur avere un hobby, no? Stanne fuori.";"Carmine: Todo mundo precisa de um hobby, né? Fica fora disso.";""
"battlevoice_chr003_110";"Carmine: Keh... Worry 'bout your own damn life.";"Carmine: Eh eh... Preoccupati per la tua, di vita.";"Carmine: Keh... Se preocupa com a droga da sua vida.";""
"battlevoice_chr003_113";"Carmine: Don't get cocky, kid...";"Carmine: Tieni a bada l'arroganza, ragazzino...";"Carmine: Não fica se achando, moleque...";""
"battlevoice_chr003_122";"Carmine: Keh heh heh heh heh... Haaa ha ha ha ha haah!";"Carmine: Eh eh eh eh... Aaah ah ah ah aah!";"Carmine: Keh heh heh heh heh... Haaa ha ha ha ha haah!";""
"battlevoice_chr003_124";"Carmine: C'mon! Try a little harder!";"Carmine: Dai, forza! Mettici un po' più di impegno!";"Carmine: Vai! Se esforça mais um pouco!";""
"battlevoice_chr003_127";"Carmine: That's not even close to enough!";"Carmine: Non è lontanamente abbastanza!";"Carmine: Isso não chega nem perto de bastar!";""
"battlevoice_chr003_128";"Carmine: Now you know your place!";"Carmine: Ora sai qual è il tuo posto!";"Carmine: Agora você sabe o seu lugar!";""
"battlevoice_chr003_131";"Carmine: Bastard... A dog like you should know better than to bite me!";"Carmine: Un animale come te dovrebbe saperle che non deve mordermi!";"Carmine: Desgraçado... Um cão que nem você não devia me morder!";""
"battlevoice_chr003_134";"Carmine: Tch... You can't even stave off my boredom.";"Carmine: Tsk... Non basti nemmeno a farmi passare la noia.";"Carmine: Tsc... Você não serve nem pra matar o meu tédio.";""
"battlevoice_chr003_138";"Carmine: I dunno what your deal is, but you're pissing me off...";"Carmine: Non so che cosa vuoi, ma mi stai facendo infuriare...";"Carmine: Não sei qual é a sua, mas você tá me irritando...";""
"battlevoice_chr003_141";"Carmine: Stupid kid... Go play house with your big sister.";"Carmine: Stupido ragazzino... Vai a casa a giocare con tua sorella.";"Carmine: Moleque idiota... Vai brincar de casinha com a sua irmã.";""
"battlevoice_chr004_100";"Orie: In the name of justice, I'll save you.";"Orie: In nome della giustizia, io ti salverò.";"Orie: Em nome da justiça, eu vou salvar você.";""
"battlevoice_chr004_102";"Orie: I'll have you withdraw from here.";"Orie: Farò in modo che ti ritiri da qui.";"Orie: Vou fazer você se retirar daqui.";""
"battlevoice_chr004_103";"Orie: I swing the hammer of light in accordance with the law.";"Orie: Brandisco il martello della luce in nome della legge.";"Orie: Brando o martelo da luz conforme a lei.";""
"battlevoice_chr004_108";"Orie: Indeed, though I admit I'm a bit reluctant.";"Orie: Certo, anche se mi resta una certa riluttanza.";"Orie: De fato, embora eu admita certa relutância.";""
"battlevoice_chr004_110";"Orie: Begone at once... or else.";"Orie: Vattene subito... o te ne pentirai.";"Orie: Vá embora já... ou então.";""
"battlevoice_chr004_111";"Orie: Is this also fate at work?";"Orie: Che sia anche questo opera del destino?";"Orie: Será isto também obra do destino?";""
"battlevoice_chr004_113";"Orie: No more than you can, no.";"Orie: Non più di quanto possa farlo tu.";"Orie: Não mais do que você consegue.";""
"battlevoice_chr004_115";"Orie: Submit yourself to scrutiny.";"Orie: Sottoponiti al giudizio.";"Orie: Submeta-se ao julgamento.";""
"battlevoice_chr004_117";"Orie: Those feelings are enough, Mika.";"Orie: Liberati di simili sentimenti, Mika.";"Orie: Esses sentimentos já bastam, Mika.";""
"battlevoice_chr004_120";"Orie: I shall vanquish those desires within you, here and now.";"Orie: Sconfiggerò i desideri dentro di te, qui e ora.";"Orie: Vou eliminar esses desejos dentro de você, aqui e agora.";""
"battlevoice_chr004_122";"Orie: I'll stop you in the name of Licht Kreis!";"Orie: Ti fermerò in nome del Licht Kreis!";"Orie: Vou deter você em nome da Licht Kreis!";""
"battlevoice_chr004_124";"Orie: I cannot depend on you forever.";"Orie: Non posso dipendere per sempre da te.";"Orie: Não posso depender de você para sempre.";""
"battlevoice_chr004_140";"Orie: Stand up! This isn't finished yet!";"Orie: In piedi! Non è ancora finita!";"Orie: Levante-se! Isto ainda não acabou!";""
"battlevoice_chr004_141";"Orie: The outcome is settled.";"Orie: L'esito è deciso.";"Orie: O resultado está decidido.";""
"battlevoice_chr004_150";"Orie: This was for the best... wasn't it?";"Orie: È stato per il meglio... non è vero?";"Orie: Foi melhor assim... não foi?";""
"battlevoice_chr004_151";"Orie: Was there a meaning to this fight?";"Orie: Questo combattimento ha avuto un significato?";"Orie: Havia algum sentido nesta luta?";""
"battlevoice_chr004_154";"Orie: That was much too close...";"Orie: C'è mancato troppo poco...";"Orie: Foi por muito pouco...";""
"battlevoice_chr004_158";"Orie: Now you see the difference in the burdens we bear...";"Orie: Ora vedi la differenza tra i nostri fardelli...";"Orie: Agora você vê a diferença entre os fardos que carregamos...";""
"battlevoice_chr004_164";"Orie: I shall fulfill my duty...";"Orie: Adempirò il mio dovere...";"Orie: Vou cumprir o meu dever...";""
"battlevoice_chr004_165";"Orie: I'm sorry, Kido...";"Orie: Mi dispiace, Kido...";"Orie: Me desculpe, Kido...";""
"battlevoice_chr004_167";"Orie: I'm sorry, Erika. Leave the rest to me.";"Orie: Mi dispiace, Erika. Lascia il resto a me.";"Orie: Me desculpe, Erika. Deixe o resto comigo.";""
"battlevoice_chr004_170";"Orie: Was this... really for the best?";"Orie: È stata... davvero la cosa migliore?";"Orie: Foi mesmo... melhor assim?";""
"battlevoice_chr004_172";"Orie: This one makes bedfellows with death!";"Orie: Questa è compagna di letto della morte!";"Orie: Este aqui dorme ao lado da morte!";""
"battlevoice_chr005_100";"Gordeau: Such turbulent wind...";"Gordeau: Che vento turbolento...";"Gordeau: Que vento turbulento...";""
"battlevoice_chr005_101";"Gordeau: So you finally showed up?";"Gordeau: E così, finalmente ti fai vedere?";"Gordeau: Então você finalmente apareceu?";""
"battlevoice_chr005_102";"Gordeau: Let's get this over with.";"Gordeau: Chiudiamola alla svelta.";"Gordeau: Vamos acabar logo com isso.";""
"battlevoice_chr005_103";"Gordeau: This should be fun.";"Gordeau: Sarà divertente.";"Gordeau: Isso vai ser divertido.";""
"battlevoice_chr005_108";"Gordeau: So you came out yourself, huh? That's rare.";"Gordeau: E così ti sei presentato in persona, eh? È raro.";"Gordeau: Então veio você mesma, é? Coisa rara.";""
"battlevoice_chr005_111";"Gordeau: You look pale. Are you feeling okay?";"Gordeau: Sembri pallido. Ti senti bene?";"Gordeau: Você está pálido. Está se sentindo bem?";""
"battlevoice_chr005_114";"Gordeau: Watch your step. Go too far, and you might get hurt.";"Gordeau: Guarda dove metti i piedi, o farai il passo più lungo della gamba.";"Gordeau: Cuidado onde pisa. Se for longe demais, pode se machucar.";""
"battlevoice_chr005_117";"Gordeau: Found anyone who measures up yet?";"Gordeau: Hai già trovato qualcuno che sia all'altezza?";"Gordeau: Já achou alguém à altura?";""
"battlevoice_chr005_120";"Gordeau: So we finally meet, Flame Tyrant.";"Gordeau: E così finalmente ci incontriamo, Tiranno della Fiamma.";"Gordeau: Então finalmente nos encontramos, Tirana das Chamas.";""
"battlevoice_chr005_121";"Gordeau: Give me just a little of your time.";"Gordeau: Dammi solo un istante del tuo tempo.";"Gordeau: Me dá só um pouco do seu tempo.";""
"battlevoice_chr005_123";"Gordeau: I know this won't change anything, but...";"Gordeau: So che questo non cambierà nulla, ma...";"Gordeau: Sei que isso não muda nada, mas...";""
"battlevoice_chr005_132";"Gordeau: What a pushover.";"Gordeau: Che invadenza.";"Gordeau: Que moleza.";""
"battlevoice_chr005_133";"Gordeau: We've both got bad luck.";"Gordeau: Abbiamo entrambi avuto sfortuna.";"Gordeau: Nós dois temos azar.";""
"battlevoice_chr005_138";"Gordeau: Looks like your senses have dulled quite a bit.";"Gordeau: Sembra che i tuoi sensi si siano un po' offuscati.";"Gordeau: Parece que seus sentidos enferrujaram bastante.";""
"battlevoice_chr005_139";"Gordeau: Whoa, there. I'm not happy with a win if you're holding back.";"Gordeau: Ehi! La vittoria non mi soddisfa, se ti trattieni.";"Gordeau: Opa, calma aí. Não fico feliz com a vitória se você se segura.";""
"battlevoice_chr005_142";"Gordeau: C'mon. Stand up.";"Gordeau: Forza, in piedi.";"Gordeau: Vamos. Levanta.";""
"battlevoice_chr005_143";"Gordeau: This is the famous Flame Tyrant?";"Gordeau: E questo sarebbe il famoso Tiranno della Fiamma?";"Gordeau: Essa é a famosa Tirana das Chamas?";""
"battlevoice_chr005_147";"Gordeau: You faced the wrong guy.";"Gordeau: Hai affrontato la persona sbagliata.";"Gordeau: Você enfrentou o cara errado.";""
"battlevoice_chr005_148";"Gordeau: Your skills weren't too bad, either.";"Gordeau: Anche le tue abilità non erano così male.";"Gordeau: Você também não era nada mal.";""
"battlevoice_chr005_152";"Gordeau: See? This is why the Night's so scary.";"Gordeau: Visto? Ecco perché la Notte è così spaventosa.";"Gordeau: Viu? É por isso que a Noite dá tanto medo.";""
"battlevoice_chr005_155";"Gordeau: There's such a thing as too strong, y'know...";"Gordeau: Si può anche essere troppo forti, sai...";"Gordeau: Existe isso de ser forte demais, sabia...";""
"battlevoice_chr005_160";"Gordeau: Geez, you're a piece of work, you know that?";"Gordeau: Accidenti, fai fare parecchia fatica, sai?";"Gordeau: Caramba, você é uma figura, sabia?";""
"battlevoice_chr005_162";"Gordeau: You don't disappoint, my friend. Or are you my greatest nemesis? Either way, I'm impressed.";"Gordeau: Non mi deludi, amico mio. O sei tu la mia nemesi? Comunque, sono colpito.";"Gordeau: Você não decepciona, meu amigo. Ou é meu maior inimigo? De todo jeito, impressionante.";""
"battlevoice_chr005_163";"Gordeau: This is fun. See? This is exactly why I can't stop fighting you.";"Gordeau: È divertente. Vedi? È proprio per questo che non riesco a smettere di combatterti.";"Gordeau: Isso é divertido. Viu? É por isso que não consigo parar de lutar com você.";""
"battlevoice_chr005_166";"Gordeau: What a letdown...";"Gordeau: Che delusione...";"Gordeau: Que decepção...";""
"battlevoice_chr005_167";"Gordeau: This changes... nothing.";"Gordeau: Questo... non cambia niente.";"Gordeau: Isso não muda... nada.";""
"battlevoice_chr006_100";"Merkava: Gyo gyo goooh!";"Merkava: Gyo gyo goooh!";"Merkava: Gyo gyo goooh!";""
"battlevoice_chr006_101";"Merkava: Gyuoooh!";"Merkava: Gyuoooh!";"Merkava: Gyuoooh!";""
"battlevoice_chr006_102";"Merkava: Let me have a good taste of you.";"Merkava: Voglio proprio assaggiarti per bene.";"Merkava: Deixe-me provar bem o seu sabor.";""
"battlevoice_chr006_103";"Merkava: Kwehhh!";"Merkava: Kwehhh!";"Merkava: Kwehhh!";""
"battlevoice_chr006_104";"Merkava: Kwoooaaahhh!";"Merkava: Kwoooaaahhh!";"Merkava: Kwoooaaahhh!";""
"battlevoice_chr006_109";"Merkava: That is the very definition of hubris, girl...";"Merkava: Sei la definizione di arroganza, ragazzina...";"Merkava: Essa é a própria definição de arrogância, garota...";""
"battlevoice_chr006_112";"Merkava: Oh, such a thing never even existed.";"Merkava: Oh, non è mai esistito niente del genere.";"Merkava: Ah, tal coisa nunca sequer existiu.";""
"battlevoice_chr006_115";"Merkava: I shall be the one to devour this world!";"Merkava: Sarò io a divorare questo mondo!";"Merkava: Serei eu a devorar este mundo!";""
"battlevoice_chr006_125";"Merkava: Kyuraaahhh!";"Merkava: Kyuraaahhh!";"Merkava: Kyuraaahhh!";""
"battlevoice_chr006_126";"Merkava: Keeeoooooohhh!";"Merkava: Keeeoooooohhh!";"Merkava: Keeeoooooohhh!";""
"battlevoice_chr006_127";"Merkava: I cannot contain my excitement!";"Merkava: Non riesco a contenere la mia trepidazione!";"Merkava: Não consigo conter a minha empolgação!";""
"battlevoice_chr006_130";"Merkava: Gwah... Gaaah, gaah! Gaaahhh, gaaahhh!";"Merkava: Gwah... Gaaah, gaah! Gaaahhh, gaaahhh!";"Merkava: Gwah... Gaaah, gaah! Gaaahhh, gaaahhh!";""
"battlevoice_chr006_131";"Merkava: I savored that, little human.";"Merkava: Ho assaporato questo scontro, piccolo umano.";"Merkava: Eu saboreei isso, pequeno humano.";""
"battlevoice_chr006_134";"Merkava: Thank you for the entertainment.";"Merkava: Grazie per l'intrattenimento.";"Merkava: Obrigado pelo entretenimento.";""
"battlevoice_chr006_138";"Merkava: How trifling.";"Merkava: Che sciocchezza.";"Merkava: Que insignificante.";""
"battlevoice_chr006_143";"Merkava: I gratefully accept your soul to augment my own power.";"Merkava: Accetto con gratitudine il dono della tua anima per aumentare il mio potere.";"Merkava: Aceito de bom grado a sua alma para ampliar o meu poder.";""
"battlevoice_chr006_145";"Merkava: I shall swallow you along with this world...";"Merkava: Ti inghiottirò insieme a questo mondo...";"Merkava: Vou engolir você junto com este mundo...";""
"battlevoice_chr007_100";"Vatista: Commencing ability evaluation.";"Vatista: Avvio valutazione delle capacità.";"Vatista: Iniciando avaliação de habilidade.";""
"battlevoice_chr007_101";"Vatista: Switching to obliteration task.";"Vatista: Passaggio all'attività di obliterazione.";"Vatista: Mudando para tarefa de obliteração.";""
"battlevoice_chr007_102";"Vatista: Commencing cleanup operations.";"Vatista: Avvio operazioni di pulizia.";"Vatista: Iniciando operações de limpeza.";""
"battlevoice_chr007_105";"Vatista: I'll defeat you and move on. That's my will.";"Vatista: Ti sconfiggerò e andrò avanti. Questa è la mia volontà.";"Vatista: Vou derrotar você e seguir em frente. Essa é a minha vontade.";""
"battlevoice_chr007_107";"Vatista: Fate turns in its cycle. Now we stand opposed.";"Vatista: La ruota del destino gira. Ora siamo ai lati opposti.";"Vatista: O destino gira em seu ciclo. Agora estamos em lados opostos.";""
"battlevoice_chr007_114";"Vatista: Assigned task complete. Resistance insignificant.";"Vatista: Incarico assegnato: completato. Resistenza: insignificante.";"Vatista: Tarefa concluída. Resistência insignificante.";""
"battlevoice_chr007_116";"Vatista: Decreasing subject's evaluation score.";"Vatista: Riduzione punteggio di valutazione del soggetto.";"Vatista: Reduzindo a nota de avaliação do alvo.";""
"battlevoice_chr007_118";"Vatista: *yawn* Sleepy.";"Vatista: *yawn* Ho sonno.";"Vatista: *boceja* Sono.";""
"battlevoice_chr007_119";"Vatista: Assigned task complete. Switching to normal mode.";"Vatista: Incarico assegnato: completato. Passaggio alla modalità normale.";"Vatista: Tarefa concluída. Mudando para o modo normal.";""
"battlevoice_chr007_121";"Vatista: Cleanup task complete. Damage insignificant.";"Vatista: Incarico di pulizia completato. Danni: insignificanti.";"Vatista: Limpeza concluída. Danos insignificantes.";""
"battlevoice_chr007_123";"Vatista: *yawn* Nnnh...";"Vatista: *yawn* Nnnh...";"Vatista: *boceja* Nnnh...";""
"battlevoice_chr007_127";"Vatista: Combat effectiveness evaluated. As expected, it would be too dangerous to allow subject to proceed.";"Vatista: Efficacia in combattimento valutata. Previsioni confermate: il soggetto non può procedere, rischio eccessivo.";"Vatista: Eficácia de combate avaliada. Como previsto, seria perigoso demais deixar o alvo prosseguir.";""
"battlevoice_chr008_100";"Seth: If you value your life, stay out of my way.";"Seth: Se dai valore alla tua vita, levati dalla mia strada.";"Seth: Se dá valor à vida, fique fora do meu caminho.";""
"battlevoice_chr008_101";"Seth: Resistance is useless.";"Seth: La resistenza è inutile.";"Seth: Resistir é inútil.";""
"battlevoice_chr008_102";"Seth: Cut the advertisement. Get ready.";"Seth: Piantala con le fanfaronate e preparati.";"Seth: Corta a propaganda. Prepare-se.";""
"battlevoice_chr008_107";"Seth: You're nothing... Hmph!";"Seth: Non sei niente... Umf!";"Seth: Você não é nada... Hmph!";""
"battlevoice_chr008_109";"Seth: I think it's clear there's no need...";"Seth: Mi sembra chiaro che non ce n'è bisogno...";"Seth: Acho que está claro que não há necessidade...";""
"battlevoice_chr008_112";"Seth: We talked about this. I'm the one who's supposed to go, remember?";"Seth: Ne abbiamo parlato. Sono io quello che dovrebbe andare, ricordi?";"Seth: Já falamos disso. Quem deve ir sou eu, lembra?";""
"battlevoice_chr008_115";"Seth: The chains that bind me, for starters...";"Seth: Le catene che mi legano, tanto per cominciare...";"Seth: As correntes que me prendem, para começar...";""
"battlevoice_chr008_118";"Seth: Heh. Like I had any left in the first place.";"Seth: Eh eh. Come se ne avessi mai avuti.";"Seth: Heh. Como se me restasse alguma.";""
"battlevoice_chr008_121";"Seth: Heh. A shattered plate can never be put back together.";"Seth: Eh eh. Un piatto rotto non tornerà mai insieme.";"Seth: Heh. Um prato estilhaçado nunca volta a ser inteiro.";""
"battlevoice_chr008_124";"Seth: I've been waiting for this moment, Aeon!";"Seth: Aspettavo con ansia questo momento, Eterno!";"Seth: Eu esperei por este momento, Aeon!";""
"battlevoice_chr008_133";"Seth: Finished already?";"Seth: Hai già finito?";"Seth: Já acabou?";""
"battlevoice_chr008_134";"Seth: How anticlimactic.";"Seth: Davvero deludente.";"Seth: Que anticlímax.";""
"battlevoice_chr008_135";"Seth: ...Your doubts dull your judgment.";"Seth: I tuoi dubbi offuscano il tuo giudizio.";"Seth: ...Suas dúvidas embotam o seu julgamento.";""
"battlevoice_chr008_140";"Seth: That's what all your big talk was about?";"Seth: Tutto qui, dopo tante parole?";"Seth: Era disso que se tratava toda aquela conversa?";""
"battlevoice_chr008_141";"Seth: Stand up. You think this ends with just words?";"Seth: In piedi. Credi che finisca tutto solo a parole?";"Seth: Levante-se. Acha que isso termina só com palavras?";""
"battlevoice_chr008_144";"Seth: This is the difference in the burdens we bear.";"Seth: Questa è la differenza tra i nostri fardelli.";"Seth: Essa é a diferença entre os fardos que carregamos.";""
"battlevoice_chr008_145";"Seth: The Night and its causality... I'll put an end to it all.";"Seth: La Notte e la sua causalità... metterò fine a tutto.";"Seth: A Noite e a sua causalidade... Vou pôr um fim em tudo.";""
"battlevoice_chr008_148";"Seth: This is indulgence. All things come to an end.";"Seth: Questa è indulgenza. Ogni cosa finisce.";"Seth: Isso é capricho. Todas as coisas chegam ao fim.";""
"battlevoice_chr008_151";"Seth: Know that resistance is pointless.";"Seth: Sappi che la resistenza è inutile.";"Seth: Saiba que resistir não adianta.";""
"battlevoice_chr008_156";"Seth: Sleep there until this is all over.";"Seth: Ora dormi, finché tutto non sarà finito.";"Seth: Durma aí até tudo isso acabar.";""
"battlevoice_chr008_158";"Seth: No need to fight anymore. I'll settle everything...";"Seth: Non c'è più bisogno di combattere. Sistemerò tutto io...";"Seth: Não precisa mais lutar. Eu resolvo tudo...";""
"battlevoice_chr008_160";"Seth: Sleep now. I'll carry your sins with me, too.";"Seth: Dormi, adesso. Porterò con me anche i tuoi peccati.";"Seth: Durma agora. Vou carregar os seus pecados comigo também.";""
"battlevoice_chr009_100";"Yuzuriha: Awriiight! Get ready!";"Yuzuriha: Eddaaai! Preparati!";"Yuzuriha: Beleeeza! Prepare-se!";""
"battlevoice_chr009_101";"Yuzuriha: Here's a challenge... Please accept!";"Yuzuriha: Ti lancio la mia sfida... Accettala!";"Yuzuriha: Aqui vai um desafio... Aceite, por favor!";""
"battlevoice_chr009_102";"Yuzuriha: Sheesh... You're not gonna let me win easily, are you?";"Yuzuriha: Capperi... Non mi lascerai vincere facilmente, vero?";"Yuzuriha: Poxa... Você não vai me deixar ganhar fácil, né?";""
"battlevoice_chr009_103";"Yuzuriha: I like that look in your eyes... C'mon, let's go!";"Yuzuriha: Mi piace quello sguardo nei tuoi occhi... Forza, fatti sotto!";"Yuzuriha: Gosto desse olhar... Vem, vamos lá!";""
"battlevoice_chr009_104";"Yuzuriha: I've already thrown away all doubt.";"Yuzuriha: Ho già buttato via ogni dubbio.";"Yuzuriha: Eu já joguei fora todas as dúvidas.";""
"battlevoice_chr009_108";"Yuzuriha: Looks like your doubts are gone.";"Yuzuriha: Sembra che i tuoi dubbi di siano dissolti.";"Yuzuriha: Parece que as suas dúvidas sumiram.";""
"battlevoice_chr009_110";"Yuzuriha: Very well! I accept your challenge!";"Yuzuriha: Molto bene! Accetto la tua sfida!";"Yuzuriha: Muito bem! Aceito o seu desafio!";""
"battlevoice_chr009_112";"Yuzuriha: Power and defense, huh? This is gonna be a tough one.";"Yuzuriha: Potere e difesa, eh? Sarà uno scontro duro.";"Yuzuriha: Poder e defesa, é? Essa vai ser difícil.";""
"battlevoice_chr009_114";"Yuzuriha: That's why I'm gonna change things up! Your fate included!";"Yuzuriha: Ecco perché cambierò le cose! Compreso il tuo destino!";"Yuzuriha: É por isso que eu vou mudar as coisas! O seu destino também!";""
"battlevoice_chr009_122";"Yuzuriha: Easy win!";"Yuzuriha: Una vittoria facile!";"Yuzuriha: Vitória fácil!";""
"battlevoice_chr009_123";"Yuzuriha: And thus! Darkness was vanquished!";"Yuzuriha: E così l'oscurità è stata vinta!";"Yuzuriha: E assim! As trevas foram vencidas!";""
"battlevoice_chr009_124";"Yuzuriha: Awright! Doing great!";"Yuzuriha: Evvai! Alla grande!";"Yuzuriha: Beleza! Mandando bem!";""
"battlevoice_chr009_125";"Yuzuriha: Welp, that about does it!";"Yuzuriha: Beh, questo è tutto!";"Yuzuriha: Bom, acho que é isso!";""
"battlevoice_chr009_126";"Yuzuriha: Know your role! Ha ha, just kidding!";"Yuzuriha: Resta al tuo posto! Ah ah, sto scherzando!";"Yuzuriha: Saiba o seu lugar! Ha ha, brincadeira!";""
"battlevoice_chr009_129";"Yuzuriha: Heeey! You still alive?";"Yuzuriha: Eeehi, respiri ancora?";"Yuzuriha: Eeei! Ainda tá vivo?";""
"battlevoice_chr009_130";"Yuzuriha: Learn your lesson and give up, okay?";"Yuzuriha: Impara la lezione e arrenditi, ok?";"Yuzuriha: Aprende a lição e desiste, tá?";""
"battlevoice_chr009_133";"Yuzuriha: I'd say you tried harder than most.";"Yuzuriha: Direi che ci hai provato con più convinzione di tanti altri.";"Yuzuriha: Eu diria que você se esforçou mais que a maioria.";""
"battlevoice_chr009_136";"Yuzuriha: I-I wonder if I overdid it...";"Yuzuriha: F-Forse ho esagerato...";"Yuzuriha: S-Será que eu exagerei...";""
"battlevoice_chr009_140";"Yuzuriha: Look at you, growing so much! I love to see it!";"Yuzuriha: Guarda che passi avanti hai fatto! È una bella soddisfazione!";"Yuzuriha: Olha só você, crescendo tanto! Adoro ver isso!";""
"battlevoice_chr009_142";"Yuzuriha: Just leave everything else to me!";"Yuzuriha: Lascia tutto il resto a me!";"Yuzuriha: Pode deixar todo o resto comigo!";""
"battlevoice_chr010_100";"Hilda: Hee hee hee... Make this fun for me, won't you?";"Hilda: Ih ih ih... Divertiamoci un po', che ne dici?";"Hilda: Hee hee hee... Torne isso divertido para mim, sim?";""
"battlevoice_chr010_101";"Hilda: Sing my praises! Let me hear you!";"Hilda: Canta le mie lodi! Fatti sentire!";"Hilda: Cantem os meus louvores! Quero ouvir!";""
"battlevoice_chr010_102";"Hilda: Hmm... I suppose I can spare some time to play with you.";"Hilda: Uhm... Forse posso dedicare un po' di tempo a giocare con te.";"Hilda: Hmm... Acho que posso gastar um tempinho brincando com você.";""
"battlevoice_chr010_110";"Hilda: So cheeky. You're making light of me, aren't you?";"Hilda: Che sfacciataggine! Mi stai prendendo in giro, vero?";"Hilda: Que atrevimento. Você está me subestimando, não está?";""
"battlevoice_chr010_111";"Hilda: I hope you're prepared to be thoroughly trounced.";"Hilda: Spero che tu sia pronto a farti spezzare.";"Hilda: Espero que esteja pronto para levar uma surra completa.";""
"battlevoice_chr010_112";"Hilda: I'll defeat you, and then all the rest, by myself.";"Hilda: Sconfiggerò te, e tutti gli altri, da sola.";"Hilda: Vou derrotar você, e depois todos os outros, sozinha.";""
"battlevoice_chr010_113";"Hilda: Let's settle this, shall we?";"Hilda: Risolviamo la cosa, va bene?";"Hilda: Vamos resolver isso, sim?";""
"battlevoice_chr010_114";"Hilda: You must have been dreadfully bored until now.";"Hilda: Devi esserti annoiato terribilmente fino ad ora.";"Hilda: Você devia estar morrendo de tédio até agora.";""
"battlevoice_chr010_115";"Hilda: Do you have any idea how long it took me to get here?";"Hilda: Hai idea di quanto mi ci sia voluto per arrivare qui?";"Hilda: Você faz ideia de quanto tempo levei para chegar aqui?";""
"battlevoice_chr010_116";"Hilda: How kind of fate to include your crushing defeat.";"Hilda: Il destino è molto gentile a prevedere la tua sconfitta schiacciante.";"Hilda: Que gentileza do destino incluir a sua derrota esmagadora.";""
"battlevoice_chr010_130";"Hilda: Hee hee... I've got nothing to say to a weakling like you.";"Hilda: Ih ih... Non ho niente da dire a un debole come te.";"Hilda: Hee hee... Não tenho nada a dizer a um fracote como você.";""
"battlevoice_chr010_131";"Hilda: This is what we call power. Overwhelming power.";"Hilda: Questo è ciò che chiamiamo potere. Potere travolgente.";"Hilda: É isso que chamamos de poder. Poder esmagador.";""
"battlevoice_chr010_140";"Hilda: Splendid, Chaos. Maybe I misjudged you.";"Hilda: Magnifico, Chaos. Forse ti ho giudicato male.";"Hilda: Esplêndido, Chaos. Talvez eu tenha julgado você mal.";""
"battlevoice_chr010_150";"Hilda: ...Heh heh heh... Ahh ha ha ha ha haaa!";"Hilda: Eh eh eh... Aah ah ah ah ah aaah!";"Hilda: ...Heh heh heh... Ahh ha ha ha ha haaa!";""
"battlevoice_chr010_151";"Hilda: Hee hee... How very wretched...";"Hilda: Ih ih... Che miserevole...";"Hilda: Hee hee... Que coisa lamentável...";""
"battlevoice_chr010_155";"Hilda: I was holding back, you know. I wonder if you noticed.";"Hilda: Mi stavo trattenendo, sai? Chissà se l'hai notato.";"Hilda: Eu estava me segurando, sabia. Será que você percebeu?";""
"battlevoice_chr010_158";"Hilda: Oh, dear. How weak.";"Hilda: Oh, santo cielo. Sei proprio debole.";"Hilda: Ai, ai. Que fraqueza.";""
"battlevoice_chr010_160";"Hilda: Keep your mouth shut and come along with me.";"Hilda: Tieni la bocca chiusa e vieni con me.";"Hilda: Fique de boca fechada e venha comigo.";""
"battlevoice_chr010_161";"Hilda: Ahh ha ha ha haaa! I feel amazing!";"Hilda: Aah ah ah ah ah aaah! Che sensazione fantastica!";"Hilda: Ahh ha ha ha haaa! Eu me sinto incrível!";""
"battlevoice_chr010_162";"Hilda: Looks like rebirth isn't all it's cracked up to be.";"Hilda: Sembra che la rinascita non sia poi questa gran cosa.";"Hilda: Parece que o Re-Birth não é tudo isso que dizem.";""
"battlevoice_chr011_100";"Eltnum: Time for your punishment.";"Eltnum: È ora della tua punizione.";"Eltnum: Hora do seu castigo.";""
"battlevoice_chr011_101";"Eltnum: I'll show you what a difference experience can make.";"Eltnum: Ti mostrerò che differenza può fare l'esperienza.";"Eltnum: Vou mostrar a diferença que a experiência faz.";""
"battlevoice_chr011_106";"Eltnum: Shall we have one last dance, senpai?";"Eltnum: Un ultimo ballo, senpai?";"Eltnum: Vamos ter uma última dança, senpai?";""
"battlevoice_chr011_115";"Eltnum: You ought to look up the word ""reckless"" sometime.";"Eltnum: Dovresti cercare la parola ""sconsiderato"" qualche volta.";"Eltnum: Você devia procurar a palavra ""imprudente"" no dicionário.";""
"battlevoice_chr011_116";"Eltnum: These numbers are below the estimates... How shameful.";"Eltnum: Questi numeri sono inferiori alle stime... Che vergogna.";"Eltnum: Esses números estão abaixo das estimativas... Que vergonha.";""
"battlevoice_chr011_117";"Eltnum: Hmph. How wretched...";"Eltnum: Uff. Che miserevole...";"Eltnum: Hmph. Que lamentável...";""
"battlevoice_chr011_120";"Eltnum: And we're finished! No surprises there.";"Eltnum: E abbiamo finito! Nessuna sorpresa...";"Eltnum: E acabou! Sem surpresas.";""
"battlevoice_chr011_121";"Eltnum: Have you learned your lesson?";"Eltnum: Hai imparato la lezione?";"Eltnum: Aprendeu a lição?";""
"battlevoice_chr011_124";"Eltnum: You surpassed my calculations... Impressive, but it doesn't change the results.";"Eltnum: Sei superiore a quanto prevedessero i miei calcoli... Notevole, ma il risultato non cambia.";"Eltnum: Você superou os meus cálculos... Impressionante, mas não muda o resultado.";""
"battlevoice_chr011_127";"Eltnum: That was a simple problem.";"Eltnum: È stato un problema elementare.";"Eltnum: Esse foi um problema simples.";""
"battlevoice_chr011_132";"Eltnum: I'm grateful for this chance!";"Eltnum: Ti sono grata per questa occasione!";"Eltnum: Sou grata por esta chance!";""
"battlevoice_chr012_100";"Nanase: I can feel it in the wind... You're eager to fight!";"Nanase: Lo avverto nel vento... Sei trepidante di combattere!";"Nanase: Dá pra sentir no vento... Você tá doido pra lutar!";""
"battlevoice_chr012_101";"Nanase: I'll show you my strength!";"Nanase: Ti mostrerò la mia forza!";"Nanase: Vou te mostrar a minha força!";""
"battlevoice_chr012_106";"Nanase: I found you... Prepare yourself, Hyde Kido!";"Nanase: Ti ho trovato... Preparati, Hyde Kido!";"Nanase: Te achei... Prepare-se, Hyde Kido!";""
"battlevoice_chr012_108";"Nanase: Oh! Senpai!";"Nanase: Oh! Senpai!";"Nanase: Ah! Senpai!";""
"battlevoice_chr012_117";"Nanase: All right!";"Nanase: Evvai!";"Nanase: Isso!";""
"battlevoice_chr012_118";"Nanase: I did it!";"Nanase: Ce l'ho fatta!";"Nanase: Consegui!";""
"battlevoice_chr012_121";"Nanase: Oh, I gotta report this, ASAP! Um, hello? Yeah, it's me...";"Nanase: Devo segnalarlo il prima possibile! Ehm, pronto? Sì, sono io...";"Nanase: Ah, preciso avisar isso já! Hã, alô? É, sou eu...";""
"battlevoice_chr012_122";"Nanase: Now's my chance!";"Nanase: È la mia occasione!";"Nanase: É a minha chance!";""
"battlevoice_chr012_123";"Nanase: Here I am, in the Hollow Night! Aaand... send!";"Nanase: Eccomi qui, nella Notte Vuota! Eee... inviato!";"Nanase: Aqui estou eu, na Noite Vazia! Eee... enviar!";""
"battlevoice_chr012_126";"Nanase: Oh, I gotta take notes on that last attack!";"Nanase: Oh, devo prendere appunti su quell'ultimo attacco!";"Nanase: Ah, preciso anotar esse último ataque!";""
"battlevoice_chr012_129";"Nanase: Hashtag winning! Aaand... send!";"Nanase: Hashtag vittoria! Eee... inviato!";"Nanase: Hashtag vitória! Eee... enviar!";""
"battlevoice_chr012_134";"Nanase: I did it! Now prepare yourself, Hyde Kido!";"Nanase: Ce l'ho fatta! Ora preparati, Hyde Kido!";"Nanase: Consegui! Agora prepare-se, Hyde Kido!";""
"battlevoice_chr012_136";"Nanase: All right, I took down a senpai! This whole act is getting kinda old, though...";"Nanase: Evvai, ho sconfitto un senpai! Comincia a essere un po' tutto uguale, però...";"Nanase: Isso, derrubei um senpai! Mas esse teatro todo já tá cansando...";""
"battlevoice_chr013_080";"Tsukuyomi: I leave the rest to you, Byakuya.";"Tsukuyomi: Lascio il resto a te, Byakuya.";"Tsukuyomi: Deixo o resto com você, Byakuya.";""
"battlevoice_chr013_081";"Tsukuyomi: We can't get rid of this guy...";"Tsukuyomi: Non riusciamo a liberarci di questo qui...";"Tsukuyomi: Não conseguimos nos livrar desse cara...";""
"battlevoice_chr013_082";"Tsukuyomi: We can't get rid of this girl...";"Tsukuyomi: Non riusciamo a liberarci di questa qui...";"Tsukuyomi: Não conseguimos nos livrar dessa garota...";""
"battlevoice_chr013_083";"Tsukuyomi: My little brother Byakuya has come to devour you.";"Tsukuyomi: Il mio fratellino Byakuya è venuto a divorarti.";"Tsukuyomi: Meu irmãozinho Byakuya veio devorar você.";""
"battlevoice_chr013_101";"Byakuya: You can count on me, Sis.";"Byakuya: Puoi contare su di me, sorella.";"Byakuya: Pode contar comigo, mana.";""
"battlevoice_chr013_104";"Byakuya: Ah. Good evening.";"Byakuya: Ah. Buonasera.";"Byakuya: Ah. Boa noite.";""
"battlevoice_chr013_105";"Byakuya: Sorry to rush this along, but you need to disappear.";"Byakuya: Scusa se ti faccio fretta, ma devi sparire.";"Byakuya: Desculpa a pressa, mas você precisa desaparecer.";""
"battlevoice_chr013_106";"Byakuya: You really are pushy.";"Byakuya: Sei davvero invadente.";"Byakuya: Você é mesmo insistente.";""
"battlevoice_chr013_107";"Byakuya: Well, well. We meet again.";"Byakuya: Bene bene. Ci incontriamo di nuovo.";"Byakuya: Ora, ora. Nos encontramos de novo.";""
"battlevoice_chr013_109";"Byakuya: Would you stop picking fights under my name?";"Byakuya: La smetti di attaccare briga a nome mio?";"Byakuya: Dá pra parar de arrumar briga usando o meu nome?";""
"battlevoice_chr013_118";"Byakuya: I'll wipe that smile off your face.";"Byakuya: Ti spazzerò via quel sorriso dalla faccia.";"Byakuya: Vou arrancar esse sorriso do seu rosto.";""
"battlevoice_chr013_120";"Byakuya: Stop copying me.";"Byakuya: Smettila di copiarmi.";"Byakuya: Para de me imitar.";""
"battlevoice_chr013_129";"Byakuya: Hey, are you still alive?";"Byakuya: Ehi, respiri ancora?";"Byakuya: Ei, ainda tá vivo?";""
"battlevoice_chr013_130";"Byakuya: You're not actually finished yet, are you?";"Byakuya: Non hai ancora finito, vero?";"Byakuya: Você ainda não acabou de verdade, né?";""
"battlevoice_chr013_131";"Byakuya: How weak.";"Byakuya: Sei proprio debole.";"Byakuya: Que fraqueza.";""
"battlevoice_chr013_132";"Byakuya: Get it now? Your resistance was pointless.";"Byakuya: Capisci, ora? La tua resistenza è stata inutile.";"Byakuya: Entendeu agora? Sua resistência foi inútil.";""
"battlevoice_chr013_135";"Byakuya: You really are all talk.";"Byakuya: Sei davvero solo chiacchiere.";"Byakuya: Você é mesmo só conversa.";""
"battlevoice_chr013_136";"Byakuya: Huh? Finished already?";"Byakuya: Beh? Hai già finito?";"Byakuya: Hã? Já acabou?";""
"battlevoice_chr013_137";"Byakuya: You're not even worth eating.";"Byakuya: Non meriti nemmeno di farti mangiare.";"Byakuya: Você não vale nem a mordida.";""
"battlevoice_chr013_138";"Byakuya: Huh? You really are weak.";"Byakuya: Eh? Sei davvero debole.";"Byakuya: Hã? Você é fraco mesmo.";""
"battlevoice_chr013_140";"Byakuya: Aha ha ha! What a weakling.";"Byakuya: Ah ah ah! Che pusillanime.";"Byakuya: Aha ha ha! Que fracote.";""
"battlevoice_chr013_141";"Byakuya: Aha ha ha ha!";"Byakuya: Ah ah ah ah!";"Byakuya: Aha ha ha ha!";""
"battlevoice_chr013_146";"Byakuya: You gave it your best shot, I guess. But it's over now.";"Byakuya: Hai fatto del tuo meglio, immagino. Ma adesso è finita.";"Byakuya: Você deu o seu melhor, eu acho. Mas acabou.";""
"battlevoice_chr013_149";"Byakuya: What? That's all?";"Byakuya: Cosa? Tutto qui?";"Byakuya: O quê? Só isso?";""
"battlevoice_chr014_100";"Akatsuki: I could survive even death itself!";"Akatsuki: Potrei sopravvivere anche alla morte stessa!";"Akatsuki: Eu sobreviveria até à própria morte!";""
"battlevoice_chr014_101";"Akatsuki: Send me all your slings and arrows!";"Akatsuki: Piovete pure, sassi e dardi!";"Akatsuki: Mandem todas as suas pedras e flechas!";""
"battlevoice_chr014_102";"Akatsuki: Is there no end to my misfortune?";"Akatsuki: Non c'è forse fine alla mia sfortuna?";"Akatsuki: Meu infortúnio não tem fim?";""
"battlevoice_chr014_106";"Akatsuki: You're as strange as ever.";"Akatsuki: Sei strana come sempre.";"Akatsuki: Você continua estranho como sempre.";""
"battlevoice_chr014_114";"Akatsuki: Sei!";"Akatsuki: Sei!";"Akatsuki: Sei!";""
"battlevoice_chr014_115";"Akatsuki: How pitiful. Stand up!";"Akatsuki: Che figura pietosa. In piedi!";"Akatsuki: Que lamentável. Levante-se!";""
"battlevoice_chr014_116";"Akatsuki: Finished already?!";"Akatsuki: Hai già finito?!";"Akatsuki: Já acabou?!";""
"battlevoice_chr014_119";"Akatsuki: I am the god of thunder! I am invincible!";"Akatsuki: Io sono il dio del tuono! Io sono invincibile!";"Akatsuki: Eu sou o deus do trovão! Sou invencível!";""
"battlevoice_chr014_120";"Akatsuki: Even if my body dies, I'll fiercely defend the nation in spirit!";"Akatsuki: Anche se il mio corpo muore, difenderò la nazione in ispirito!";"Akatsuki: Mesmo que meu corpo morra, defenderei a nação em espírito!";""
"battlevoice_chr014_123";"Akatsuki: You put up an impressively ferocious fight...";"Akatsuki: Hai combattuto in modo davvero feroce...";"Akatsuki: Você lutou com uma ferocidade impressionante...";""
"battlevoice_chr014_126";"Akatsuki: You lack training!";"Akatsuki: Manchi di allenamento!";"Akatsuki: Falta treino!";""
"battlevoice_chr014_130";"Akatsuki: Farewell, my so-called junior. Keep your quarrels in moderation.";"Akatsuki: Addio, giovane. Moderati nel combattere.";"Akatsuki: Adeus, meu suposto calouro. Brigue com moderação.";""
"battlevoice_chr014_131";"Akatsuki: Ours is a strange bond... We may meet again, if we both survive.";"Akatsuki: Il nostro è un legame strano... Forse ci incontreremo ancora, se sopravvivremo.";"Akatsuki: Nosso laço é estranho... Talvez nos vejamos de novo, se ambos sobrevivermos.";""
"battlevoice_chr015_100";"Chaos: It looks like I'm on cleanup duty.";"Chaos: Sono di servizio di pulizia, allora.";"Chaos: Parece que fiquei com a limpeza.";""
"battlevoice_chr015_101";"Chaos: I usually stick to more cerebral tasks...";"Chaos: Di solito mi assegnano compiti più concetto...";"Chaos: Costumo ficar com as tarefas mais cerebrais...";""
"battlevoice_chr015_102";"Chaos: How long do you plan to flail about?";"Chaos: Per quanto tempo pensi di agitarti così?";"Chaos: Por quanto tempo pretende ficar se debatendo?";""
"battlevoice_chr015_103";"Chaos: Do go easy on me.";"Chaos: Vacci piano con me.";"Chaos: Pegue leve comigo.";""
"battlevoice_chr015_104";"Chaos: Just don't break my glasses, okay?";"Chaos: Non rompermi gli occhiali, ok?";"Chaos: Só não quebra os meus óculos, tá?";""
"battlevoice_chr015_108";"Chaos: You were on my mind. What other reason is there?";"Chaos: Pensavo a te. Che altro motivo serve?";"Chaos: Eu estava pensando em você. Que outro motivo haveria?";""
"battlevoice_chr015_110";"Chaos: Hilda... You again...?";"Chaos: Hilda... Di nuovo tu?";"Chaos: Hilda... Você de novo...?";""
"battlevoice_chr015_111";"Chaos: Well, at least I was prepared to run into you.";"Chaos: Beh, se non altro ero pronto a incontrarti.";"Chaos: Bom, pelo menos eu estava preparado para topar com você.";""
"battlevoice_chr015_113";"Chaos: Last chance. Want to join forces with us again?";"Chaos: Ultima possibilità: vuoi tornare a unire le forze con noi?";"Chaos: Última chance. Quer se juntar a nós de novo?";""
"battlevoice_chr015_115";"Chaos: If I win... you know what happens, right?";"Chaos: Se vincerò... sai cosa accadrà, vero?";"Chaos: Se eu vencer... você sabe o que acontece, certo?";""
"battlevoice_chr015_117";"Chaos: The feeling's mutual. I don't mind you, either.";"Chaos: Il sentimento è reciproco. E non mi dispiaci neanche tu.";"Chaos: O sentimento é mútuo. Você também não me incomoda.";""
"battlevoice_chr015_125";"Chaos: You're more capable than I expected.";"Chaos: Sei più abile di quanto mi aspettassi.";"Chaos: Você é mais capaz do que eu esperava.";""
"battlevoice_chr015_126";"Chaos: A sensible, intelligent victory.";"Chaos: Una vittoria sensata e intelligente.";"Chaos: Uma vitória sensata e inteligente.";""
"battlevoice_chr015_127";"Chaos: ...You held back, didn't you, Gordeau?";"Chaos: Ti sei trattenuto, vero Gordeau?";"Chaos: ...Você se segurou, não foi, Gordeau?";""
"battlevoice_chr015_128";"Chaos: You never change, either.";"Chaos: Nemmeno tu cambi mai.";"Chaos: Você também nunca muda.";""
"battlevoice_chr015_130";"Chaos: Sorry. Azhi Dahaka's manners need some work.";"Chaos: Scusa. Azhi Dahaka ha bisogno di lezioni di galateo.";"Chaos: Desculpe. Azhi Dahaka ainda precisa aprender bons modos.";""
"battlevoice_chr015_131";"Chaos: I'd say that was a good bout.";"Chaos: Direi che è stato un bell'incontro.";"Chaos: Eu diria que foi uma boa luta.";""
"battlevoice_chr015_132";"Chaos: I'd hoped for a smarter victory.";"Chaos: Speravo in una vittoria più intelligente.";"Chaos: Eu esperava uma vitória mais inteligente.";""
"battlevoice_chr015_133";"Chaos: I sense no intelligence in your fighting style.";"Chaos: Non vedo intelligenza nel tuo stile di combattimento.";"Chaos: Não vejo inteligência no seu jeito de lutar.";""
"battlevoice_chr015_134";"Chaos: Fighting you is fun and all, but alas, one only lives once.";"Chaos: Combatterti è divertente, ma ahimè, si vive solo una volta.";"Chaos: Lutar com você é divertido, mas, infelizmente, só se vive uma vez.";""
"battlevoice_chr015_135";"Chaos: Th-that was ridiculous... Are you trying to kill me?";"Chaos: È stato ridicolo... Stai cercando di uccidermi?";"Chaos: I-Isso foi ridículo... Está tentando me matar?";""
"battlevoice_chr015_136";"Chaos: Nearly losing one's life in a test of skill is taking things too far...";"Chaos: Perdere quasi la vita in una prova di abilità è troppo...";"Chaos: Quase perder a vida num teste de habilidade já é ir longe demais...";""
"battlevoice_chr015_137";"Chaos: Yes, you really are fascinating. Just as I thought.";"Chaos: Sì, sei davvero affascinante. Proprio come pensavo.";"Chaos: Sim, você é mesmo fascinante. Como eu pensava.";""
"battlevoice_chr016_100";"Wagner: Curse your misfortune, that you ran into me.";"Wagner: Maledici la tua sfortuna: hai incontrato proprio me.";"Wagner: Amaldiçoe o seu azar por ter cruzado comigo.";""
"battlevoice_chr016_101";"Wagner: I'll finish you in mere moments.";"Wagner: Ti finirò in pochi istanti.";"Wagner: Vou acabar com você em instantes.";""
"battlevoice_chr016_102";"Wagner: Will you put my flame to the test?";"Wagner: Metterai alla prova la mia fiamma?";"Wagner: Vai pôr a minha chama à prova?";""
"battlevoice_chr016_103";"Wagner: I'll show you how EXS should be used.";"Wagner: Ti mostrerò come dovrebbe essere usato l'EXS.";"Wagner: Vou mostrar como se deve usar o EXS.";""
"battlevoice_chr016_104";"Wagner: So here we are. Your luck must be as bad as mine.";"Wagner: Eccoci qui, dunque. La tua sfortuna deve essere pari alla mia.";"Wagner: Então cá estamos. Sua sorte deve ser tão ruim quanto a minha.";""
"battlevoice_chr016_109";"Wagner: Time to settle our old score. Let's go, honor student.";"Wagner: È ora di saldare i vecchi conti. Fatti avanti, studentessa modello.";"Wagner: Hora de acertar a nossa velha conta. Vamos, aluna exemplar.";""
"battlevoice_chr016_112";"Wagner: It seems we've got our chance without a need for schemes. Shall we?";"Wagner: Possiamo scontrarci senza ricorrere a sotterfugi. Vogliamo procedere?";"Wagner: Parece que tivemos a nossa chance sem precisar de tramas. Vamos?";""
"battlevoice_chr016_115";"Wagner: Very well. Give me everything you've got.";"Wagner: Molto bene. Mostrami tutto ciò che sai fare.";"Wagner: Muito bem. Me dê tudo o que você tem.";""
"battlevoice_chr016_117";"Wagner: Bold of you to show yourself before the Void Hunter.";"Wagner: Hai coraggio a mostrarti davanti al Cacciatore del Vuoto.";"Wagner: Que ousadia aparecer diante da Caçadora de Vazios.";""
"battlevoice_chr016_119";"Wagner: Heh. It looks like you just can't forget me.";"Wagner: Eh eh. Allora non riesci proprio a dimenticarmi.";"Wagner: Heh. Parece que você não consegue me esquecer.";""
"battlevoice_chr016_123";"Wagner: I ask for a bout, samurai.";"Wagner: Ti chiedo uno scontro, samurai.";"Wagner: Peço um duelo, samurai.";""
"battlevoice_chr016_126";"Wagner: Cut the tedious talk. If you're going to fight, fight.";"Wagner: Quando si combatte si combatte, non si parla.";"Wagner: Corte a conversa tediosa. Se vai lutar, lute.";""
"battlevoice_chr016_135";"Wagner: Stand up. I'll burn you to ash next.";"Wagner: In piedi. La prossima volta ti ridurrò in cenere.";"Wagner: Levante-se. Agora vou reduzir você a cinzas.";""
"battlevoice_chr016_136";"Wagner: Is that all you can seriously muster?";"Wagner: Davvero è tutto ciò che sai fare?";"Wagner: Isso é tudo o que você consegue, a sério?";""
"battlevoice_chr016_137";"Wagner: Face me as many times as you like. The result will be the same.";"Wagner: Affrontami quante volte vuoi, il risultato sarà lo stesso.";"Wagner: Me enfrente quantas vezes quiser. O resultado será o mesmo.";""
"battlevoice_chr016_143";"Wagner: What's wrong, honor student? Finished already?";"Wagner: Cosa c'è che non va, studentessa modello? Hai già finito?";"Wagner: O que foi, aluna exemplar? Já acabou?";""
"battlevoice_chr016_145";"Wagner: Satisfied yet? I'll send you after your friends right away.";"Wagner: Questo ti soddisfa? Ti manderò subito a cercare i tuoi amici.";"Wagner: Satisfeito? Vou mandar você atrás dos seus amigos agora mesmo.";""
"battlevoice_chr016_148";"Wagner: Does that make the difference in our capabilities clear enough for you?";"Wagner: Questo rende chiara la differenza tra le nostre capacità?";"Wagner: Isso deixa clara o bastante a diferença entre nós?";""
"battlevoice_chr016_149";"Wagner: Yet another one who fails to deliver.";"Wagner: Anche questa volta, non raggiungi la sufficienza.";"Wagner: Mais um que não entrega o que promete.";""
"battlevoice_chr016_150";"Wagner: All this disciplining is starting to get tedious.";"Wagner: Infliggere punizioni comincia a diventare noioso.";"Wagner: Disciplinar tanta gente já está ficando tedioso.";""
"battlevoice_chr016_151";"Wagner: You're too weak. Just like everyone else around here.";"Wagner: Sei troppo debole. Proprio come tutti gli altri, qui.";"Wagner: Você é fraco demais. Como todos os outros por aqui.";""
"battlevoice_chr016_154";"Wagner: Any who stand against me will burn. That's all.";"Wagner: Chiunque si opponga a me brucerà. Non c'è altro.";"Wagner: Quem ficar contra mim vai queimar. Só isso.";""
"battlevoice_chr016_157";"Wagner: Is that all you've got? How dull.";"Wagner: È tutto qui? Che gran noia.";"Wagner: Isso é tudo? Que sem graça.";""
"battlevoice_chr016_162";"Wagner: Hmph. This result is only natural, Orie Ballardiae.";"Wagner: Umf. Era naturale che finisse così, Orie Ballardiae.";"Wagner: Hmph. Este resultado é apenas natural, Orie Ballardiae.";""
"battlevoice_chr016_164";"Wagner: Sorry, but I can't give my life up to you.";"Wagner: Mi dispiace, ma non posso cederti la mia vita.";"Wagner: Sinto muito, mas não posso entregar a minha vida a você.";""
"battlevoice_chr017_100";"Enkidu: I'll test your strength.";"Enkidu: Metterò alla prova la tua forza.";"Enkidu: Vou testar a sua força.";""
"battlevoice_chr017_101";"Enkidu: ...Here I come.";"Enkidu: Eccomi, arrivo.";"Enkidu: ...Aqui vou eu.";""
"battlevoice_chr017_102";"Enkidu: ...A strong wind blows.";"Enkidu: Soffia un forte vento.";"Enkidu: ...Sopra um vento forte.";""
"battlevoice_chr017_103";"Enkidu: Now. Let us have a match.";"Enkidu: Ora. Affrontiamoci.";"Enkidu: Agora. Vamos ter um combate.";""
"battlevoice_chr017_104";"Enkidu: Have you readied yourself?";"Enkidu: Hai affinato le tue abilità?";"Enkidu: Você se preparou?";""
"battlevoice_chr017_105";"Enkidu: I've been waiting anxiously for this!";"Enkidu: Aspettavo con ansia questo scontro!";"Enkidu: Esperei ansiosamente por isto!";""
"battlevoice_chr017_106";"Enkidu: The time has come.";"Enkidu: Il tempo è venuto.";"Enkidu: Chegou a hora.";""
"battlevoice_chr017_110";"Enkidu: I challenge you, insatiable one!";"Enkidu: Ti sfido, insaziabile!";"Enkidu: Eu desafio você, insaciável!";""
"battlevoice_chr017_112";"Enkidu: Yes. I'm looking at them right now, in fact.";"Enkidu: Sì. Anzi, è proprio davanti a me.";"Enkidu: Sim. Estou olhando para eles agora mesmo, aliás.";""
"battlevoice_chr017_114";"Enkidu: I challenge you, dazzling darkness!";"Enkidu: Ti sfido, oscurità abbagliante!";"Enkidu: Eu desafio você, escuridão deslumbrante!";""
"battlevoice_chr017_116";"Enkidu: It was all worth it for this moment.";"Enkidu: Ne è valsa la pena per giungere a questo momento.";"Enkidu: Tudo valeu a pena por este momento.";""
"battlevoice_chr017_119";"Enkidu: I challenge you, child of chaos!";"Enkidu: Ti sfido, progenie del caos!";"Enkidu: Eu desafio você, filho do caos!";""
"battlevoice_chr017_121";"Enkidu: You should be able to show me the answer I seek.";"Enkidu: Dovresti essere in grado di darmi la risposta che cerco.";"Enkidu: Você deve ser capaz de me mostrar a resposta que procuro.";""
"battlevoice_chr017_123";"Enkidu: None would find fault with you for losing to me as I am now.";"Enkidu: Nessuno troverebbe da ridire per aver perso contro di me ora.";"Enkidu: Ninguém culparia você por perder para mim como estou agora.";""
"battlevoice_chr017_140";"Enkidu: Still too green.";"Enkidu: Non hai ancora abbastanza esperienza.";"Enkidu: Ainda muito verde.";""
"battlevoice_chr017_141";"Enkidu: This must be a joke.";"Enkidu: Dev'essere uno scherzo.";"Enkidu: Só pode ser piada.";""
"battlevoice_chr017_142";"Enkidu: Is that all?";"Enkidu: Tutto qui?";"Enkidu: É só isso?";""
"battlevoice_chr017_143";"Enkidu: Take this more seriously.";"Enkidu: Prendi la cosa più seriamente.";"Enkidu: Leve isto mais a sério.";""
"battlevoice_chr017_150";"Enkidu: Interesting. As a battle should be.";"Enkidu: Interessante. Come dovrebbe essere una battaglia.";"Enkidu: Interessante. Como toda batalha deveria ser.";""
"battlevoice_chr017_151";"Enkidu: You and I are both woefully inadequate.";"Enkidu: Siamo entrambi terribilmente inadeguati.";"Enkidu: Você e eu ainda deixamos muito a desejar.";""
"battlevoice_chr017_152";"Enkidu: I won't forget this bout.";"Enkidu: Non dimenticherò questo scontro.";"Enkidu: Não vou esquecer este combate.";""
"battlevoice_chr017_154";"Enkidu: This bout found only a razor's edge between us.";"Enkidu: La differenza tra noi è sottile, e questo scontro lo dimostra.";"Enkidu: Neste combate, só um fio de navalha nos separou.";""
"battlevoice_chr017_156";"Enkidu: You're still too green. Try again later.";"Enkidu: Non hai ancora abbastanza esperienza. Riprovaci un altra volta.";"Enkidu: Você ainda está muito verde. Tente de novo depois.";""
"battlevoice_chr017_160";"Enkidu: I appreciate your help, but I can't hold back in a match.";"Enkidu: Apprezzo il tuo aiuto, ma non riesco a trattenermi in uno scontro.";"Enkidu: Agradeço a sua ajuda, mas não posso me segurar num combate.";""
"battlevoice_chr018_100";"Londrekia: This is another part of my duties.";"Londrekia: Questo è un altro dei miei compiti.";"Londrekia: Isto também faz parte dos meus deveres.";""
"battlevoice_chr018_102";"Londrekia: In-Births must be kept under control.";"Londrekia: Gli In-Birth devono essere tenuti sotto controllo.";"Londrekia: Os In-Births precisam ser mantidos sob controle.";""
"battlevoice_chr018_103";"Londrekia: A formidable looking opponent... but I'll prevail.";"Londrekia: Un avversario all'apparenza formidabile... Ma la vittoria sarà mia.";"Londrekia: Um oponente de aparência temível... mas eu vencerei.";""
"battlevoice_chr018_104";"Londrekia: By the name of Ritter Schild, I will not lose!";"Londrekia: Nel nome del Ritter Schild, io non perderò!";"Londrekia: Pelo nome da Ritter Schild, eu não perderei!";""
"battlevoice_chr018_105";"Londrekia: There's nothing in all creation that cannot be frozen.";"Londrekia: Non c'è nulla in tutto il creato che non possa essere congelato.";"Londrekia: Não há nada em toda a criação que não possa ser congelado.";""
"battlevoice_chr018_106";"Londrekia: A fair and honest match, with honor on the line for both of us.";"Londrekia: Uno scontro equo e onesto, con l'onore in gioco per entrambi.";"Londrekia: Um combate justo e honesto, com a honra de ambos em jogo.";""
"battlevoice_chr018_107";"Londrekia: Regardless of your abilities, you will be frozen.";"Londrekia: Quali siano le tue capacità, il gelo ti avvolgerà.";"Londrekia: Sejam quais forem as suas habilidades, você será congelado.";""
"battlevoice_chr018_110";"Londrekia: It's an honor to meet you.";"Londrekia: È un onore incontrarti.";"Londrekia: É uma honra conhecer você.";""
"battlevoice_chr018_111";"Londrekia: I request a duel!";"Londrekia: Ti sfido a duello!";"Londrekia: Eu peço um duelo!";""
"battlevoice_chr018_113";"Londrekia: It seems our fates are deeply linked.";"Londrekia: Sembra che i nostri destini siano legati in profondità.";"Londrekia: Parece que os nossos destinos estão profundamente ligados.";""
"battlevoice_chr018_114";"Londrekia: To think I'd encounter you again!";"Londrekia: Non pensavo che ti avrei incontrato di nuovo!";"Londrekia: E pensar que eu encontraria você de novo!";""
"battlevoice_chr018_116";"Londrekia: I suppose this is the end of our relationship, then.";"Londrekia: E così, questa è la fine della nostra relazione, allora.";"Londrekia: Suponho que este seja o fim da nossa relação, então.";""
"battlevoice_chr018_118";"Londrekia: The... The Tenth Executor?!";"Londrekia: La... La Decima Esecutrice?!";"Londrekia: A... A Décima Executora?!";""
"battlevoice_chr018_121";"Londrekia: I'll show you that even blazing flames can freeze!";"Londrekia: Ti mostrerò che anche le fiamme ardenti possono congelare!";"Londrekia: Vou mostrar que até chamas ardentes podem congelar!";""
"battlevoice_chr018_122";"Londrekia: Face me, Void Hunter!";"Londrekia: Affrontami, Cacciatore del Vuoto!";"Londrekia: Enfrente-me, Caçadora de Vazios!";""
"battlevoice_chr018_123";"Londrekia: I shall defeat you and prove the superiority of Ritter Schild!";"Londrekia: Ti sconfiggerò e dimostrerò la superiorità del Ritter Schild!";"Londrekia: Vou derrotar você e provar a superioridade da Ritter Schild!";""
"battlevoice_chr018_140";"Londrekia: Surely that's not all you've got.";"Londrekia: Di certo non è tutto qui quello che sai fare.";"Londrekia: Com certeza isso não é tudo o que você tem.";""
"battlevoice_chr018_141";"Londrekia: Please don't get back up.";"Londrekia: Per favore, non rialzarti.";"Londrekia: Por favor, não se levante de novo.";""
"battlevoice_chr018_142";"Londrekia: Do you still refuse to stand down?";"Londrekia: Ti rifiuti ancora di rinunciare?";"Londrekia: Ainda se recusa a recuar?";""
"battlevoice_chr018_143";"Londrekia: You don't know when to give up.";"Londrekia: Non sai quando arrenderti.";"Londrekia: Você não sabe a hora de desistir.";""
"battlevoice_chr018_144";"Londrekia: Let's build this up little by little.";"Londrekia: Andiamo avanti, passo per passo.";"Londrekia: Vamos construir isso pouco a pouco.";""
"battlevoice_chr018_151";"Londrekia: Thank you. That was a valuable experience.";"Londrekia: Grazie. È stata un'esperienza preziosa.";"Londrekia: Obrigado. Foi uma experiência valiosa.";""
"battlevoice_chr018_152";"Londrekia: Quite the good match, if I may say so.";"Londrekia: Un bello scontro, modestia a parte.";"Londrekia: Um belo combate, se me permite dizer.";""
"battlevoice_chr018_153";"Londrekia: Mission complete.";"Londrekia: Missione compiuta.";"Londrekia: Missão cumprida.";""
"battlevoice_chr018_154";"Londrekia: I would've liked to solve this peacefully, you know.";"Londrekia: Mi sarebbe piaciuto risolvere la cosa pacificamente, sai.";"Londrekia: Eu preferia ter resolvido isto em paz, sabe.";""
"battlevoice_chr018_156";"Londrekia: Still not enough training.";"Londrekia: Ancora non hai abbastanza allenamento.";"Londrekia: Ainda falta treino.";""
"battlevoice_chr018_158";"Londrekia: I hope you've learned at last to stay out of the Night.";"Londrekia: Spero che tu abbia finalmente imparato a startene lontano dalla Notte.";"Londrekia: Espero que tenha aprendido enfim a ficar longe da Noite.";""
"battlevoice_chr018_161";"Londrekia: Well? Ritter Schild is also quite capable, wouldn't you say?";"Londrekia: Ebbene? Anche il Ritter Schild è abbastanza capace, non trovi?";"Londrekia: E então? A Ritter Schild também é bem capaz, não acha?";""
"battlevoice_chr018_163";"Londrekia: A regrettable ending, but perhaps there's no choice...";"Londrekia: Un finale increscioso, ma forse non c'era altra scelta...";"Londrekia: Um final lamentável, mas talvez não haja escolha...";""
"battlevoice_chr018_165";"Londrekia: Should I contact Licht Kreis about this child?";"Londrekia: Dovrei contattare il Licht Kreis per questa bambina?";"Londrekia: Devo avisar a Licht Kreis sobre esta criança?";""
"battlevoice_chr018_167";"Londrekia: You understand now, don't you?";"Londrekia: Adesso capisci, vero?";"Londrekia: Agora você entende, não é?";""
"battlevoice_chr018_168";"Londrekia: You aren't the only ace in this hole.";"Londrekia: Non sei l'unico asso nella manica.";"Londrekia: Você não é o único ás na manga.";""
"battlevoice_chr019_100";"Tsurugi: All right! Here goes!";"Tsurugi: Evvai! Si comincia!";"Tsurugi: Beleza! Lá vou eu!";""
"battlevoice_chr019_101";"Tsurugi: C'mon! Let's fight!";"Tsurugi: Forza! Combattiamo!";"Tsurugi: Vem! Vamos lutar!";""
"battlevoice_chr019_102";"Tsurugi: Awright, let's hook this rookie up with some hard training!";"Tsurugi: Va bene, diamo un bell'allenamento a questo novellino!";"Tsurugi: Certo, vamos dar um treino puxado pra esse novato!";""
"battlevoice_chr019_103";"Tsurugi: Blockin' my way, huh? Guess I've got no choice but to knock you out!";"Tsurugi: Mi sbarri la strada, eh? Allora non ho altra scelta che metterti KO!";"Tsurugi: Bloqueando o meu caminho, é? Então o jeito é te nocautear!";""
"battlevoice_chr019_107";"Tsurugi: This is a perfect chance! Strut your stuff for me.";"Tsurugi: È l'occasione perfetta! Mettiti in mostra per me.";"Tsurugi: Chance perfeita! Mostra do que você é capaz.";""
"battlevoice_chr019_110";"Tsurugi: I guess we're bound by the red string of fate!";"Tsurugi: Il filo rosso del destino ci lega!";"Tsurugi: Acho que estamos ligados pelo fio vermelho do destino!";""
"battlevoice_chr019_113";"Tsurugi: Speed and range... Can I even get close?";"Tsurugi: Velocità e allungo... Riuscirò ad avvicinarmi?";"Tsurugi: Velocidade e alcance... Será que eu consigo chegar perto?";""
"battlevoice_chr019_124";"Tsurugi: All right! That's a win!";"Tsurugi: E vai! Una vittoria!";"Tsurugi: Isso! Mais uma vitória!";""
"battlevoice_chr019_125";"Tsurugi: Heh heh! I'm not gonna lose a fist fight!";"Tsurugi: Eh eh! In una scazzottata non posso perdere!";"Tsurugi: Heh heh! No soco eu não perco!";""
"battlevoice_chr019_126";"Tsurugi: Hold up! You're getting way too careless!";"Tsurugi: Aspetta! Stai esagerando con queste imprudenze!";"Tsurugi: Opa! Você tá ficando descuidado demais!";""
"battlevoice_chr019_129";"Tsurugi: Awright! Score one for justice!";"Tsurugi: E vai! Un punto per la giustizia!";"Tsurugi: Beleza! Ponto pra justiça!";""
"battlevoice_chr019_130";"Tsurugi: Y'know what they say: there's no defense like a good offense!";"Tsurugi: Sai come si dice: la miglior difesa è un buon attacco!";"Tsurugi: Sabe como dizem: a melhor defesa é um bom ataque!";""
"battlevoice_chr019_131";"Tsurugi: How 'bout that? Did my fists get the message across?";"Tsurugi: Che ne dici, i miei pugni hanno trasmesso il messaggio?";"Tsurugi: E aí? Meus punhos passaram o recado?";""
"battlevoice_chr019_132";"Tsurugi: Thanks. That was a good match.";"Tsurugi: Grazie. È stato un bell'incontro.";"Tsurugi: Valeu. Foi uma boa luta.";""
"battlevoice_chr019_135";"Tsurugi: Nice fight! Let's do this again sometime!";"Tsurugi: Bello scontro! Facciamolo di nuovo, qualche volta!";"Tsurugi: Boa luta! Vamos repetir qualquer hora!";""
"battlevoice_chr019_138";"Tsurugi: Sometimes a match just comes down to luck. These things happen.";"Tsurugi: A volte uno scontro dipende solo dalla fortuna. Capita.";"Tsurugi: Às vezes a luta se decide na sorte. Acontece.";""
"battlevoice_chr019_142";"Tsurugi: That was a heated fight! I won't lose the next one, either!";"Tsurugi: È stata una lotta accesa! E non perderò nemmeno la prossima!";"Tsurugi: Que luta quente! A próxima eu também não perco!";""
"battlevoice_chr020_100";"Uzuki: Stay outta my way, or I'll erase you!";"Uzuki: Levati dalla mia strada o ti cancellerò!";"Uzuki: Fica fora do meu caminho, ou eu te apago!";""
"battlevoice_chr020_101";"Uzuki: Your EXS looks sooo yummy!";"Uzuki: Il tuo EXS ha un'aria deliziosa!";"Uzuki: O seu EXS parece tããão gostoso!";""
"battlevoice_chr020_102";"Uzuki: How 'bout I give you an up close and personal tour of Hell?";"Uzuki: Che ne dici di farti fare un tour personale dell'Inferno?";"Uzuki: Que tal eu te dar um passeio bem de pertinho pelo Inferno?";""
"battlevoice_chr020_103";"Uzuki: Don't think you can oppose me and get away unscathed!";"Uzuki: Non pensare di poterti opporre a me e uscirne indenne!";"Uzuki: Não pense que vai se opor a mim e sair ileso!";""
"battlevoice_chr020_108";"Uzuki: Uh, rude much? We're only friends!";"Uzuki: Ma che volgare! Siamo solo amiche.";"Uzuki: Ai, que grosseria! A gente é só amigo!";""
"battlevoice_chr020_111";"Uzuki: Hee hee hee! Lemme free your soul from that vessel for you!";"Uzuki: Ih ih ih! Lascia che liberi la tua anima da quel ricettacolo!";"Uzuki: Hee hee hee! Deixa que eu liberto a sua alma desse receptáculo!";""
"battlevoice_chr020_114";"Uzuki: Then I hope you're ready to scream your head off!";"Uzuki: Allora spero che tu sia pronto a urlare a squarciagola!";"Uzuki: Então espero que esteja pronto pra gritar até não poder mais!";""
"battlevoice_chr020_117";"Uzuki: Don'tcha see? We were fated to end up this way.";"Uzuki: Non vedi? Eravamo destinate a finire così.";"Uzuki: Não vê? A gente estava destinado a acabar assim.";""
"battlevoice_chr020_120";"Uzuki: Pfft! As if anybody'd find fault with me anyway!";"Uzuki: Pfft! Come se comunque qualcuno avesse mai da ridire su di me!";"Uzuki: Pfft! Como se alguém fosse achar defeito em mim!";""
"battlevoice_chr020_123";"Uzuki: Secrets... Conspiracies... I don't mind 'em, y'know.";"Uzuki: Segreti... Complotti... Non mi dispiacciono, sai?";"Uzuki: Segredos... Conspirações... Não me incomodam, sabia.";""
"battlevoice_chr020_135";"Uzuki: Get up. Playing dead won't work on me.";"Uzuki: Alzati. Fare finta di essere morti non funziona con me.";"Uzuki: Levanta. Fingir de morto não funciona comigo.";""
"battlevoice_chr020_136";"Uzuki: Ha! How pathetic!";"Uzuki: Ah! Che figura patetica!";"Uzuki: Ha! Que patético!";""
"battlevoice_chr020_137";"Uzuki: You're done already? Boooring.";"Uzuki: Hai già finito? Che noooia!";"Uzuki: Já acabou? Que chaaato.";""
"battlevoice_chr020_140";"Uzuki: Kee hee hee hee hee! I'll be taking that EXS!";"Uzuki: Ih ih ih ih ih! Quell'EXS è tutto mio ora!";"Uzuki: Kee hee hee hee hee! Esse EXS agora é meu!";""
"battlevoice_chr020_141";"Uzuki: Hyaa ha ha! Written your death poem yet?";"Uzuki: Yah ah ah! Hai già scritto la tua poesia sulla morte?";"Uzuki: Hyaa ha ha! Já escreveu o seu poema de morte?";""
"battlevoice_chr020_142";"Uzuki: Lessee here... How to cook you...";"Uzuki: Vediamo un po'... come cucinarti...";"Uzuki: Deixa eu ver... Como te cozinhar...";""
"battlevoice_chr020_143";"Uzuki: You really don't live up to all the talk.";"Uzuki: Non sei davvero all'altezza di tutte le tue chiacchiere.";"Uzuki: Você não faz jus a toda a fama.";""
"battlevoice_chr020_146";"Uzuki: Eee hee hee hee! You sure made me work for this.";"Uzuki: Ih ih ih ih! Mi hai fatto fare una gran fatica.";"Uzuki: Eee hee hee hee! Você me deu trabalho, viu.";""
"battlevoice_chr020_149";"Uzuki: How'd you survive this long with skills that sorry?";"Uzuki: Come hai fatto a sopravvivere così a lungo con abilità così scarse?";"Uzuki: Como você sobreviveu até aqui com uma habilidade tão triste?";""
"battlevoice_chr020_154";"Uzuki: Aw, what's the matter? Had enough, Paradox?";"Uzuki: Beh, qual è il problema? Ne hai avuto abbastanza, Paradosso?";"Uzuki: Ah, o que foi? Já chega, Paradox?";""
"battlevoice_chr021_100";"Mika: Heyyya!";"Mika: Eeehilà!";"Mika: Oiii!";""
"battlevoice_chr021_101";"Mika: Ta-dah! Mika's here!";"Mika: Ta-dah! Ecco che arriva Mika!";"Mika: Ta-dah! A Mika chegou!";""
"battlevoice_chr021_102";"Mika: I'll be your opponent!";"Mika: Sarò io la tua avversaria!";"Mika: Eu vou ser a sua oponente!";""
"battlevoice_chr021_103";"Mika: It's me, Mika! Let's do this!";"Mika: Eccomi, sono Mika! Diamoci dentro!";"Mika: Sou eu, a Mika! Vamos nessa!";""
"battlevoice_chr021_104";"Mika: Just lemme squeeze by, 'kay?";"Mika: Lasciami solo passare, ok?";"Mika: Só me deixa passar, tá?";""
"battlevoice_chr021_106";"Mika: Whoopsie! Get ready!";"Mika: Oops! Preparati!";"Mika: Ops! Prepare-se!";""
"battlevoice_chr021_109";"Mika: Bwah! Here comes a challenge!";"Mika: Bah! Ecco la tua sfida!";"Mika: Bwah! Lá vem desafio!";""
"battlevoice_chr021_112";"Mika: Ouch! Time for your just deserts!";"Mika: Ahia! È ora della tua punizione!";"Mika: Ai! Hora de receber o que merece!";""
"battlevoice_chr021_120";"Mika: Heh! I'm not letting you come outta this looking cool!";"Mika: Eh eh! Non avrai un bell'aspetto quando avrò finito!";"Mika: Heh! Não vou deixar você sair dessa pagando de legal!";""
"battlevoice_chr021_121";"Mika: Sounds good! We both speak fluent fist!";"Mika: Mi sta bene! Siamo bravi tutti e due a parlare con i pugni!";"Mika: Fechado! Nós duas falamos a língua do soco!";""
"battlevoice_chr021_122";"Mika: I'm gonna win this one!";"Mika: Vincerò questo scontro!";"Mika: Essa eu vou ganhar!";""
"battlevoice_chr021_140";"Mika: Full speed ahead!";"Mika: Avanti tutta!";"Mika: A todo vapor!";""
"battlevoice_chr021_141";"Mika: V for victory!";"Mika: V per vittoria!";"Mika: V de vitória!";""
"battlevoice_chr021_142";"Mika: That settles that!";"Mika: La questione è chiusa!";"Mika: Resolvido!";""
"battlevoice_chr021_143";"Mika: Woohoo! I won!";"Mika: Evvai! Ho vinto!";"Mika: Uhuu! Ganhei!";""
"battlevoice_chr021_144";"Mika: All right! Next! Next!";"Mika: Bene! Avanti il prossimo!";"Mika: Beleza! Próximo! Próximo!";""
"battlevoice_chr021_150";"Mika: I did it, I did it!";"Mika: Ce l'ho fatta! Ce l'ho fatta!";"Mika: Consegui, consegui!";""
"battlevoice_chr021_151";"Mika: Ow...";"Mika: Ahia...";"Mika: Ai...";""
"battlevoice_chr021_152";"Mika: That hurt...";"Mika: Fa male...";"Mika: Doeu...";""
"battlevoice_chr021_153";"Mika: Wah ha ha ha ha!";"Mika: Uah ah ah ah!";"Mika: Wah ha ha ha ha!";""
"battlevoice_chr021_154";"Mika: Huh?";"Mika: Eh?";"Mika: Hã?";""
"battlevoice_chr021_155";"Mika: Urk...";"Mika: Urk...";"Mika: Urk...";""
"battlevoice_chr021_158";"Mika: Big, biiig wiiiiiin!";"Mika: Vittoria vittoria vittoooriaaa!";"Mika: Vitória enooorme!";""
"battlevoice_chr021_159";"Mika: Oh?";"Mika: Oh...";"Mika: Ué?";""
"battlevoice_chr021_160";"Mika: Aw, why?";"Mika: Oh, ma perché?";"Mika: Ah, por quê?";""
"battlevoice_chr021_164";"Mika: No match for me!";"Mika: Non sei alla mia altezza!";"Mika: Não é páreo pra mim!";""
"battlevoice_chr021_165";"Mika: Huh?";"Mika: Eh?";"Mika: Hã?";""
"battlevoice_chr021_166";"Mika: Gyaaah!";"Mika: Gyaaah!";"Mika: Gyaaah!";""
"battlevoice_chr021_170";"Mika: Aw, yeah! I beat Orie!";"Mika: Evvai! Ho battuto Orie!";"Mika: Isso aí! Ganhei da Orie!";""
"battlevoice_chr021_171";"Mika: Huh?";"Mika: Eh?";"Mika: Hã?";""
"battlevoice_chr021_172";"Mika: Talk about cruel and unusual punishment...";"Mika: Questa sì che è una punizione crudele...";"Mika: Isso é que é castigo cruel...";""
"battlevoice_chr021_174";"Mika: I'm not gonna lose to the rear guard!";"Mika: Non perderò contro la retroguardia!";"Mika: Não vou perder pra retaguarda!";""
"battlevoice_chr021_176";"Mika: Curses come home to roost...";"Mika: Le maledizioni tornano al pettine...";"Mika: Praga volta pra quem rogou...";""
"battlevoice_chr022_100";"Kaguya: I'll rout you magnificently!";"Kaguya: Ti travolgerò magnificamente!";"Kaguya: Vou derrotar você magnificamente!";""
"battlevoice_chr022_101";"Kaguya: Here I come! Get ready for a challenge!";"Kaguya: Eccomi! Preparati per una sfida!";"Kaguya: Aqui vou eu! Prepare-se para o desafio!";""
"battlevoice_chr022_102";"Kaguya: You know what? I'll take you head-on!";"Kaguya: Sai una cosa? Ti affronterò a testa alta!";"Kaguya: Sabe de uma coisa? Vou enfrentar você de frente!";""
"battlevoice_chr022_103";"Kaguya: Oh, dear! Do you need punishment?";"Kaguya: Diamine! Hai bisogno di una punizione?";"Kaguya: Ai, ai! Está precisando de castigo?";""
"battlevoice_chr022_104";"Kaguya: Let's see what you have to offer.";"Kaguya: Vediamo cos'hai da offrire.";"Kaguya: Vamos ver o que você tem a oferecer.";""
"battlevoice_chr022_105";"Kaguya: The job will only get dirtier from here on out. Just leave it to me.";"Kaguya: Da qui in avanti il lavoro diventerà solo più sporco. Lascia fare a me.";"Kaguya: O trabalho só fica mais sujo daqui em diante. Deixe comigo.";""
"battlevoice_chr022_106";"Kaguya: I'll wipe THAT smile off YOUR face.";"Kaguya: IO spazzerò via quel sorriso dalla TUA faccia.";"Kaguya: Eu é que vou arrancar ESSE sorriso do SEU rosto.";""
"battlevoice_chr022_107";"Kaguya: ...Stop copying me.";"Kaguya: ...Smettila di copiarmi.";"Kaguya: ...Pare de me imitar.";""
"battlevoice_chr022_108";"Kaguya: Don't worry about it! I don't mind!";"Kaguya: Non preoccuparti! A me non dispiace!";"Kaguya: Não se preocupe! Eu não ligo!";""
"battlevoice_chr022_109";"Kaguya: Oh? Don't jinx yourself, or you'll regret it.";"Kaguya: Ehi, non portarti sfortuna da sola. Potresti pentirtene.";"Kaguya: Ah, é? Não vá dar azar, ou vai se arrepender.";""
"battlevoice_chr022_110";"Kaguya: Do you have any final words?";"Kaguya: Hai qualche ultima parola?";"Kaguya: Tem algumas últimas palavras?";""
"battlevoice_chr022_130";"Kaguya: An excellent showing.";"Kaguya: Uno spettacolo eccellente.";"Kaguya: Uma excelente apresentação.";""
"battlevoice_chr022_131";"Kaguya: There. Consider yourself punished!";"Kaguya: Ecco. Considera la tua punizione servita!";"Kaguya: Pronto. Considere-se castigado!";""
"battlevoice_chr022_132";"Kaguya: How did my bullets taste?";"Kaguya: Che sapore avevano i miei proiettili?";"Kaguya: Que gosto tinham as minhas balas?";""
"battlevoice_chr022_140";"Kaguya: Oh, dear. Had enough already?";"Kaguya: Oh, santo cielo. Ne hai già avuto abbastanza?";"Kaguya: Ai, ai. Já chega?";""
"battlevoice_chr022_141";"Kaguya: Okay, that's enough. Now sit right there and think about what you did.";"Kaguya: Ok, basta così. Ora resta lì a sedere e rifletti su quello che hai fatto.";"Kaguya: Certo, chega. Agora sente aí e pense no que você fez.";""
"battlevoice_chr022_142";"Kaguya: You'll catch a cold if you fall asleep down there!";"Kaguya: Ti prenderai un raffreddore se ti addormenti laggiù!";"Kaguya: Vai pegar um resfriado se dormir aí no chão!";""
"battlevoice_chr022_143";"Kaguya: Hmm... Your mischief went a little too far.";"Kaguya: Uhm... Le tue marachelle sono andate troppo oltre.";"Kaguya: Hmm... A sua travessura foi um pouco longe demais.";""
"battlevoice_chr022_144";"Kaguya: Phew! That was dangerous.";"Kaguya: Fiuu! È stato pericoloso.";"Kaguya: Ufa! Essa foi perigosa.";""
"battlevoice_chr022_145";"Kaguya: Oh, dear. I may have overdone it a bit...";"Kaguya: Oh, santo cielo. Forse ho esagerato un po'...";"Kaguya: Ai, ai. Acho que exagerei um pouco...";""
"battlevoice_chr022_146";"Kaguya: Hmm... I don't think I can leave Orie to you just yet.";"Kaguya: Uhm... Non credo di poterti lasciare Orie, per il momento.";"Kaguya: Hmm... Acho que ainda não posso deixar a Orie com você.";""
"battlevoice_chr023_100";"Kuon: I shall pluck the fruit of your life.";"Kuon: Coglierò il frutto della tua vita.";"Kuon: Vou colher o fruto da sua vida.";""
"battlevoice_chr023_101";"Kuon: Let us begin. The final Night, that is.";"Kuon: Cominciamo. Che inizi l'ultima Notte.";"Kuon: Comecemos. A Noite final, quero dizer.";""
"battlevoice_chr023_102";"Kuon: Learn firsthand the meaning of my power.";"Kuon: Scopri di persona il significato del mio potere.";"Kuon: Aprenda na pele o significado do meu poder.";""
"battlevoice_chr023_103";"Kuon: As you wish, I'll face you with my full strength.";"Kuon: Come desideri, ti affronterò con tutta la mia forza.";"Kuon: Como deseja, enfrentarei você com toda a minha força.";""
"battlevoice_chr023_108";"Kuon: As have I. And now all the players are assembled.";"Kuon: Anche io. E ora tutte le pedine sono al loro posto.";"Kuon: Eu também. E agora todos os atores estão reunidos.";""
"battlevoice_chr023_110";"Kuon: ...An eternal tale needs no curtain call.";"Kuon: Non c'è sipario per una storia eterna.";"Kuon: ...Uma história eterna não precisa de cortina final.";""
"battlevoice_chr023_112";"Kuon: Ah... Sorry to keep you waiting for so long, my friend.";"Kuon: Ah... Scusa se ti ho fatto attendere così a lungo, amico mio.";"Kuon: Ah... Desculpe a longa espera, meu amigo.";""
"battlevoice_chr023_114";"Kuon: Oh, you're a scary one. But I'd rather you didn't make light of me.";"Kuon: Oh, fai paura, certo. Ma non prendermi sottogamba.";"Kuon: Oh, você assusta. Mas prefiro que não me subestime.";""
"battlevoice_chr023_117";"Kuon: Do you really think you can?";"Kuon: Credi davvero che ci riuscirai?";"Kuon: Acha mesmo que consegue?";""
"battlevoice_chr023_119";"Kuon: How many times must we repeat this?";"Kuon: Quante volte dobbiamo ripetere tutto questo?";"Kuon: Quantas vezes teremos de repetir isto?";""
"battlevoice_chr023_121";"Kuon: Are you sure you've got enough stomach for it?";"Kuon: Sei sicuro che il tuo stomaco regga?";"Kuon: Tem certeza de que tem estômago para isso?";""
"battlevoice_chr023_124";"Kuon: You did me quite a service back then, heavenly messenger.";"Kuon: Mi hai reso un bel servizio all'epoca, messaggera celeste.";"Kuon: Você me prestou um belo serviço naquela época, mensageira celestial.";""
"battlevoice_chr023_126";"Kuon: Stagnation is death. To live is to change, is it not?";"Kuon: La stagnazione è morte. La vita è cambiamento, non è vero?";"Kuon: Estagnar é morrer. Viver é mudar, não é?";""
"battlevoice_chr023_128";"Kuon: If you seek eternity, get accustomed to waiting.";"Kuon: Se cerchi l'eternità, abituati all'attesa.";"Kuon: Se busca a eternidade, acostume-se a esperar.";""
"battlevoice_chr023_130";"Kuon: Of course. I accept it all.";"Kuon: Ma certo. Accetto ogni cosa.";"Kuon: Claro. Eu aceito tudo.";""
"battlevoice_chr023_132";"Kuon: None. I have no need for your concern.";"Kuon: Nessuna. Non occorre che ti preoccupi.";"Kuon: Nenhuma. Não preciso da sua preocupação.";""
"battlevoice_chr023_135";"Kuon: Bold of you to step into this realm with a mere human body.";"Kuon: Hai coraggio a entrare in questo regno con un semplice corpo umano.";"Kuon: Que ousadia entrar neste domínio com um mero corpo humano.";""
"battlevoice_chr023_137";"Kuon: I'll endeavor to entertain you.";"Kuon: Farò tutto il possibile per intrattenerti.";"Kuon: Vou me esforçar para entreter você.";""
"battlevoice_chr023_160";"Kuon: You haven't given up yet, have you?";"Kuon: Ancora non ti arrendi, vero?";"Kuon: Você ainda não desistiu, não é?";""
"battlevoice_chr023_161";"Kuon: You're a bit beneath my expectations.";"Kuon: Sei un po' al di sotto delle mie aspettative.";"Kuon: Você ficou um pouco abaixo das minhas expectativas.";""
"battlevoice_chr023_162";"Kuon: Good grief. I overestimated you.";"Kuon: Santo cielo. Ho sopravvalutato le tue capacità.";"Kuon: Ora essa. Eu superestimei você.";""
"battlevoice_chr023_163";"Kuon: I'd hoped you would show me more of your power.";"Kuon: Speravo che mi avresti mostrato meglio il tuo potere.";"Kuon: Eu esperava que me mostrasse mais do seu poder.";""
"battlevoice_chr023_171";"Kuon: I shall surpass you and forge ahead.";"Kuon: Ti supererò e andrò avanti.";"Kuon: Vou superar você e seguir adiante.";""
"battlevoice_chr023_172";"Kuon: Your skills are impressive. However, they're not impressive enough to touch mine.";"Kuon: Hai capacità notevoli. Ma non abbastanza da sfiorare le mie.";"Kuon: Suas habilidades impressionam. Mas não o bastante para alcançar as minhas.";""
"battlevoice_chr023_173";"Kuon: Ah, I'm brimming with power...";"Kuon: Ah, sono al culmine del potere...";"Kuon: Ah, estou transbordando de poder...";""
"battlevoice_chr023_174";"Kuon: Soon everything will end...";"Kuon: Presto ogni cosa finirà...";"Kuon: Logo tudo vai acabar...";""
"battlevoice_chr023_177";"Kuon: I'm surprised. I didn't think you'd manage to push me this far.";"Kuon: Sono sorpreso. Non pensavo che mi avresti spinto a tanto.";"Kuon: Estou surpreso. Não pensei que você me levaria tão longe.";""
"battlevoice_chr023_181";"Kuon: Do you understand the overwhelming difference in our power?";"Kuon: Capisci la schiacciante differenza tra i nostri poteri?";"Kuon: Entende a diferença esmagadora entre os nossos poderes?";""
"battlevoice_chr023_186";"Kuon: Now, then. Return your power to me.";"Kuon: Ora restituiscimi il tuo potere.";"Kuon: Pois bem. Devolva o seu poder a mim.";""
"battlevoice_chr023_188";"Kuon: At last, the time has come for this power to become whole.";"Kuon: Finalmente è giunto il momento che questo potere sia completo.";"Kuon: Enfim chegou a hora de este poder se tornar inteiro.";""
"battlevoice_chr024_100";"Phonon: Did you seriously think you'd slip by me?";"Phonon: Pensavi davvero di scivolarmi alle spalle?";"Phonon: Achou mesmo que ia passar por mim?";""
"battlevoice_chr024_101";"Phonon: You're up against the great Phonon. Prepare yourself.";"Phonon: Combatti contro la grande Phonon. Preparati.";"Phonon: Você está diante da grande Phonon. Prepare-se.";""
"battlevoice_chr024_102";"Phonon: ...Sheesh, you're annoying.";"Phonon: Capperi, quanto dai fastidio!";"Phonon: ...Poxa, como você é chato.";""
"battlevoice_chr024_103";"Phonon: C'mon, Muni. Let's go.";"Phonon: Forza, Muni. Andiamo.";"Phonon: Vem, Muni. Vamos.";""
"battlevoice_chr024_105";"Phonon: I... I'll make a flower of blood bloom!";"Phonon: Io... farò sbocciare un fiore di sangue!";"Phonon: E-Eu vou fazer florescer uma flor de sangue!";""
"battlevoice_chr024_106";"Phonon: This is a real pain... but I'm out of options.";"Phonon: È una vera seccatura... ma non mi restano altre opzioni.";"Phonon: Isso é um saco... mas não tenho outra opção.";""
"battlevoice_chr024_111";"Phonon: Watch what you say, will you...?";"Phonon: Stai attenta a quel che dici!";"Phonon: Cuidado com o que fala, tá...?";""
"battlevoice_chr024_113";"Phonon: Ugh, talk about sweaty. Just don't cry when you lose.";"Phonon: Oh, ma che modi! Cerca solo di non piangere, quando perderai.";"Phonon: Argh, que esforço todo. Só não chora quando perder.";""
"battlevoice_chr024_131";"Phonon: You can still keep going, right?";"Phonon: Puoi continuare, vero?";"Phonon: Você ainda aguenta, né?";""
"battlevoice_chr024_132";"Phonon: You're not a very big deal, huh?";"Phonon: Non sei poi questo granché, eh?";"Phonon: Você não é grande coisa, hein?";""
"battlevoice_chr024_133";"Phonon: Okay! Feeling good!";"Phonon: Ok! Andiamo bene!";"Phonon: Certo! Tô me sentindo bem!";""
"battlevoice_chr024_138";"Phonon: I'll give you a few more welts to remember me by...";"Phonon: Ti lascerò qualche altro livido per ricordarti di me...";"Phonon: Vou te deixar mais uns vergões de lembrança...";""
"battlevoice_chr024_140";"Phonon: Hmph. Small fry.";"Phonon: Bah, sei un pesce piccolo.";"Phonon: Hmph. Peixe pequeno.";""
"battlevoice_chr024_141";"Phonon: Don't you forget my name!";"Phonon: Non dimenticare il mio nome!";"Phonon: Não esqueça o meu nome!";""
"battlevoice_chr024_142";"Phonon: You're all show.";"Phonon: Sei solo apparenza.";"Phonon: Você é só pose.";""
"battlevoice_chr024_145";"Phonon: Ha ha! That was close.";"Phonon: Ah ah! C'è mancato poco.";"Phonon: Ha ha! Essa foi por pouco.";""
"battlevoice_chr024_149";"Phonon: Thanks for wimping out on me.";"Phonon: Grazie per non averci neanche provato.";"Phonon: Valeu por amarelar comigo.";""
"battlevoice_chr024_154";"Phonon: Maybe I should finish you off, just in case...";"Phonon: Forse dovrei finirti, non si sa mai...";"Phonon: Talvez eu deva acabar com você, só por garantia...";""
"battlevoice_chr024_156";"Phonon: Yeah! Did you see my skills?!";"Phonon: Evvai! Hai visto cosa so fare?!";"Phonon: Isso! Viu a minha habilidade?!";""
"battlevoice_chr025_100";"Ogre: The name's Ogre. Head of the Bankikai. The pleasure's all mine.";"Ogre: Mi chiamo Ogre, capo dei Bankikai. Il piacere è tutto mio.";"Ogre: O nome é Ogre. Chefe do Bankikai. O prazer é todo meu.";""
"battlevoice_chr025_101";"Ogre: Well, then. Guess I'll rage to my heart's content today.";"Ogre: Beh, allora oggi potrò sfogare la mia furia a piacimento.";"Ogre: Pois bem. Hoje vou me soltar à vontade.";""
"battlevoice_chr025_102";"Ogre: Oh, man. I got wrapped up in a real headache, didn't I?";"Ogre: Accidenti. Mi è capitato un bel mal di testa, eh?";"Ogre: Ah, cara. Me meti numa bela dor de cabeça, né?";""
"battlevoice_chr025_103";"Ogre: Nice. You look tough.";"Ogre: Ehi, hai l'aria tosta.";"Ogre: Legal. Você parece durão.";""
"battlevoice_chr025_107";"Ogre: What a lovely young lady you are. May I ask your name?";"Ogre: Che adorabile signorina... Posso chiedere come ti chiami?";"Ogre: Que jovem adorável. Posso saber o seu nome?";""
"battlevoice_chr025_110";"Ogre: Sorry to hear that, but I guess it beats a guy being into me.";"Ogre: Mi dispiace, ma sarebbe peggio se mi trovassi attraente.";"Ogre: Que pena ouvir isso, mas é melhor do que um cara a fim de mim.";""
"battlevoice_chr025_113";"Ogre: If I'm dreaming this, I don't wanna wake up.";"Ogre: Se sto sognando, non voglio svegliarmi.";"Ogre: Se isto é um sonho, não quero acordar.";""
"battlevoice_chr025_121";"Ogre: All right! This is going swimmingly!";"Ogre: E vai! Liscio come l'olio!";"Ogre: Beleza! Tá indo de vento em popa!";""
"battlevoice_chr025_122";"Ogre: I'll make it more showy next time.";"Ogre: La prossima cercherò di essere più appariscente.";"Ogre: Da próxima vez eu capricho mais no show.";""
"battlevoice_chr025_123";"Ogre: Isn't it a bit early to go to sleep?";"Ogre: Non è un po' presto per andare a dormire?";"Ogre: Não tá meio cedo pra dormir?";""
"battlevoice_chr025_124";"Ogre: Don't tell me that was your full power...";"Ogre: Non dirmi che quella era tutta la tua forza...";"Ogre: Não me diga que esse era todo o seu poder...";""
"battlevoice_chr025_127";"Ogre: What? Not my fault you picked a fight with the wrong guy.";"Ogre: Dosa? Non è colpa mia se attacchi briga con la persona sbagliata.";"Ogre: O quê? Não tenho culpa se você arrumou briga com o cara errado.";""
"battlevoice_chr025_128";"Ogre: Well, that about does it.";"Ogre: Beh, direi che questo è tutto.";"Ogre: Bom, acho que é isso.";""
"battlevoice_chr025_129";"Ogre: Just letting you know, that wasn't a fluke.";"Ogre: Volevo solo farti sapere che non è stato un colpo di fortuna.";"Ogre: Só pra avisar: isso não foi sorte.";""
"battlevoice_chr025_130";"Ogre: What, finished already?";"Ogre: Beh, hai già finito?";"Ogre: O quê, já acabou?";""
"battlevoice_chr025_133";"Ogre: Looks like I was just a bit stronger.";"Ogre: Si vede che quello più forte ero io.";"Ogre: Parece que eu era só um pouco mais forte.";""
"battlevoice_chr025_136";"Ogre: Heh. Seems the goddess of victory likes me.";"Ogre: Eh eh. La dea della vittoria ha un debole per me.";"Ogre: Heh. Parece que a deusa da vitória gosta de mim.";""
"battlevoice_chr025_140";"Ogre: My apologies. You're not injured, are you, my lady?";"Ogre: Le mie scuse. Non sei ferita, vero, milady?";"Ogre: Minhas desculpas. Não se machucou, não é, senhorita?";""
"battlevoice_chr010_118";"Hilda: If you're dreaming this, I'm begging for someone to pinch you.";"Hilda: Se stai sognando, prego che qualcuno ti pizzichi.";"Hilda: Se você está sonhando, eu imploro que alguém te belisque.";""
"battlevoice_chr013_122";"Byakuya: Just looking at you makes me intensely angry.";"Byakuya: Solo guardarti mi fa infuriare.";"Byakuya: Só de olhar pra você eu fico com muita raiva.";""
"battlevoice_chr013_151";"Byakuya: I've got to crush any insects who creep too close to my Sis.";"Byakuya: Devo schiacciare tutti gli insetti che si avvicinano troppo a mia sorella.";"Byakuya: Preciso esmagar qualquer inseto que chegue perto demais da minha mana.";""
"battlevoice_chr013_152";"Byakuya: ...I'm not sure what's going on here, but I'll shred you, just in case.";"Byakuya: Non so bene cosa stia succedendo, ma ti farò a pezzi, non si sa mai.";"Byakuya: ...Não sei bem o que tá acontecendo, mas vou te retalhar, por via das dúvidas.";""
"battlevoice_chr025_460";"Ogre: How'd you like that? My full power's quite something, huh?";"Ogre: Cosa ne pensi? La mia serietà è sorprendentemente sorprendente...?";"Ogre: Gostou? Meu poder total é uma coisa e tanto, né?";""
"battlevoice_chr025_461";"Ogre: What do you say? That was impressive, right?";"Ogre: Com'è stato? Ho qualcosa di sorprendentemente sorprendente, vero?";"Ogre: E então? Foi impressionante, não foi?";""
"battlevoice_chr026_100";"Izumi: Are you ready, Elefee?";"Izumi: Sei pronta, Elefee?";"Izumi: Está pronta, Elefee?";""
"battlevoice_chr026_101";"Izumi: Witness the power of Mother Ocean!";"Izumi: Ammira il potere di Madre Oceano!";"Izumi: Testemunhe o poder da Mãe Oceano!";""
"battlevoice_chr026_102";"Izumi: D-Don't worry! We won't take your life... probably...";"Izumi: N-Non preoccuparti! Non ti toglieremo la vita... probabilmente...";"Izumi: N-Não se preocupe! Não vamos tirar a sua vida... provavelmente...";""
"battlevoice_chr026_103";"Izumi: Let's slip away quietly so we don't make any more waves...";"Izumi: Scivoliamo via in silenzio per non agitare le acque...";"Izumi: Vamos sair de fininho para não fazer mais ondas...";""
"battlevoice_chr026_108";"Izumi: Someone who bears the same fate? That's interesting.";"Izumi: Qualcuno con lo stesso destino? Interessante.";"Izumi: Alguém que carrega o mesmo destino? Interessante.";""
"battlevoice_chr026_111";"Izumi: Uh, you're not thinking of ways to eat us, are you?";"Izumi: Uh, non stai pensando a come mangiarci, vero?";"Izumi: Hã, você não está pensando em jeitos de comer a gente, está?";""
"battlevoice_chr026_114";"Izumi: We've got a big job ahead of us, Elefee!";"Izumi: Ci aspetta parecchio lavoro, Elefee!";"Izumi: Temos um trabalhão pela frente, Elefee!";""
"battlevoice_chr026_117";"Izumi: It looks really, really heavy, but I'll try...";"Izumi: Sembra davvero pesante, ma ci proverò...";"Izumi: Parece muito, muito pesado, mas vou tentar...";""
"battlevoice_chr026_120";"Izumi: Can't you leave this to us, Princess of the Night Blade?";"Izumi: Non puoi lasciar fare a noi, Principessa della Lama della Notte?";"Izumi: Não pode deixar isso com a gente, Princesa da Lâmina Noturna?";""
"battlevoice_chr026_140";"Izumi: Okay! Let's keep it up!";"Izumi: Bene! Continuiamo così!";"Izumi: Certo! Vamos continuar assim!";""
"battlevoice_chr026_141";"Izumi: Carelessness is the greatest enemy.";"Izumi: La disattenzione è il nemico più grande.";"Izumi: O descuido é o maior inimigo.";""
"battlevoice_chr026_142";"Izumi: Phew... Calm down, calm down...";"Izumi: Fiuu... Calmati, calmati...";"Izumi: Ufa... Calma, calma...";""
"battlevoice_chr026_150";"Izumi: We did it! We won!";"Izumi: Ce l'abbiamo fatta! Abbiamo vinto!";"Izumi: Conseguimos! Vencemos!";""
"battlevoice_chr026_151";"Izumi: This is judgment upon you!";"Izumi: Il giudizio si abbatte su di te!";"Izumi: Este é o seu julgamento!";""
"battlevoice_chr026_152";"Izumi: Sheesh... Please don't cause so much trouble!";"Izumi: Capperi... Calmati un po', per favore!";"Izumi: Poxa... Por favor, não dê tanto trabalho!";""
"battlevoice_chr026_153";"Izumi: Nice teamwork, Elefee!";"Izumi: Bel lavoro di squadra, Elefee!";"Izumi: Belo trabalho em equipe, Elefee!";""
"battlevoice_chr026_157";"Izumi: Th-that was close...";"Izumi: C-C'è mancato poco...";"Izumi: E-Essa foi por pouco...";""
"battlevoice_chr026_160";"Izumi: How about that, Elefee? I think that about does it.";"Izumi: Che ne dici, Elefee? Direi che ci siamo.";"Izumi: Que tal, Elefee? Acho que é isso.";""
"battlevoice_chr026_170";"Izumi: It's over, Kuon the Aeon. And we win!";"Izumi: È finita, Kuon l'Eterno. E abbiamo vinto noi!";"Izumi: Acabou, Kuon, o Aeon. E a vitória é nossa!";""
"battlevoice_chr000_139";"Hyde: The same? Nah... Similar, maybe, but that's it.";"Hyde: Lo stesso? Nah... Forse simile, ma non di più.";"Hyde: Iguais? Não... Parecidos, talvez, mas só isso.";""
"battlevoice_chr001_157";"Linne: That's not even up for discussion.";"Linne: La cosa non è nemmeno in discussione.";"Linne: Isso nem está em discussão.";""
"battlevoice_chr019_143";"Tsurugi: C'mon, test yourself! Try and break through this!";"Tsurugi: Forza, mettiti alla prova! Cerca di oltrepassare questo scudo!";"Tsurugi: Vem, se testa! Tenta passar por isso aqui!";""
"battlevoice_chr020_126";"Uzuki: So what if I am? To the victor go the spoils, y'know.";"Uzuki: E anche se fosse? Il bottino va al vincitore.";"Uzuki: E se eu for? O vencedor leva tudo, sabia.";""
"battlevoice_chr023_138";"Kuon: You honor me. I'll consider this fight a big job as well.";"Kuon: Mi fai onore. Anch'io considererò questo combattimento ""parecchio lavoro"".";"Kuon: Você me honra. Também vou tratar esta luta como um grande trabalho.";""
"battlevoice_chr027_100";"Zohar: ...I can tell you'll be trouble.";"Zohar: ...Per te si mette male.";"Zohar: ...Dá pra ver que você vai dar trabalho.";""
"battlevoice_chr027_101";"Zohar: ...Tch. So you're next?";"Zohar: Tsk. Quindi ora tocca a te?";"Zohar: ...Tsc. Então você é o próximo?";""
"battlevoice_chr027_102";"Zohar: So I can't move on unless I win, huh?";"Zohar: Quindi non posso muovermi finché non vinco?";"Zohar: Então não dá pra seguir sem vencer, é?";""
"battlevoice_chr027_103";"Zohar: Hunh. You look pretty capable.";"Zohar: Ugh. Te la cavi bene";"Zohar: Hmm. Você parece bem capaz.";""
"battlevoice_chr027_104";"Zohar: Let me see for myself... what it means to be alive.";"Zohar: Voglio scoprire da sola... cosa significa essere viva.";"Zohar: Deixa eu ver por mim mesma... o que é estar viva.";""
"battlevoice_chr027_108";"Zohar: You... Never mind. We'll talk later.";"Zohar: Tu... Lascia stare. Ne parleremo dopo.";"Zohar: Você... Deixa pra lá. A gente conversa depois.";""
"battlevoice_chr027_120";"Zohar: What, is it over already?";"Zohar: Cosa? È già finita?";"Zohar: O quê, já acabou?";""
"battlevoice_chr027_121";"Zohar: Come on. Entertain me a little longer.";"Zohar: E dai. Fammi divertire ancora un pochino.";"Zohar: Vai. Me diverte mais um pouco.";""
"battlevoice_chr027_122";"Zohar: I'd rather be playing games right now.";"Zohar: Preferirei di gran lunga andare a giocare, adesso.";"Zohar: Eu preferia estar jogando agora.";""
"battlevoice_chr027_123";"Zohar: Ugh... What a drag. I'm already over it.";"Zohar: Ugh... Che noia. Sono già stufa.";"Zohar: Argh... Que preguiça. Já cansei.";""
"battlevoice_chr027_124";"Zohar: ...Aww. I feel empty.";"Zohar: ...Uffa. Mi sento vuota.";"Zohar: ...Ahh. Me sinto vazia.";""
"battlevoice_chr027_125";"Zohar: Try putting yourself in my shoes, here...";"Zohar: Cerca di metterti nei miei panni...";"Zohar: Tenta se pôr no meu lugar...";""
"battlevoice_chr027_130";"Zohar: ""Cowardly?"" How sweet. You shouldn't have.";"Zohar: Mi hai dato della codarda? Che dolce. Non dovevi.";"Zohar: ""Covarde""? Que fofo. Não precisava.";""
"battlevoice_chr027_131";"Zohar: Winning's all that matters in a fight like this.";"Zohar: In un combattimento come questo conta solo vincere.";"Zohar: Numa luta dessas, só vencer importa.";""
"battlevoice_chr027_132";"Zohar: Oh, look at your face. I'm sorry. Really.";"Zohar: Oh, dovresti vedere la tua faccia. Mi dispiace. Davvero.";"Zohar: Ah, olha a sua cara. Desculpa. De verdade.";""
"battlevoice_chr027_133";"Zohar: Unfair? Well... I can't exactly deny that.";"Zohar: Ingiusto? Beh... Non posso darti torto.";"Zohar: Injusto? Bom... Não dá bem pra negar.";""
"battlevoice_chr027_134";"Zohar: Oh, don't sweat it. Just a bad matchup.";"Zohar: Oh, non ti preoccupare. È solo un abbinamento sfortunato.";"Zohar: Ah, relaxa. Foi só um confronto ruim.";""
"battlevoice_chr027_135";"Zohar: You talked such a big game, too... Shame.";"Zohar: E dire che avevi tanto fatto la voce grossa... Che peccato.";"Zohar: E você falou tão grosso... Que pena.";""
"battlevoice_chr027_136";"Zohar: You're way too cocky for your own good. But honestly? I don't hate it.";"Zohar: Hai un po' troppa fiducia in te. Però, se devo dirtelo... la cosa mi piace.";"Zohar: Você se acha demais pro seu próprio bem. Mas sabe? Não odeio isso.";""
"battlevoice_chr027_137";"Zohar: You're way too straightforward. In how you fight and in how you think.";"Zohar: Sei troppo trasparente. Nel modo in cui combatti e nel modo in cui pensi.";"Zohar: Você é direto demais. No jeito de lutar e no de pensar.";""
"battlevoice_chr027_138";"Zohar: You'll need more than just strength to beat me.";"Zohar: Ti ci vorrà ben altro che la semplice forza, per battermi.";"Zohar: Vai precisar de mais do que força pra me vencer.";""
"battlevoice_chr027_140";"Zohar: Phew... That was close.";"Zohar: Fiuuu... C'è mancato poco.";"Zohar: Ufa... Essa foi por pouco.";""
"battlevoice_chr027_141";"Zohar: Now THAT was fun.";"Zohar: Questo sì che è stato divertente!";"Zohar: ISSO sim foi divertido.";""
"battlevoice_chr027_143";"Zohar: Hee... Kee hee hee...";"Zohar: Eheh... Ih ih ih...";"Zohar: Hee... Kee hee hee...";""
"battlevoice_chr027_144";"Zohar: Aha ha ha ha! Wow... That's actually hilarious...";"Zohar: Ah ah ah ah! Wow... È esilarante...";"Zohar: Aha ha ha ha! Nossa... Isso é hilário de verdade...";""
"battlevoice_chr027_145";"Zohar: Hmm. Didn't quite live up to the hype.";"Zohar: Uhm... Tanto rumore per nulla.";"Zohar: Hmm. Não chegou a fazer jus à fama.";""
"battlevoice_chr027_150";"Zohar: Ngh... If only I were at full strength...";"Zohar: Argh! Se solo avessi tutta la mia forza...";"Zohar: Ngh... Se eu estivesse com força total...";""
"battlevoice_chr027_151";"Zohar: They got away, huh?";"Zohar: Come sabbia che scivola via fra le dita...";"Zohar: Fugiram, é?";""
"battlevoice_chr027_152";"Zohar: Idiot... Holding me back...";"Zohar: Idiota... Trattenermi in questo modo...";"Zohar: Idiota... Me segurando...";""
"battlevoice_chr027_153";"Zohar: Not here...";"Zohar: Qui no...";"Zohar: Aqui não...";""
"battlevoice_chr025_500";"Ogre: This'll be a night you won't forget.";"Ogre: Questa Notte non te la dimenticherai mai.";"Ogre: Esta vai ser uma noite que você não vai esquecer.";""
"battlevoice_chr025_501";"Ogre: Make way for hell's own demon.";"Ogre: Fate largo al demone dell'Inferno.";"Ogre: Abram caminho para o demônio do próprio inferno.";""
"battlevoice_chr025_502";"Ogre: Looks like you wanna do this the hard way.";"Ogre: Ah, quindi vogliamo fare le cose alla maniera difficile.";"Ogre: Parece que você quer do jeito difícil.";""
"battlevoice_chr025_503";"Ogre: I'm not exactly feeling it, but I've got no choice.";"Ogre: Non ne ho molta voglia, ma non ho scelta.";"Ogre: Não tô muito no clima, mas não tenho escolha.";""
"battlevoice_chr025_508";"Ogre: Man... Talk about bad timing.";"Ogre: Cavolo... Alla faccia del tempismo.";"Ogre: Cara... Que hora ruim.";""
"battlevoice_chr025_509";"Ogre: Can't let you see my uncool side, now, can I?";"Ogre: Non posso mica fare brutta figura, no?";"Ogre: Não posso deixar você ver o meu lado sem graça, né?";""
"battlevoice_chr025_519";"Ogre: Been a while since we threw down, huh?";"Ogre: Ne è passata di tempo dall'ultima baruffa, eh?";"Ogre: Faz tempo que a gente não sai no braço, hein?";""
"battlevoice_chr025_520";"Ogre: I'd like to have fun this time... but I guess that's off the table.";"Ogre: Stavolta vorrei divertirmi... ma mi sa che è impossibile.";"Ogre: Eu queria me divertir desta vez... mas pelo jeito não vai dar.";""
"battlevoice_chr025_525";"Ogre: Ugh. Can I go home, already?";"Ogre: Ugh. Posso andare a casa adesso?";"Ogre: Argh. Já posso ir pra casa?";""
"battlevoice_chr025_530";"Ogre: Shall we begin, milady?";"Ogre: Vogliamo iniziare, signora?";"Ogre: Vamos começar, senhorita?";""
"battlevoice_chr025_541";"Ogre: What are you, a demon?";"Ogre: Cosa sei, un demone?";"Ogre: O que você é, um demônio?";""
"battlevoice_chr025_542";"Ogre: Guess it's survival of the coolest after all.";"Ogre: Beh, alla fine sopravviverà il più bello.";"Ogre: No fim, é a sobrevivência do mais estiloso.";""
"battlevoice_chr025_543";"Ogre: Phew. That was a close one.";"Ogre: Fiuu. C'è mancato poco...";"Ogre: Ufa. Essa foi por pouco.";""
"battlevoice_chr025_548";"Ogre: Tch. This guy's still got some fight left in 'im...";"Ogre: Tsk. Questo qui non molla mai...";"Ogre: Tsc. Esse cara ainda tem fôlego pra lutar...";""
"battlevoice_chr025_553";"Ogre: You're making this harder than it has to be...";"Ogre: Stai rendendo le cose più difficili del necessario...";"Ogre: Você tá complicando isso mais do que precisa...";""
"battlevoice_chr025_554";"Ogre: Can't let my guard down for a second around you...";"Ogre: Con te non posso abbassare la guardia nemmeno un secondo...";"Ogre: Não dá pra baixar a guarda um segundo perto de você...";""
"battlevoice_chr025_565";"Ogre: Yeah, that's about what I expected.";"Ogre: Sì, come immaginavo.";"Ogre: É, foi mais ou menos o que eu esperava.";""
"battlevoice_chr025_566";"Ogre: Not bad. Nice moves.";"Ogre: Non male. Belle mosse.";"Ogre: Nada mal. Belos movimentos.";""
"battlevoice_chr025_567";"Ogre: You really know how to drag things out, y'know that?";"Ogre: Quanto la fai lunga... te l'hanno mai detto?";"Ogre: Você sabe mesmo enrolar as coisas, sabia?";""
"battlevoice_chr025_568";"Ogre: Not looking forward to what's ahead...";"Ogre: Uh, come non ne ho voglia...";"Ogre: Não tô nada ansioso pelo que vem pela frente...";""
"battlevoice_chr025_569";"Ogre: No bros allowed. Get lost.";"Ogre: Quelli come te qui non sono ammessi. Smamma.";"Ogre: Marmanjo não entra. Cai fora.";""
"battlevoice_chr025_570";"Ogre: That was... fairly elegant, don't you think?";"Ogre: È stato... piuttosto elegante, non trovi?";"Ogre: Isso foi... bem elegante, não acha?";""
"battlevoice_chr025_575";"Ogre: Sorry 'bout that. Not my classiest win.";"Ogre: Scusa. Non è stata una vittoria di gran classe.";"Ogre: Foi mal. Não foi a minha vitória mais elegante.";""
"battlevoice_chr025_576";"Ogre: So I'm the one who gets to walk away...";"Ogre: Quindi alla fine l'ho spuntata io...";"Ogre: Então sou eu quem sai andando...";""
"battlevoice_chr025_581";"Ogre: Whoops. Did I overdo it?";"Ogre: Uups. Ho esagerato?";"Ogre: Opa. Exagerei?";""
"battlevoice_chr025_582";"Ogre: Man, holding back's harder than it looks...";"Ogre: Cavoli, ""andarci piano"" è più difficile di quanto sembra...";"Ogre: Cara, se segurar é mais difícil do que parece...";""
"battlevoice_chr025_583";"Ogre: Did I just prove that I'm awesome?";"Ogre: Ho appena dimostrato di essere stupendo?";"Ogre: Acabei de provar que eu sou demais?";""
"battlevoice_chr025_588";"Ogre: Well? How do you like me now?";"Ogre: Allora? Adesso cosa ne pensi di me?";"Ogre: E aí? Que tal eu agora?";""
"battlevoice_chr025_589";"Ogre: Guess your judgement wasn't off after all.";"Ogre: Alla fine, il tuo giudizio non era così sbagliato.";"Ogre: Pelo jeito o seu julgamento não estava errado.";""
"battlevoice_chr025_594";"Ogre: Welp, this is how it goes when you know all each other's tricks.";"Ogre: Eh, va a finire così quando si conoscono i trucchi l'uno dell'altro.";"Ogre: Pois é, é nisso que dá quando um conhece todos os truques do outro.";""
"battlevoice_chr025_599";"Ogre: Well? Pretty amazing when I actually try, right?";"Ogre: Allora? Non sono male quando mi ci metto d'impegno, eh?";"Ogre: E aí? Impressionante quando eu me esforço de verdade, né?";""
"battlevoice_chr025_600";"Ogre: Crap. Maybe I went too easy on you.";"Ogre: Cavolo. Forse ci sono andato troppo piano con te.";"Ogre: Droga. Talvez eu tenha pegado leve demais com você.";""
"battlevoice_chr025_601";"Ogre: Damn... Hold still, would ya?";"Ogre: Maledizione... Non ti muovere, ok?";"Ogre: Droga... Fica parado, vai?";""
"battlevoice_chr023_139";"Kuon: Oh, a new challenger... Welcome.";"Kuon: Oh, e chi abbiamo qui? Ciao!";"Kuon: Oh, um novo desafiante... Bem-vindo.";""
"battlevoice_chr023_140";"Kuon: Why not show yourself?";"Kuon: Non vuoi mostrarmi chi sei?";"Kuon: Por que não se mostra?";""
"battlevoice_chr013_600";"Byakuya: Even if I'm alone... I'm not lonely.";"Byakuya: Anche se sono da solo... Non mi sento solo.";"Byakuya: Mesmo sozinho... eu não me sinto só.";""
"battlevoice_chr013_601";"Byakuya: So you're the one I've heard so much about... I see.";"Byakuya: Ah, sei tu allora, quella di cui ho tanto sentito parlare... Capisco.";"Byakuya: Então é de você que eu tanto ouvi falar... Entendi.";""
"battlevoice_chr013_602";"Byakuya: Looking for my sister? You're not getting past me.";"Byakuya: Stai cercando mia sorella? Beh, io non ti lascerò passare.";"Byakuya: Procurando a minha irmã? Por mim você não passa.";""
"battlevoice_chr013_606";"Byakuya: I'll stamp you out here and now.";"Byakuya: Ti distruggerò, qui e ora.";"Byakuya: Vou te esmagar aqui e agora.";""
"battlevoice_chr013_607";"Byakuya: I can't have you wandering around.";"Byakuya: Non posso permettere che tu te ne vada in giro.";"Byakuya: Não posso deixar você andando por aí.";""
"battlevoice_chr013_612";"Byakuya: There's just something about you that's irritating. Intensely so.";"Byakuya: C'è qualcosa in te che mi irrita. Profondamente.";"Byakuya: Tem alguma coisa em você que irrita. E muito.";""
"battlevoice_chr013_616";"Byakuya: Well, this won't do. I can't let you near my sister like this.";"Byakuya: No, così non va. Non posso permetterti di avvicinarti così a mia sorella.";"Byakuya: Ah, assim não dá. Não posso deixar você chegar perto da minha irmã.";""
"battlevoice_chr013_617";"Byakuya: Would you do me a favor and stop skulking around my sis?";"Byakuya: Mi faresti un favore e la smetteresti di perseguitare mia sorella?";"Byakuya: Me faz um favor e para de rondar a minha mana?";""
"battlevoice_chr013_618";"Byakuya: Make sure I never see you again, okay?";"Byakuya: E che non ti veda più qui in giro, ok?";"Byakuya: Cuida pra eu nunca mais te ver, tá?";""
"battlevoice_chr013_619";"Byakuya: You aren't necessary. Not while I'm around.";"Byakuya: Tu non sei necessario. Non se ci sono in giro io.";"Byakuya: Você não é necessário. Não enquanto eu estiver por perto.";""
